latitude,longitude,temperature,humidity,wind_speed,fire_event,NO2,PM2.5
18.861663446573512,79.41543008804582,23.077428646334447,49.973619498324275,10.949974664849556,0,18.635035498756178,10.57536807481124
35.57071488588757,81.72963412187562,21.651923368099112,69.73974180100754,2.7676799339806735,0,10.370865108405267,18.5503767015758
29.227824312530746,92.78187440286322,16.165386937600104,55.01334245250665,5.199595415548293,0,8.281556296966487,7.553827853768723
25.361096041714063,77.86012719573688,31.25433345355208,16.66420664894371,9.949209552867273,0,30.647911033275903,42.91588923449352
12.52454057283066,93.21984085955296,26.68184561780201,24.84641894268443,7.231340167867199,0,22.315064327575577,42.40314216697632
12.523841089749876,70.55589849832405,40.29953473134013,27.54625472247353,11.078565579523406,1,37.98400792527376,54.875921680591794
9.684424752877785,90.52715467905028,11.12383531687204,30.62914029158759,14.418118518342895,0,14.692425557370987,32.93500715008727
33.11910822747312,92.57888135858735,32.53537746442942,55.23227135604034,1.7482003157279624,0,19.100891521723394,22.19938528879125
25.432335340553056,73.27271193228282,36.703210747904635,50.31726238603148,10.643515745970914,0,23.43255318988193,36.09805303144719
28.53410475608532,80.48004943879381,36.582029921590745,26.252803069136714,3.455162334481718,1,44.99706817687101,47.31459646509006
8.59695033457827,72.79949346524602,41.01258884834338,15.404387476454966,6.217150911113539,1,43.39265776853098,70.66371136118771
36.12738571269784,88.49151974083232,35.516180999032294,23.714576357977446,0.49294088692709737,1,41.627977224497016,62.95581073428343
32.140836583212234,83.52508527378805,42.47335215766937,88.75050500948826,2.0386107343904842,0,15.2016631457073,23.262314751552413
14.157834209670009,86.42437705454131,21.6429809937312,47.48375598331778,4.796659335733495,0,13.533222264539942,21.239297246614928
13.272924049005919,73.69812204173013,27.612329586304007,79.387640376169,5.129787079319774,0,10.358576611334032,4.998337237318022
13.31873078574958,74.14062999952017,10.492788214901173,77.90019733350746,13.493778246931436,0,6.889941983284917,2.4011117890015155
16.823025045826594,69.20342243978729,10.243515555615193,50.9215645970299,11.127193638997726,0,10.777819483115627,23.549633724794013
23.2179365173349,77.33995852067616,18.4044317158032,66.53501667684348,14.582744522805616,0,10.374630499985097,15.338385459728329
20.526405540621358,84.23259517867658,13.528251899867984,25.420160833016983,8.986072655028607,0,15.611436045315557,17.077628300126847
16.445645065743214,92.88011250592254,19.107397877751374,65.07173639415267,3.6257059813697694,0,19.87647227665427,7.562650693050168
25.743733946949003,87.34089597630174,16.196515308493908,31.79076634106316,4.914825448824643,0,15.3192459003155,35.77366245463704
12.045321958909213,80.62649337859278,10.998200869352688,76.56496774033207,4.797538849379507,0,-5.809307190160666,9.388322690373982
16.472194807521326,95.64048331743,41.82564512421173,16.69793064871279,4.897414914948774,1,50.20436396858241,54.778213969862435
18.62449345551706,88.85811081669912,10.287809598611203,71.85109383082221,10.094462596677236,0,3.0144914518168098,-4.92857224638432
21.226029542294043,94.97479088301395,35.76287505179799,17.994952525489563,7.962118921356243,1,40.96774266351675,54.88444907868251
30.770102880397395,83.3000512248928,15.325176042183077,80.49513895154472,5.781362671299664,0,0.7862774335704872,-5.962460911237475
13.790539682592431,75.50822396900105,41.928036769986,34.3363614508003,2.236346530930749,0,40.0216830713321,40.33143605162248
22.912798713994736,69.53197390457694,41.247857885646,62.35146918644598,0.3320874441321886,0,23.69143957991262,46.96950465966333
25.180022496999232,89.05646069303167,32.886540122924,49.00018228962239,3.2825201638153887,0,24.49197148280071,18.95315862801124
9.347061968879935,71.51778694216048,33.52819524302118,39.30425162098712,1.612071059530219,0,25.78590025312579,33.09303685497436
25.618800705141712,76.78047871988704,10.1868699689391,61.635346654679715,11.781675462783591,0,7.953079055291618,20.64146934681033
12.945199586931455,83.44165632863303,44.47050481397607,85.80183844409903,1.6874693672082808,0,23.4878239265554,27.605182518846696
9.886496196573106,84.36808104561268,40.72414112515351,13.301579789969749,10.863423559602543,1,45.11732331944736,63.07266775551024
35.51768058034666,85.41691271262695,41.32871790055322,83.50822847064835,5.7848803466412395,0,8.327202681478454,20.36949866089521
36.00332895916222,72.82140458014132,33.07355879678052,58.726532401681084,1.1006758461566397,0,23.25909294902482,18.262153840423817
31.443523095377373,79.01238473982781,22.06754250290878,74.58514406152419,12.190950741473786,0,11.141736094209094,11.532877487096716
16.83379930602775,85.89863258639204,41.27770271816683,40.70999627474221,8.6944585535492,0,28.96575154108597,40.18670812068412
10.832491306185133,96.12474707437975,20.203092485291734,47.7474379870091,3.536422692953596,0,18.13108105428207,30.75867509929003
27.84275776885255,89.10130299329097,29.6949040169771,79.50806014409312,13.420217614990019,0,9.141312863789747,11.672488987945714
20.76442231844844,94.75550895572478,13.490584032035883,43.187837584785846,0.6788747080582719,0,13.892403654853487,19.49036948886295
11.539108810498586,90.10414969111113,42.26844705464626,52.7727653399268,3.0272941229664436,0,24.64389265604554,27.607467731520263
22.360130393226836,85.15979209787962,14.926966021992467,11.615593846746632,11.280703917087916,0,21.021363571617663,35.887218331280366
8.997267112341333,73.568677704954,17.871388200564255,22.687840467043383,10.640668954648337,0,28.075205875694127,37.134152885683946
34.37029166028468,87.33388390488288,29.534695534487525,61.334920637983984,4.33907540586717,0,9.305578438759564,27.594385159508185
15.504619466400491,86.07800741283731,36.74325500745435,67.35815208511016,0.9303731302917467,0,29.968592737258962,16.91138264233205
27.213146246265477,85.47160594326073,31.67729570777046,56.608074942759956,12.871171083374158,0,23.243036417089627,27.391189913753195
17.03962120659292,82.20379017165898,18.124686948005465,21.464802902048852,4.705464571048539,0,13.733024929876322,27.547703310232418
23.081972614156513,83.331041515689,10.033006488462162,45.63243428622678,2.9357012239239784,0,10.2059413109084,24.844180288156416
23.85459810095511,77.69883328642501,36.50027031076037,38.40758130905519,7.740927335414656,0,25.88513118314584,35.407940603419384
13.360779210240285,83.06006808662679,44.48225640688828,49.65290752280707,13.65340798923671,0,29.304689091312586,26.191597467322545
36.1179542051722,73.72912126467587,38.346959210713166,79.62632276432754,0.6531986676506302,0,10.338691422359723,19.61902748144275
30.478851877472323,91.35005752345093,26.107231635481536,72.06891509269215,11.487061320463315,0,11.593068006774212,20.046080928604226
35.24546930536148,73.38753168626252,41.63185414896873,16.719160111132716,8.587098419080634,1,45.19458205053131,64.99949088692775
33.94999316240182,70.46402240679453,24.34466855914225,81.22473582196514,6.3817367482772545,0,4.116821720114389,8.534334711135429
25.339099385521468,80.65113476435756,28.372692948521365,47.74137209198589,11.1612066615759,0,15.480173689308755,23.830153203220444
34.73435281567039,87.0909157456758,26.699541858848914,69.50897159087987,14.487366366624485,0,17.091102685672283,11.303605691443188
10.566282559505666,80.6937879230727,25.666835543293374,21.20313850114817,3.4380931674403654,0,17.98956352108927,34.15559858316961
13.68350301015521,76.02586982658795,37.1316769252867,63.65756205656385,2.154710476081794,0,21.857964526154454,20.82622856686585
9.311591378405604,84.18696433282278,28.43691175443222,28.906081408756634,13.693226178340456,0,29.534182988979737,42.29031639239788
17.434579592134668,78.0630677269538,21.085099270882562,45.070471771274526,10.034296161859556,0,15.928616412366846,18.314909118898413
19.27164140099498,95.05316301367236,19.035535868046743,11.349029606568353,6.56979032342949,0,26.374923250677845,37.737700914736116
15.869121921442982,94.7567090485036,11.321156093860168,22.12885103443808,8.598893553964245,0,24.83939773508557,28.3212805658252
32.03338776540595,82.56878277919077,30.41183066590661,17.366439449889583,11.18420857764366,0,26.471725944366145,47.92019475478251
18.34584647411409,77.5086358265295,18.048649539036198,29.179533835060674,11.595478480585758,0,17.262202474554275,36.78295421210605
16.147100780934043,89.37684000474253,15.18468727057341,18.00144720194578,13.798412712284469,0,19.714491069206424,36.782023084535034
23.738186411589204,69.06467536100894,32.88404873396872,65.35280212956495,6.40264183343434,0,22.66281172423128,26.059806791586155
12.086802524268116,81.76830117526589,33.84232402375421,12.32319217673755,4.4011636502909255,0,39.68567309327938,38.035594520899096
31.26371244186715,77.75337843383967,36.32542122901831,59.419240049999836,9.594964001847629,0,13.357487427191108,20.545466103243253
10.161968666713353,94.69554066797409,27.6251913718507,21.25662646604594,6.235918489192955,0,32.466811482669755,32.1526284983374
36.619721161415,68.3480877909078,41.29191118213603,85.61291657423175,8.91897680923467,0,19.056622150534913,25.793427076984322
30.395098309603064,84.03163139583212,42.77199636893798,84.64752584878835,6.299786976839253,0,23.759714482081623,22.317496979601895
13.762754764491,89.47924385093215,38.25798289273713,28.04024820167701,2.2949368001726174,1,42.642457146497364,62.81929114012041
8.16014139658447,82.0655216381972,32.24577187028655,59.15370385784236,7.041401274884376,0,18.155474176397682,32.705600719275566
31.64838142519019,70.47668787471893,20.630233375691603,12.240425557796675,10.363767329115491,0,32.36907245336509,32.40030650020155
28.498862971580895,96.20138031080916,44.403072256707745,84.54308344409392,11.989257115014748,0,20.333130052634523,23.04913026928738
29.14120787318863,83.02230250990684,19.594765851717842,51.83898465533677,7.399894151948202,0,25.470179600001522,20.930309898110863
30.366840053892428,85.81140108525133,17.09299226966509,13.45785211342232,2.478568353156014,0,29.302679725614986,32.57814068906062
10.147294900288621,74.86168369851771,25.4753939825304,37.39999944065099,6.220315644741474,0,22.28543704118948,26.58133663158486
18.395506127783904,82.02144446809731,11.989419974933597,16.147956948898738,11.794408932625474,0,15.279801000916322,39.02775772927806
11.360202726228762,80.44533526679133,44.24730626351268,41.43555514986879,6.192889059256093,0,26.788400700825115,40.3379637851686
33.02999935039222,70.17197941805753,30.59517447457487,63.594107372905846,10.447961904063336,0,9.039580135275596,23.01147525550096
26.07564567799918,71.07865025287654,29.493323208246135,47.59119264331517,7.608205225171346,0,19.393993630824202,23.04007314354144
17.596042720726828,92.28670306894446,32.9528697964902,40.69777397755636,3.6183468766409503,0,28.89744067114242,38.21909929976611
9.843192158294686,74.95477861399112,27.395827672202234,19.532563643237182,11.942257620346114,0,27.819789300727383,31.58871864016036
17.018487329754205,73.65378987346028,11.122223098308956,29.595123655492507,1.2632018110603056,0,21.79120079630709,28.019623098701143
17.430316338775665,82.64243208625403,31.430895109413886,18.01146301906809,7.873354241327259,0,31.999877316181582,45.02955737840724
29.158579171803858,90.29366680951287,35.066085693475074,74.59989853253286,3.133365513651074,0,13.137611838207631,18.312086657806915
26.48916666930118,69.79644903879066,24.586217121841862,20.819186238777803,1.0059844281206347,0,26.485478465137405,38.64762034587625
33.72916953471347,84.72742966950942,36.50534502249175,57.62986932391148,7.544009056248733,0,23.324195169347917,30.150946197241865
21.69423282969653,71.45710284237663,17.945045476844722,37.41923308710767,7.493432339023854,0,18.44286980460814,25.523809677592716
11.468233132210749,69.05737047394294,17.74468068731644,28.07827077241468,10.603513525135813,0,21.202280256193383,29.506107964440616
28.684098829466855,69.52957461270431,15.649594569065089,61.1574751593683,11.171260395778573,0,5.632304198788519,15.359239440046377
30.062766409890024,92.1907591380448,23.019816592620664,46.56018475015525,10.916872330393451,0,15.376971545052676,26.097197764214634
24.27703872951539,71.42120202521379,39.64542123861793,42.01163738276473,6.143380993751325,0,38.511523385252765,37.4042920094708
30.358048218682267,69.30938956795647,38.976922175217254,57.42816039137772,9.475346808398438,0,28.402345422313026,22.687839817094268
22.320072294567332,80.69909672714445,23.398847278722634,49.301410279200056,8.654178639659404,0,9.539796071552724,23.253267598514324
23.159252052077825,92.47581068631872,30.61915575930828,34.278736684124866,6.323426341753794,0,13.191112086884877,36.51463899031313
20.39868953239794,75.60984291818976,35.228571076622046,54.72490302122013,8.958190412789898,0,21.577776739188597,29.928202537260216
8.737154675578761,80.22966590825158,18.442237111980802,63.559886124055566,14.208718150593938,0,14.620517190903684,22.317639633332224
11.128851382805829,69.15775344434878,15.884938006316148,12.135452686948343,2.89340615522066,0,21.702124009962535,39.01738785550654
8.911446384915294,81.0232769099114,44.023359762430886,47.26973831261403,13.586581436782895,0,32.93905202842092,31.413253787040972
26.45590192664963,84.75077933847687,31.614505962336647,14.614662766683502,0.8018327097479755,0,31.721126976198697,41.95644871434782
17.116323451213475,84.5563045588122,44.349550264178234,24.912433125448885,4.62583819352491,1,43.88573879581958,59.465400334197064
22.74855004377638,77.64037407305659,21.821459549628017,54.84069872623785,4.322178729172924,0,18.239096037818562,21.12615683289138
34.31942774385669,77.15046223923093,34.6061094990946,79.29511322124645,9.395476618213586,0,10.85514181866202,19.024750612087278
15.229474645317374,71.09208494916133,17.79112727894332,80.62445433507878,1.9683742766593548,0,3.274695729929762,12.705546318013415
19.901104768033264,78.63715129874178,19.142005994586953,15.595520811090502,13.235214177596307,0,28.24318306461864,36.48829381430398
29.91098301774841,70.88534539731597,27.916574244436838,43.52840690293653,12.42827112697562,0,20.74278536600734,37.952396821947346
14.63514679925705,90.2312823966495,21.186634392782494,56.6405186403641,9.780987295279166,0,23.145042971170696,21.74279514316038
10.232417385034996,96.0219546346974,15.866754734420457,21.765592364027473,6.876207476882966,0,24.872826722282074,24.99968225268035
16.402792134499272,96.1321592433345,19.200824569626413,71.23457733958173,13.994340632131175,0,11.374108224602496,9.755699464765618
12.675417330366129,93.08706188188643,11.251193806305263,69.5388206749791,12.46119832080834,0,4.516427470333562,13.16171150891382
34.96123191793462,85.42297233084895,34.65482675171203,82.26728109654357,7.489727221218673,0,17.021002430440973,6.586805760869984
31.435491007368093,88.32510522007252,27.224082998005155,10.678880966675441,10.528100316814669,0,28.795338344991716,32.6417345088126
26.368708938802282,76.27096827773201,13.298507324158397,27.334739519120212,8.503949282695269,0,19.86072056234071,27.120089036723567
33.27235711544381,86.29234218500599,16.009289759497193,76.17493713962574,8.819133575823969,0,0.5706985028380736,15.792053829496183
31.30649023007432,81.21383693375645,13.58870883394254,63.64640406615483,4.964641041562069,0,12.897640158277781,21.84391169758773
13.41053170769504,81.97850285353104,31.440748289655676,81.55118829587926,6.931269069373451,0,12.708041142373018,14.724233426289299
33.88421095620936,89.97552025087958,13.297362726437283,14.574372362421322,1.171821461846163,0,32.18893497298163,39.57446949979503
23.64092501555387,76.1756323123203,36.399881656232566,57.75711725731543,5.3602303749688875,0,32.83429756927045,29.242957459195644
31.415764499757813,77.22314873914108,10.717882176213692,55.52372599149393,10.43742773043228,0,12.518420547824405,3.5013340334280265
33.98664769778131,94.81461194273047,18.72815257985622,12.85395330884259,14.298240457592794,0,25.85001685331485,36.038774469028105
17.222100774184053,69.6305045506782,41.173333656216755,51.08176615299868,14.445961691445305,0,20.53181442158093,29.938936860179723
11.191505811302626,82.08339465398687,35.148596134278606,58.76162490479394,8.335843036873374,0,24.469559611995244,34.01212388199377
14.610119713716308,94.47122321182799,12.55389165239907,25.30345393616858,9.09933377714373,0,19.737332464825105,27.2312265944906
20.386125870161433,85.70052722672655,38.73941365698129,31.866366649973035,2.7858177825145125,0,32.499971029271045,31.551709788304272
31.7224282117523,83.84580515215183,27.25622925390717,61.22778770381896,10.42962162140296,0,23.908715253089113,11.3646187944568
32.96118691443396,75.2425811976513,39.63740595090903,47.464075807996664,1.0598818901157936,0,21.45736378973878,34.64995354544559
8.20161178540453,77.954989182869,31.02589210576377,78.64109260546614,4.270285286991668,0,7.2990974288353625,0.21757592105386436
22.811671774749406,92.70940405833609,33.86415612115006,37.390541280735064,10.025450209281633,0,24.53278598450111,31.735120131600706
20.104919091314592,84.21732582128529,44.772554613849785,31.33277267105609,4.6546519731523395,0,37.092451254367184,45.94763598008733
14.441126503651176,82.92752361894662,18.131744107340637,88.78927522758742,0.7477031117168148,0,5.203425686466531,-2.0357791550180924
11.4760956526768,70.88781169266083,31.838095116648592,82.89086161040667,12.478056140264457,0,6.573346516723431,22.90442252416379
17.79083997070521,68.46481653719857,26.111248652008943,12.319419599918389,4.654950107018446,0,33.142562949541365,49.076027199492856
35.344381413463054,95.94687047192443,11.3808183522942,71.65828922452528,0.9465783728801763,0,-1.813141685676797,1.0482686523027471
17.3728850286019,78.9325988513184,10.506472452600276,18.826781906016237,1.1218224675429778,0,15.41649328275098,26.68686148977826
23.044928030557617,85.49317880088563,14.173000223625053,12.198815586349676,3.7763819818313045,0,22.849568849961674,40.58712595888546
28.38754980796016,70.31173712243127,32.71821091884918,31.89564127730791,2.6702392083228936,0,24.02325684635612,36.86351730060071
18.545258468999528,87.81031428596835,29.850708076968726,31.547670324888344,11.614501766702263,0,29.910350384272533,25.53000666953276
36.18168039890786,95.04443455247286,29.37003464073046,75.54550098775718,4.825260700005517,0,13.453259439043554,16.400572909384934
35.910971553321225,84.69429233692517,11.114986688489104,66.85337967542681,12.070436775597488,0,14.329285329752812,3.9571418868518657
15.301686578935561,71.65734434888691,26.425604872600246,88.52875418656114,2.6076899673472917,0,5.41824935355971,18.201246523916886
22.42020667087918,84.86992429673083,42.3617986244885,66.92103202494548,7.393187693161257,0,20.49357894955689,32.89019102498703
16.725470984686318,90.22406918003492,23.915715425872634,43.46044426048383,10.320557003296932,0,24.971637480099982,24.768952934470654
16.260374336946562,79.78607956064654,31.87228644259597,65.91421287561735,9.779862807987824,0,15.707275342993798,23.752722803020927
9.06972147328145,93.51529469030257,37.29365364681003,89.95672537491217,9.01694114895403,0,19.12983544946909,7.236650999313744
25.67736568541701,86.81180564736357,37.437384769966066,66.81135060500225,13.872324028967547,0,21.379428255404815,20.461448410075462
22.577691673636984,94.07821863038687,28.1748028838345,70.93450847842547,3.4278772156011654,0,1.0431165489628142,29.404032652777964
9.492883786249692,86.08165402617277,40.02831808908177,85.06920121522074,7.4057880669315805,0,20.38125075072199,20.36391293541843
16.08074746286173,71.8073511881399,23.698233267731144,19.092100904934668,13.259888251086132,0,30.685120427984213,43.09270023220437
34.339710693032956,76.98105962205048,41.104262517467944,66.38274347581815,1.1684064839273556,0,25.393971246541255,29.733551739009705
14.947294829342201,73.85205349932124,18.407950823844086,78.06447663739591,0.8383240237961287,0,-3.770259472023019,19.018952740554752
12.20195129064547,94.355968433789,19.807574244669986,86.35028801767145,3.499534313374371,0,0.6837509106783228,-6.647433388461129
22.194130048049328,90.051601951337,11.859221846965038,26.87754317693595,9.495318293070277,0,14.922823802617884,25.046992749271595
36.58386316920742,87.61555269839018,37.8453642789799,50.314320617939536,3.8981943967471033,0,19.622779116306127,44.09496184372685
15.019602873833513,76.72802326931703,24.596933268144696,64.44438781155854,2.8535982571319845,0,21.674762950074477,25.673618885187906
27.49193087477048,73.3372983894562,18.019081486898965,29.797418360106995,6.882034730374381,0,20.011476046299215,38.17008735962792
30.08696884453281,89.93708155167845,18.11265971658029,58.03782906002192,9.203971031541172,0,11.462176427137717,17.605112050343966
14.89148877577959,81.75058043049332,41.54899794302316,30.60630259983995,3.7283656052511063,0,34.352649743138485,38.92713281798424
29.11827410974393,74.54789701236824,39.18708101613629,36.67656164253178,4.510367800856131,0,31.43708035475552,31.65147273485357
18.665710848858346,85.88203736679299,29.373580987501416,45.32149572086921,9.203389572172709,0,4.4158782243607995,21.81705366252259
26.336869087213806,69.1696817120151,31.563878014550237,52.33520789972536,14.18607632984179,0,16.8495889516107,33.653667584299626
26.372361612065948,77.45893736971935,26.601394969260184,45.94926973001205,10.121125911571324,0,12.451973676670093,31.173606442497256
23.537465838167996,81.58815284314291,23.70832900075831,49.455641583034335,11.7435621537684,0,19.019002491242954,23.976726621928734
10.618403331577841,72.29079168917276,42.0416908426416,33.88710050306341,5.502151421332032,0,29.41025319873154,45.22750888832135
32.2237723720879,96.55497985013434,14.396444623210574,22.717207521810447,4.083815390766991,0,20.459997877568497,30.548146078566596
17.30262188418034,74.06382357309882,24.645637640067978,13.787998186147155,6.814016148039338,0,17.793820619737225,46.007707219378304
13.409036801595771,71.7802407712547,22.059666779575636,25.678297799333414,12.106992430675106,0,21.777082926535307,39.6332882323692
9.182479105088154,73.90251134271999,27.435275208790195,56.55549132046264,6.844494626858337,0,22.326641467420377,16.377849893695167
25.135895352459013,90.30277286163201,26.017115609081127,72.88923582425059,12.700881131847915,0,18.18903447277623,18.370096948036963
27.64936649342619,80.33966411888343,28.16113360778785,23.539807795431564,14.831579710426906,0,30.612941562967954,25.798689795141506
8.481047038907828,84.3970622528236,14.897164202944793,18.684428621811875,1.080399985955045,0,15.165927047688239,32.395672239676294
22.85069869067915,68.60926555260446,27.959952552964698,69.94322884394002,0.6811523412555553,0,19.29401663826096,23.02880995211391
14.5683774807402,68.99850794862613,18.484658486052382,34.41266644298317,2.243845543700427,0,22.53854058513132,18.12969310088603
26.710010921874044,80.92894094498347,16.451597214586695,86.1199551381882,5.765545136015193,0,1.8038668955141959,2.5077371252509097
13.05662644114475,91.68300205284709,12.269197657516692,67.14543764882984,1.9656331371814861,0,-4.134214038439326,10.570028175516695
28.037194404971512,93.6719274825194,36.69283955646493,36.14048377944247,13.059967164281339,0,32.27224939771231,39.1969146367157
19.215325042715584,70.51449046027356,24.9604672299796,33.1634198234964,0.34719376540595703,0,19.57037601802399,29.76068648601536
35.1651696733653,83.61252996092966,31.932528915911544,51.895870901704725,4.736890745037337,0,22.128332292718262,20.195151922032327
11.988107380233805,94.48366090209885,35.46576701566602,16.331573462256756,2.77041944241308,1,43.175380772339295,59.3687804110621
17.890924180457496,79.2512098775387,33.77608328597437,19.41412101162392,13.973089952362985,0,38.755780261691406,30.934296598348208
11.290732115977082,92.05740911142269,26.46752516813888,24.068630505295403,10.04221507335042,0,25.386338502493278,34.62457284199015
34.81611493007832,71.87717397758365,23.576448513310545,71.97788746436481,13.680453846770618,0,10.11929006691609,12.265098826361895
33.44284124804845,95.12644020036616,23.158596837423232,51.1085887415298,14.584930654655901,0,24.13979874864583,22.51186289176607
15.480307203739512,89.79127620840778,32.40170789255197,10.845369821955435,7.456473655160538,0,29.65613178093841,41.187622964419226
27.139537334991193,95.29869739082015,27.31780242296557,63.88132219776872,3.5147866207203937,0,18.566118809191057,10.284386707578447
31.69944380583526,87.62189977302269,39.719628679597875,43.89521429283977,2.9059317929488393,0,25.698171437554688,33.70928824649622
24.100823536384407,78.53871402798339,40.614569451434924,50.86818919710383,3.343782925287608,0,20.03411815656167,40.53720686728066
23.35986677232419,95.20725400321695,15.969613230228147,27.129299473034845,10.628899614330043,0,19.851821706807986,37.56027377684459
15.0137164361131,75.99143651296617,14.768177804100397,54.14257827152829,0.606685921845011,0,14.599840988631648,34.279215324883786
10.699980266371078,77.63300313979025,32.06403241125999,88.33225918011908,0.770416095490723,0,16.300887651476828,25.747068633492006
34.019256980646475,88.32344412205046,20.54290118217978,15.875575280460916,9.12214413574725,0,32.88224793368003,27.596945110446775
34.11212365773658,90.1941726862362,10.64997515677846,32.71339197315445,9.630857201061097,0,14.037149615315231,20.445565095896683
26.35994226092477,94.95270103162547,41.10249342770343,29.43980742886638,9.9789438648369,1,36.78305832503073,57.726073641211066
17.83186394041232,73.93926986263007,17.94152685353329,29.883944860094367,5.578207568828868,0,18.411885470850937,28.21241932844633
18.127077663767167,91.14194302135749,42.52482280900332,40.29650860523019,12.089173330712297,0,23.26580505628183,39.88302355258349
29.052714687236943,89.41783554851193,35.11020578073888,75.4487827795334,8.004368815899264,0,13.833537059426895,37.73975030746287
34.01619753862474,69.85004213135434,36.69287214690195,83.028695197151,1.5819844501412916,0,11.729501096206885,11.229884388733984
33.725506303688405,79.229471095096,17.051152352760614,26.177206996717864,11.956489606010178,0,24.309865098148776,24.76509065946913
30.616390829871094,76.20019825474286,18.196804896588453,53.43599503584902,14.296016794056875,0,2.0379280379676317,31.050466434237116
26.618917738474345,76.83022230626688,28.244371383842303,60.95191777323842,0.9005446950353801,0,12.168570629516429,18.253986319416043
10.440058984856416,96.50545950708633,16.023494842745176,51.7461979491076,5.870270080508699,0,8.860296514430734,21.67068227835407
12.6872327087438,86.6405449909179,20.69010924390613,44.72611153575357,7.3127406725212145,0,22.862857423267123,31.766222521119715
34.0580714672853,88.81260857601148,21.251186728173156,25.358040468739027,2.197061401174754,0,17.448959336459783,36.01298896653249
25.58644273012811,96.32191148213526,15.587047663846743,49.05754873593908,13.015634216743157,0,14.209546009386619,21.071568535649856
8.26671449688226,78.93885169127152,17.181399168830627,42.09718621690631,4.2622446733506605,0,15.320901647244513,30.040240402393742
10.942674743114932,91.25336488513138,37.59931447028898,73.64506900018156,11.745128099072401,0,21.921349169271934,16.850081186565966
27.24155130413362,80.60139793583036,15.851854909154394,71.08834873303962,10.06491723042474,0,9.578582157218047,7.601231545804776
8.146785931540341,93.21647648263442,10.996008714537288,20.719894496453655,8.970687337005351,0,19.888254667434445,32.059110549397055
12.663433491107462,73.2390686980278,32.027422992012845,17.081524205045405,2.882142730448316,0,28.115919861552463,27.89776929868978
23.913279891631,95.48289913486411,44.15940917873575,82.65231545820023,3.3105528082635853,0,8.022297436358429,33.3508060873742
28.064960733088103,74.34437954391551,21.59248351180925,52.840671117159815,0.7102260711985398,0,16.179468699193706,23.942968286606092
26.906876525575417,77.46039470244702,14.15294961186883,78.62407498260725,3.6106864467339954,0,6.1417013038016055,8.113362043546445
14.503809974356233,89.92957478909663,29.963556387863576,14.652089645312092,5.181654141907711,0,22.711813237964893,30.703707831105906
28.65319741907854,79.41889910539679,41.722397388347616,52.12124932173042,12.49717955793638,0,19.056353076011938,25.178674826518236
14.880223537407202,85.63812992622695,37.44216229399676,53.15412116609891,5.4958900007220794,0,24.03649466402709,28.413563259852456
17.436591246618764,80.89263153101342,31.78805539444506,78.856162603372,11.319326741484096,0,13.932887347250276,23.182377147387427
29.6482507484227,89.52872817560367,21.02697738126598,17.808799858376602,6.591634219432313,0,20.217612182659714,20.95635440001885
26.839354072369225,74.62160631868971,28.9658060646677,29.235645094072744,11.773024679908326,0,22.841885936271836,41.20377920661302
32.627478904331156,69.69528162986943,13.193569445648938,42.52306511096105,14.644074006555599,0,4.6574209966840225,18.386696354246375
27.070773876709957,76.69795252671892,33.763089849823444,79.26731803359537,3.597623370863702,0,19.98766903389928,16.986962387264356
24.480949496728677,81.75495128118447,35.37836066141778,85.11066520564536,12.935124179458143,0,5.656608732173025,18.957900906428172
10.716568267014683,72.87258151358768,43.776106801847156,89.41796956749023,9.32736129458662,0,17.773959486919267,22.383696919037085
18.66375828872357,78.28912140003527,19.113907556077507,86.73547891668173,12.259413923829822,0,3.361506622267334,1.7871528374176284
15.690868662770038,79.59950753051349,10.645974666505792,10.475340467548353,9.77378853401708,0,28.628353291112184,36.57181923216603
15.075699657993423,69.66436346695993,29.09629625495027,13.816667316309763,6.359242609112252,0,26.441877468708427,25.69532384717119
36.21730608782092,84.91591019734193,34.73766765388851,21.80854553260709,3.4211240916268553,0,31.132533718864064,38.96625017331668
19.39983401533605,93.64595941116734,37.66426165590458,37.90896774162185,1.0505283799674752,0,18.967305959278985,38.510742239132334
33.86935010013629,72.40054447563853,16.780862655868372,76.3934424789567,8.032775466910755,0,-4.220235600451591,7.096495395437017
26.303020153920624,85.33643238864391,19.16135041629583,81.41249562683844,14.854891417902984,0,8.138594439423757,-3.856560128719755
31.049527802707804,87.27743694241454,27.940682384355373,24.946752503566643,11.070627075213094,0,17.56118624575918,42.091900080509866
22.576475700050572,80.16070573215936,21.571028348950065,59.57313212957669,4.910183120985249,0,11.772486863429373,10.374649472649997
24.730212654164415,88.33183003356383,40.11790203056057,83.38895880522213,12.40807200130103,0,20.098740613578247,20.242559643549452
22.283013120747054,79.91121476123935,26.58160538085521,47.098538874505664,11.534760002646099,0,22.894665308549303,28.180789858184216
13.66204664614329,82.63448135134561,37.985252543570105,18.283485756222717,4.224536900301851,1,40.18465310517527,60.616547300010545
28.951111342583655,68.21323829207839,30.321691616882383,46.62509200677,0.21461234691352027,0,13.23080252436933,37.726054648468136
16.14239851078482,88.05988330990597,37.05815495659892,40.06359218304458,1.772439578009244,0,29.057474131663724,35.83661818078571
8.705163026512162,87.178937689397,21.643554528561335,56.21263968528056,13.159592854680863,0,20.669269272997408,23.493264675903156
26.718696581307867,69.113625442464,39.09958176756089,45.09269475256829,12.548445529573076,0,22.71079206468184,35.03134292745053
13.136209702804418,78.67925311445886,19.610031044285755,11.387674148297435,4.428135013175437,0,22.372148985618065,41.5016415564164
35.27329894623452,96.39192338295835,29.11345828011518,89.5198186730937,4.277931394266306,0,5.076273723784489,21.41461457816429
35.66392873307503,80.20136031448989,17.490248961085598,53.48321901844567,11.892974806537067,0,15.558202329044676,20.063654575578443
34.531067316393006,82.55641674882341,26.643428256916767,47.89046043876876,14.06606204843133,0,25.097164028902316,32.30282528172355
18.73460230740789,94.38797458663184,21.13613233280461,86.36938972032432,11.687058851963998,0,-1.5407848065976042,18.321226055728417
8.448241879337155,88.80059440010693,19.3346200723025,22.46882940696617,9.083680155461423,0,15.435252167438133,42.11353000941493
34.921238315044036,84.88003380260248,43.844475630981314,25.13900820361986,3.640070254977068,1,56.08051696406694,58.55405627186237
20.417340301202117,91.13633575889111,15.602593692035573,74.64117992502268,7.88621871142891,0,4.522328929060787,16.760110735428437
36.03298975226642,93.06662172722322,37.55640431100883,30.866486402000703,3.5026778788989694,0,30.782720213355756,41.92864614613537
35.94497933558833,81.24975408038074,44.44577358191252,73.93816850332215,12.120171301451604,0,16.58178203687142,34.912806731956046
32.737274208553444,81.77814258302323,10.696551930902723,31.722678632680203,5.804416192766059,0,18.28128392291088,27.7093017904102
16.539017870017986,79.19547713390324,34.46595949147333,12.655010418000119,12.505458254910394,0,38.23678099384424,47.54724805993727
19.167834129455834,96.03447806053535,18.85191319447005,51.36117791093728,5.724138269740879,0,15.51658408181849,23.8044813147316
32.68296347398885,88.21782137442017,11.417073851490656,25.73491473014891,12.36224107799837,0,26.69235289177283,28.34294411110735
17.190738149532052,70.41346892003409,24.101135263482078,70.62770343459769,4.999767227478629,0,9.228533651656273,18.26993110020574
12.915289653896682,93.02582907607754,42.73262335598063,61.29597065857185,6.601990569265047,0,21.663108115241876,30.00935922608627
24.147236611292154,81.93623828425177,10.411778302844919,83.88821343823342,9.232326290139863,0,1.1964568763395151,0.9297112221609569
35.14848845066265,69.99386328625214,30.57599921754236,72.63906858125887,1.0543142104487802,0,15.821087261924006,31.632196603630554
28.184864103574217,83.94180039973602,27.548876750836353,24.462076387258147,14.223105927231966,0,27.575551769553783,40.08719087337684
24.531773932591584,80.09776409029536,40.56844575298666,74.0126589331837,8.604086791857048,0,11.658350061762768,20.722869422898718
10.818118319352287,93.45473274101613,12.940060008221899,61.33896358512186,7.617300220362035,0,9.6309167595522,11.28652855087689
25.835209574275922,73.91584350467224,33.85341104603276,63.516131340849995,12.59090956679868,0,16.000998196744195,32.29940326541531
36.71156165302364,91.96747367527331,33.803839445164705,76.5810308776119,12.986440948452413,0,11.02272538892555,14.496584345433726
12.062436441859198,84.17297204437813,33.417800590179915,55.905925535115216,7.83390606793524,0,20.099532908321617,17.31411636738479
23.031559918548368,69.5836987931906,42.981707322726294,47.28028114824103,13.908934886904559,0,22.499155880244764,27.017767950125048
33.443819085910704,96.18351373843905,38.80806351524082,60.93128282869824,0.9710664911472094,0,15.44769028964478,16.809495776231678
29.482289914871927,82.8658420789928,11.469045418522711,33.83659431666872,1.6983868837682632,0,2.506199614241492,14.255085516594932
28.21345648886277,76.4354287727159,26.48789977465796,24.607770486967944,8.951823450216603,0,34.59780538378806,27.783570091401927
28.37203843562617,81.61279841768848,23.92835696704667,59.32702704569971,5.310987926903755,0,16.944726965328435,30.322865019205093
18.4252433853729,92.87787572200718,20.85515273817807,28.707869526838216,6.963377492837982,0,21.231394904506047,30.706689343556675
16.51416348367031,76.84219060716684,25.796785380393406,16.393208747728536,4.921188268457498,0,24.644313881444898,36.37794295518761
31.471473508876894,73.5876154981143,23.44679647240921,10.044334766820313,6.070879671674034,0,14.329936395926428,29.946452535587383
31.49328844569624,71.74306616099557,25.131686495753286,58.66555211200537,12.339695207194492,0,11.32353323316761,20.610906270350437
33.145097238823006,76.63792255331613,44.274165296302485,38.97190267841894,8.90214299781457,0,34.02484353044594,28.81444166846456
34.48397602413767,90.62139452416126,13.102154116235326,70.18487765387647,14.960168239252473,0,10.206485279924067,7.201421209186053
22.828929566967197,81.67716459066258,42.278080444355545,40.01411186504819,11.803187967314445,0,32.34626663067982,53.812664249499775
22.54397254592879,74.59696650711265,26.808284971485936,48.88027585905814,4.1049938115274,0,19.53201950678787,31.17948569021286
31.15056019003648,72.81936498868272,31.83097859248394,42.56679782523079,3.965176765900443,0,29.66482067832963,30.60328090291633
26.848953992555188,77.649154818801,39.056403831619285,62.04598328874769,5.038474051755107,0,19.271720818742637,33.502314221316986
28.357039440473397,95.25780681368556,22.61620602022394,38.49113296119746,12.648892209716141,0,25.18670770242454,24.522468180762402
31.07798741364693,77.9477746651107,25.06476678307884,87.10141199538471,0.40931475975848397,0,4.4790475743229425,4.593551071539103
33.81015491270942,96.65559820268443,24.33314680975499,84.8917589278824,3.452719183068866,0,2.2933391821239635,22.57209192142993
17.801859548694537,82.07168321719533,23.115585788751595,77.8422322125825,13.573776305164005,0,3.176558328488441,4.736536010776041
18.891905626558376,73.19575363041437,42.39352625764133,83.62402164581985,9.59844654124878,0,10.787074529209942,19.507658446515396
10.725476255385201,93.84306266201177,39.01254619175542,45.93117507675128,3.4027064325158465,0,29.02226071686475,37.177290660897306
24.770124088889045,81.35030582090998,13.814999645204164,52.91443174315937,3.287174523488705,0,7.319442444168881,10.569587649556613
9.04232594010552,88.58046896163121,13.784317336698361,69.36740740465956,12.939271526391458,0,0.9167922217765945,15.077862115575059
21.502342525841343,96.5276359130654,24.97543301985469,65.69167399508329,13.406362624155697,0,16.348890409709156,16.562428541383724
23.736694406519725,69.45508515927925,13.453008185648317,81.25428764843767,3.8419663644317295,0,3.990069750654021,10.21746214498192
16.30969631172025,70.80414223383944,31.668258334489188,67.30648218053562,6.307655371147984,0,20.455144427312923,26.180251386732884
25.13416455650131,88.89324550241993,15.029206254160687,89.83077665827685,12.518936079424757,0,3.1283676859612797,1.3841281748048695
8.884507248232433,76.17292509556869,28.283064238838037,37.88046398652728,11.565111579148281,0,19.011835022474276,43.79226365682881
9.083097473727218,73.34474051155287,10.252698145130122,76.63981937915344,12.208741598491267,0,2.5149153411619682,0.8383405113826052
31.855416259130088,69.14149451477215,21.080872194442634,65.81078582661314,7.775972861819532,0,11.42286530308576,25.766302279861485
18.44552860092662,68.63355464759985,33.70167532854294,65.31091561720149,13.673235724577598,0,12.66176968674101,32.32117164864145
11.684754866904658,90.46008249047394,26.941362907974696,36.06684758759991,4.889273159316529,0,17.12750230723741,44.13425416336793
23.145054541589325,71.89856939371695,44.23943200996458,72.84814339384181,2.3500820152127706,0,16.86166494124123,28.62279412384317
30.329813039859715,81.56389786316338,40.59363286231738,82.03008178780793,10.630984988472973,0,25.870703678176714,16.024047018771324
14.258809797408453,85.57100764020501,22.567477266510295,27.483876921645034,8.090316240103446,0,20.974855085653893,47.08451168855498
26.063823798751006,80.42220221649654,11.592028951529612,60.03974696933633,12.818786532142216,0,13.948424341897482,10.596408307348684
10.475076484819272,68.78609291775076,39.59692050402566,41.37078632822202,1.2173887368707241,0,25.04392180614723,31.51503976218784
9.498769913889623,90.72154357504935,41.8932008610135,89.16384954359016,12.655386051571003,0,18.64163966512966,18.14187347783834
23.40928431547629,68.30488351170796,38.72195876966629,48.306625266534525,4.399419798132333,0,29.38145008266202,27.038690142086423
23.67841852669309,90.09480693694704,14.47824793219177,28.265613903755415,9.822835007522745,0,23.522392334729485,31.063744973676314
26.48546714344799,93.90583031985555,44.92702970443007,40.548610017746604,0.6019318361738368,0,32.23806855693584,36.497095143249815
29.056648677957185,80.552357710658,19.050447754347083,62.3070711853301,9.14371944455401,0,17.719935415480265,14.4950509891421
36.29971030441351,83.53073171983615,35.34717194829295,16.087149707966102,10.759075337810039,1,44.739210908520285,66.54789531744407
22.972710100734666,81.83251838591195,41.781220671750255,58.28815361769901,5.531253217584304,0,31.971812897266823,36.11932342720388
17.365737715296135,79.28704994007973,18.249049001574832,84.49798073431184,3.2311605789321036,0,-4.324468735448303,7.259329115207775
31.060399648292407,93.73531152574044,41.78904941369731,78.02902301262803,8.064460149053176,0,19.227249041394337,25.057935144396048
15.854135286600153,93.92407180942972,20.831855271820345,15.41388293263867,12.497862066534697,0,27.208380718796906,36.419348004457525
20.730171200463445,77.7386745746045,44.17446278344197,89.47119029912545,4.8532103744497626,0,10.563275072955893,17.698116085493442
10.275235058925713,85.83702286642624,19.84410071331661,65.89815389631033,3.7870394628191932,0,13.050525296583894,15.529512243531324
8.735171559048268,94.88031930223006,43.37025386652423,22.982465945121895,4.184029629565315,1,37.33997377184246,65.26505732031639
35.91680402565983,95.89969646929919,11.874062781243621,10.99328713355388,14.236982293749966,0,19.368123621754002,31.84398791247274
32.24342349485397,82.75981217223938,34.824520408443455,23.702610903372108,5.389153736468395,0,20.30603786872105,44.35204129532915
28.18325197671724,81.13191935324548,28.62388968429513,77.05407365485908,0.05406359832430763,0,18.988855330503917,10.496022899672118
19.859635388013828,76.08213516192725,26.725697699295573,11.7311459956131,11.725218119394295,0,28.685757581237382,37.11570466331217
13.025535282054527,95.8072843225219,17.8223009989544,28.651784289446923,10.489121930030853,0,31.15003538672468,24.09242336067604
12.536674237461495,72.14161482971315,34.695852642177215,70.58444762679002,1.9285239690445333,0,20.187341665649075,18.627812932043472
15.257044046773265,84.81505770538402,16.678332200620748,56.88884287185081,14.773563737023688,0,13.51300430551025,26.26172949857476
23.927573276477496,76.19395775804053,29.34946285946689,72.61885682881535,9.120934279576668,0,9.95793590968384,23.644406535926514
28.72328175830181,76.09124042008611,18.86358770640878,69.69204030614304,7.511692364109022,0,3.2924315829243795,5.902874670597629
27.145723924814206,79.74408903390946,43.446748292347465,14.048110969744378,5.733289014343366,1,50.12379872473514,68.51129266236991
16.11808301143234,96.96499513865399,11.002091784247849,81.40091352753213,13.480091333454569,0,0.7232017874993792,1.3068134709958668
35.69109313923263,69.59402289835484,16.99048980389328,28.162546742581497,3.6594522212784493,0,13.350129301745689,24.15258308700241
29.399010584177287,84.77771272790241,18.48087122356067,54.2713952183811,4.286533503298528,0,5.374724963724413,8.979788386726412
24.07626752283062,70.39459258302304,24.492373901873577,61.543052522222304,1.8361621002985036,0,8.98975254855218,26.881634188976932
25.739901640796216,72.48110406972505,18.145558465451874,23.49025687080763,11.3867864337639,0,31.130538297814795,21.944190283278104
20.168401810405907,80.74732531141406,27.197218159407484,88.09850053607795,8.9332392060878,0,18.235448508936877,10.715188435144194
15.184198695533567,82.8033438090468,40.53629331404886,49.052476486984716,9.135992538817474,0,26.577349447473566,28.076606673561347
18.323207680886586,75.5049798425712,34.92221974932097,14.611415647791475,3.2770564652919543,0,33.82239916152949,50.53967321996547
29.977537203466703,77.17725679535806,30.298669318728887,84.98096358222723,9.767525836906257,0,7.973443725548666,11.846353374148784
8.41741117026292,70.52204358742206,13.115111229393788,56.901427455461445,11.48187670870296,0,4.814700636510953,14.167257166809282
11.36610657470057,76.79337373148327,34.289723793624646,65.93545583851011,5.368327960885339,0,24.24012043329551,23.49451210026051
9.33407661863083,96.03019474203577,15.824499950882895,52.01406319473793,12.020207159425684,0,21.67591298650575,20.807067037185046
9.181135267250134,95.39651406850197,37.522858508659425,76.7790363821574,5.231858827980314,0,11.260622910486067,21.89313390021586
32.808356936319214,77.71147041397256,18.75198654785536,12.650676975456872,11.372076922639314,0,25.16659828916761,35.88800881580265
28.406077922020685,84.55476415208409,24.596705491231532,31.470269222171822,0.5059516118657847,0,20.607940475413383,28.54110177908674
21.75104104353243,94.37826634221739,22.266457081127477,47.571868512215374,8.26746902210479,0,14.760472612574244,13.308021230395681
10.837190658879043,68.179330856586,40.05848701361999,16.128289305096803,14.5428984095983,1,51.12029799243026,54.75391976934028
22.25686037838814,91.50982353979016,14.429056054969285,66.47253354613267,14.71866901023586,0,0.7129602368142365,17.097778385293022
21.730681352636402,95.50271703087864,29.7975708834676,41.49307312445126,4.226288675126109,0,24.783211959079956,29.14057703701597
13.02285422739044,70.64844629567315,14.972156330507179,31.813439221451524,6.620986366205332,0,21.583236935347458,21.60984966566634
20.581697827901216,72.68198289495471,34.667854264626534,10.270307744672982,0.9446686197994958,0,33.54207894090227,36.85249244998042
19.556637297523828,95.86164278036931,41.67773447280684,67.5864249399963,13.100119614068996,0,25.028278889338388,15.934540727053117
25.859652843514276,83.58866416557004,25.21126788535387,76.70474470982894,8.528582297103211,0,10.332469732415499,9.522414686383353
26.41771587516167,68.41170239967998,27.083229109274157,41.60324285451988,5.776510184107756,0,27.146291304061677,35.825010302073345
9.313816283389292,75.47132796414235,42.45979927689668,55.13743816266924,1.6915583773372962,0,17.0776416650183,29.52141294571408
18.863765824167665,81.04836655379692,28.234698602727498,28.214930074367874,14.201509282453337,0,23.908993974019033,38.458245808579484
26.149937555712857,88.09435841971826,27.065945331734632,59.77581170241065,7.953285717314905,0,15.24116344088895,18.10782371229081
22.59095149882254,89.26165096596719,30.241518594650646,10.970996665216042,4.243918936243558,0,18.468423375403763,48.22857936290591
32.83820539446135,96.86722387483823,34.12304077270332,49.09151176790068,5.253226951972643,0,16.904303188088782,28.374964143801037
27.102115316949405,76.33782478212902,13.740918128046099,61.53643854725538,4.060457713832215,0,4.341531228052506,5.006785739072033
12.725098385361461,83.60838295418579,38.738868470953065,83.45534185837872,9.02714713285471,0,19.073861652079668,17.978512863924244
10.046493674612465,83.46638288792855,25.242675960864073,40.506865369782744,13.949453636707648,0,16.935061637924214,41.78086235656819
26.630159067983154,79.76371252396989,12.532197846411993,71.21521623848238,12.850407049898466,0,0.811139115131394,21.562422421310227
8.768828005707032,72.90569492143018,37.51639342193746,57.81496239548006,6.905713131389662,0,25.501136895605676,32.789584214426
24.987491856930436,96.34624033233143,23.193249009019524,84.16096903400644,12.397490434515118,0,-1.741219434642442,9.29215008391322
35.26667700132377,92.746198413331,13.512862328326888,41.87021405275445,6.346582219144948,0,3.839146611119249,23.48694439055994
24.68875115840049,82.45165782053287,32.18226638401377,35.52762718983904,3.7846071113795703,0,23.62488353470844,37.31627532560567
19.256927859989133,85.49411725783686,40.80459737017746,80.9713598955315,14.751226728996418,0,8.872356876037502,21.81500719732416
26.655358334828243,74.59057055323021,41.07137282948952,13.93955211266313,4.558313519562327,1,39.30542430764758,67.15361099208678
21.28933382425398,83.76982504136066,43.51822161831406,20.910831434694146,4.855863464803626,1,48.3530303371887,64.20418843218572
23.822886890162113,88.15413386052279,40.369691091834085,16.592354766723556,14.845393016797834,1,49.587008305462874,60.37306605086083
35.30247945451923,82.93984382321108,10.074932177091632,77.4487965261122,2.0089123974848233,0,5.7471482099727815,-3.3013568998754046
19.196976496222455,96.71826994696329,23.308440824468658,10.848593869625551,11.408009820145427,0,33.94352555288283,36.425212251289814
35.87452635089351,85.72890803118406,38.6489902966926,78.93257243976385,14.037191377240898,0,21.850395016491156,27.2129971456252
34.25516861672585,78.7582376651729,22.818855209946598,46.101423629701344,7.67692491413128,0,6.936049471928243,25.03050810261987
13.677942908889596,90.3924088008593,31.054197723289715,10.32202230831766,0.037826425542300535,0,34.68255196879689,46.6057179517593
10.011477725379798,72.94341283586762,31.22109315810862,42.131614176963346,5.625884161696594,0,20.323021328117512,29.898901530148947
10.922562039945372,79.15095859748173,22.775885641358805,24.94406728360285,1.6735348857724064,0,20.16760140564637,26.270721936299765
8.528432943894941,78.06180956095,41.65658745484507,59.952038997773045,6.242814914005436,0,25.64475518913415,29.34272886969506
10.738845861921924,80.52240575812554,27.612992088514115,64.34870319373172,11.85040142463427,0,5.8504076866587855,13.671122670370321
27.80719642907435,90.67161495193307,26.267447207812527,49.002205632399985,6.5806732332570075,0,9.677518884824668,18.555561856502663
10.064470805346641,82.04101793273881,44.912981098166355,13.241562035173597,6.478876820188838,1,51.65188565893968,75.09062010691623
17.250293278519077,91.02641905771291,27.272512742541583,62.49030434937615,8.3518421537827,0,17.328095154012434,18.426783871234967
32.50138401811418,84.71817819105611,16.243938817500336,77.3631026884417,8.725358771215204,0,5.596701881575209,3.610729136903281
8.67488613633895,77.9200136050691,27.957429800220332,67.62594218611213,12.84444463198457,0,9.29136522066084,31.04979879635369
31.619585995079138,91.4893835668207,38.490585743197556,76.39663351642548,4.625331588434272,0,20.045450989581756,28.24059328717803
16.173788468428597,74.91040044603966,37.19011144143985,26.040761884070996,12.32506896552024,1,44.18434161580101,54.29719753272264
11.426780001028032,74.50710641419407,37.60036177879648,81.11103517251861,8.48900623038071,0,14.893392912879929,23.109257277137026
28.20537779556037,82.63058479759025,34.78083243992691,35.775476051837025,4.507943245757204,0,20.77116819806349,34.90779081539641
26.239342556616634,75.56462813290058,18.89762401733409,11.072385140159282,4.426890660091157,0,24.00085473797173,32.06086259937954
33.446688392284535,68.26352401358527,40.1729430044081,77.47133170632566,5.417062756585867,0,21.034240377928565,26.438071691509627
29.317060270312687,86.80062829166525,41.27052128816928,85.34570151717814,9.340398639299632,0,21.66750630294013,18.35391896878889
31.30094698116061,82.82172082269955,16.795344381649215,62.4446557933879,3.462175970399237,0,8.031592435926594,15.627830374630191
16.179002604567888,80.92001662030168,14.565947279298786,28.51493043707397,13.805003425084012,0,17.480129669485887,34.483138837047385
13.14574676961196,96.04208692393115,44.14617390061892,30.13955714260243,8.623688762668506,0,32.22277426740342,50.81037320989802
29.767827797584893,84.56477633492449,40.39133872776287,47.32742987484956,13.800236654940102,0,27.37190544598143,31.453178243725368
31.398207438750656,93.03951575589215,41.26326515234814,81.82648636811356,0.6960653786873205,0,13.17835016543988,25.429585760173055
36.72464911801953,72.04405684994964,41.02317346185383,21.967812491804672,5.1391705569221005,1,29.450317695527595,52.93178535737013
19.96591263043137,84.5069874307534,28.959038841180494,76.07789356667895,0.34211491031434615,0,17.61999635882205,20.097165007246645
18.788524487990713,93.17140917519619,32.624060783302994,33.30422469641203,4.083777226469547,0,35.29420771854063,37.29221373202472
30.51597586151791,84.91006696111704,29.087699824677458,74.68689355432784,12.930097084028823,0,9.075782548011816,20.230718009619352
17.883302667337517,88.82241116568304,11.792222221661518,83.62169580812309,0.5491457376330128,0,-4.523664476200038,1.5445417272380437
34.99196244250338,78.78926346655402,36.092607987347044,44.19950975954562,6.5422064987361725,0,24.100948453858724,48.5642598041574
32.89396980344734,70.68103599407493,27.68662116675581,39.204052328442465,1.7635060570984167,0,21.144575466201303,24.6212538153343
20.44082679387553,81.27910855868507,32.66981761765804,74.17770551770414,6.252609888905516,0,19.059190039332577,26.731670340292393
29.775260965953425,79.43990233432687,27.592393174143734,52.358630590351524,12.58277376396566,0,18.361804618191602,18.390095429967303
29.88174334845579,93.14474528898947,27.21339628128596,64.75592387705576,9.346065501037787,0,10.216806825670332,23.95607744035452
10.990592196242046,75.0758637682217,16.012618831721838,59.82633895689436,11.051345179971348,0,3.466360476002368,19.70756555703784
34.174034293707436,96.03529259851814,19.754980029940214,22.231107651583706,5.2365617317437145,0,27.536328643593365,33.345376058266645
22.652318800987857,95.78600547433038,15.559844218038453,77.58322882316493,14.165965425152121,0,7.502509667890994,4.835344127751171
31.967266517124507,75.18131764907173,16.848320346886986,25.662008913050897,10.638931406692501,0,26.02835688998732,30.832132878128924
17.281438429887743,78.0935067088423,44.05420831471067,84.58257152566246,6.3269822892679635,0,11.811398946051131,24.46856871257264
33.970173626389816,93.97111648534266,15.358970602026945,30.045703313771828,6.396972003405824,0,27.85795880452357,39.72665643985141
19.286848683290728,96.03204440598712,19.42446485068227,68.71047786189935,13.780262669149463,0,0.3806165314851455,8.064105768547545
8.314291892928653,80.85973398224527,30.670638020850475,32.772431479487366,8.646070401530878,0,29.05159467358643,31.402015746517325
34.256077316158645,77.30891432358604,31.356250168282465,35.42283268694911,10.595688148545626,0,15.50336144207199,36.63776592567519
10.647313626797873,83.25672638429472,15.389094541034018,34.800148222584426,6.255528367697561,0,13.302845895249341,23.521020902819874
17.260095490122033,87.9453069846063,37.78010990248243,69.83138032208666,3.355391471470712,0,25.74575550685501,24.035226548540592
35.551797044473346,75.93076094587441,37.48210037694888,54.54520943755145,10.85338937991628,0,26.534308629588953,38.16363929869506
35.567607261189124,89.3577220639531,18.30611964713619,80.63619646779978,9.117356582120818,0,2.2310988057922505,-11.012672322842846
24.629698755575298,69.4980633563246,20.103320593641115,34.58981753632359,7.52014320637169,0,17.08052982181504,24.040419926530554
26.32327915292418,69.42954029016808,42.82957529108239,65.35940176453954,9.360314099916957,0,22.310077670356545,17.35739988507487
21.004920137371272,79.2023434492208,38.89850060928173,70.23588797304885,3.1242837909635046,0,20.94918886652983,16.874030118021004
16.503112379243873,78.2507225697609,34.42289615718833,22.118569042396654,11.909080597979344,0,36.833774279288654,58.63868152186162
17.531271815727564,77.15336324564741,12.878162752871019,42.04714858558489,14.222442075304587,0,11.54376677771757,25.095215155157945
27.503035226234115,82.2395731173984,24.639242831590153,48.62539954803289,13.366547162515541,0,9.673076233949203,31.994340355147667
29.81886135369272,77.30127388703556,29.575565522688947,38.454991191549944,4.821536179605257,0,24.036128539123293,31.79963528848838
30.955792268049606,73.57547963557467,16.559395079432193,35.76900767753105,6.090086599231138,0,15.261841048914809,30.93903075047026
30.89892614104206,76.97461692356943,25.687930373787857,64.91359151981135,12.126034496963417,0,6.866719207208283,7.081370063706428
10.64497698841202,96.27222391149681,31.03590571210415,27.269311812759085,8.926756962369057,0,28.825503888788322,44.98190758454606
22.33818883637486,79.9222890928506,21.458183804038974,66.75125962009031,8.218716655149738,0,9.63814524552845,10.435497604467962
9.669204040482684,80.89667052889173,37.333068663267056,84.80353571125845,13.899629513001678,0,14.758034650604966,14.759216178175459
23.93633758738833,84.71980470858306,39.41573535735819,55.21580169422009,8.040374414655762,0,18.670906169477163,35.09917802990944
20.804384539827936,96.51688228401257,21.326331430192475,58.91473893915793,7.724080193809648,0,15.422296684976352,21.445030592527814
33.74342129999069,75.00643701663712,39.353000407235996,15.514616169927127,0.6302788689953948,1,38.43662436886497,62.99829411512559
18.176535364010284,87.75718120544059,13.625179813605525,79.15815228942625,1.0412543788520645,0,-1.073512728508029,-3.029826102669425
11.39494347640057,88.76355611271,39.32051845179297,32.835822975989245,0.11130461820975268,0,28.594941177663323,41.15667756243158
12.14675877953224,85.61240808699891,15.34626510836658,59.20409324228519,13.698663386754504,0,18.620996656296306,22.25005124248847
30.083808319806696,70.56877184946268,12.902450337840412,88.32897357958419,6.125799900265509,0,3.8766599377874207,-1.3175289018279863
25.92832383617157,87.62929599899972,32.462139155435395,57.64020804582462,7.028420642001188,0,24.324969685309263,35.62575959231346
10.932557607560916,69.85874662004909,26.5178078014353,67.9767589971502,12.68080421388693,0,19.95126136828831,12.611137530603031
10.439097377334924,85.28813683694702,41.77617101444915,45.62556945790015,9.13869465563667,0,45.214575348908895,36.86131006753804
28.32810481231448,89.44785413943053,22.711621863179722,14.829267481204589,9.142523945858716,0,27.114976025020656,48.44256025906228
10.110127184561613,74.11812682797856,20.050329220317003,73.80794795918308,4.448016440322187,0,14.984784838052857,7.737218959619698
31.83394171942033,92.40703821874044,27.52572171504694,12.799907301118854,12.508625608867789,0,34.98606493919752,48.773368492220136
28.48102458753839,68.88026036045713,25.958116501903145,66.05262631102832,2.487449640592407,0,18.143432874180707,32.97638591228323
10.359114638615093,92.47057304609088,22.05498161760159,11.833725851970955,0.7972438825942185,0,36.34857114341041,39.69680711224163
10.460293708470566,81.34954246864018,34.2809454544415,78.98441892613364,2.8740503627779845,0,11.34858189445828,15.285680790528293
36.612547776534086,74.3100502580177,36.58466418698679,22.61088286663845,4.01605828161847,1,39.01564211381997,52.497273744886535
18.85385307692749,71.87956620482507,39.85443891605478,51.14171963540409,4.234665867813101,0,26.18353113481548,42.5881944189025
18.748622264939836,95.64590785988881,44.049981164862,57.77205635865179,10.057703979281513,0,23.77987481522603,42.25802555083402
31.571187450467576,70.10730203985355,19.332966724637657,46.603632589872966,3.2673688099296525,0,17.277897850347806,33.10349085891414
35.4702087441319,73.77370917814184,35.06327188714865,37.261079147910976,10.149874567424767,0,34.16705612446609,35.90366301853317
36.594030850863255,78.08684807555834,23.79903824235108,47.42514369447774,1.366982598506996,0,15.281242399300826,32.57401405830928
29.847967372509306,85.9868106198725,33.697869018288785,34.913260310492696,2.208036916468635,0,24.851561603027932,35.91154154889371
18.911527980396556,83.79923147300686,26.65935916222271,45.04978776646905,7.632321727364925,0,20.686298268803526,21.794314539487488
10.421520784261395,71.6436612799571,44.782058596877604,38.71303927984245,13.82843703864964,0,29.63552538436022,49.25325694197605
30.537260561895668,76.40211152840823,35.511574752676246,55.29638588057162,12.89351383216671,0,11.596842472099198,40.62548244732453
24.193723242338347,74.9238013614947,43.33719551520136,29.033932979598678,14.531301636642047,1,40.05777965022638,52.2445303078121
20.302438268162312,74.1927427802199,39.2239342318415,89.092524393121,9.757185979172563,0,16.32107600917197,10.621334041551805
34.28427716774735,79.92318575791963,41.601535390717984,50.06959627057324,10.13722299624138,0,32.96762256885025,35.212956265812366
11.22472698687839,88.41691212515805,38.50467190251362,25.53296619316077,9.375344983972381,1,35.819353255619944,64.58251690443086
22.286128024434916,74.30613503429984,26.070569563156898,48.1653399653818,9.342283842872959,0,12.789270795809692,18.439471395463748
8.329255698255153,78.63368751138646,18.812595867140953,79.31321036198594,2.20680517601377,0,5.763503838561377,11.151383534181537
21.591158617829663,79.3366053783937,22.961206140768276,11.744543449951648,8.15608434245893,0,17.57926471100946,34.945917626062034
9.632794994773283,96.31723935362689,10.708268142398266,64.36432952858311,5.7910190017758865,0,3.819984197688563,15.585032772780725
11.445719571774086,95.685324349493,28.33976086126335,53.83742374351424,6.638058236659401,0,9.338443009820438,19.883679268881075
11.408261156536042,91.20398989981021,27.677023009464303,23.564639549610842,7.85400859588856,0,33.61442613906123,42.5829789877535
26.827098761365843,75.00810870375636,28.383766269067088,75.39811514439366,1.9259425770337741,0,7.725792819463422,15.763510027958826
29.635301498697274,69.97308210865842,44.09109287402224,39.51076978992045,5.3923160077817975,0,38.45648643173012,34.09036414267786
24.91769418781763,77.19021999389813,41.90089012091937,33.5041623052406,0.9517434131490538,0,36.4668031361792,42.1846988384436
35.903003905761715,75.7370419335811,15.65994724155378,76.25001534855208,14.695021956335987,0,1.7233825277241817,-4.66985099590703
18.87124680618742,82.67184820424542,22.910888254456122,61.08200369533317,1.777920432301892,0,7.771044834397725,15.400069469805825
16.28565050217396,90.554109391966,24.838466281214167,81.86072669398595,3.8778710781743175,0,6.893286386573356,14.52059658340675
33.189374717494346,92.89136522748689,22.61865212480767,60.39069629369595,13.369393900550959,0,12.668884053004033,7.012629304182953
14.484279317064127,92.50105847690475,37.947358726136954,69.26541263456923,7.240650693587128,0,19.92479029245972,7.064292210116598
35.933453643777725,78.43059127546897,28.34131844536554,76.91567170076902,2.0345580228094544,0,7.213241264801171,-0.13704885178045956
8.352479766004674,87.9297959603598,30.023493594006876,14.379170872794953,5.763458070590234,0,34.429969902775966,51.55232769578873
36.12648597452153,77.07219172820238,39.85547456457739,72.08391670955042,1.7380199128707874,0,19.62920254442307,24.54240496558716
9.251637446566708,69.7662607538203,38.20748536953755,59.09651854796614,3.0032399562675267,0,19.67281133679961,25.558626044485766
33.843150297244065,88.34539270248533,14.62740329871049,15.560623721215459,0.7804477042476754,0,19.085311255900493,39.16827564040792
23.303332163502695,68.28499902452384,34.9870104429272,50.686233749497205,6.573412418236499,0,21.36321018112101,27.886564988673662
36.79597908745971,79.86629503629617,25.240264511571244,16.59664623871631,12.099541825878896,0,23.55663212503288,40.38473351052335
10.140100377326567,77.55199880976019,20.312711607187516,68.8757761378578,8.789537680498432,0,9.785816436654356,14.817603965632227
24.061774247638304,88.10794861704672,11.750658731576522,53.720137111830645,9.095179582269177,0,10.186481658338618,12.265344448942804
36.10977353295387,90.22111871005099,27.053734612090786,86.28588299298379,3.008760451248605,0,8.94963882553195,13.776908757284694
23.169837480934316,76.81874444316723,22.4402838253586,24.650829725741588,5.158407648785498,0,32.65610504331609,39.01666695485953
26.252560505922613,91.53718341890075,18.802956388674026,58.48267620163028,12.67863155761248,0,11.19445173535007,16.594357033433383
28.176711980553897,76.52358605464308,34.31351053589351,26.92657076563931,1.3178427648977182,0,34.10177337387738,36.593589003198076
21.181690878265425,80.94346443961028,36.931988556045546,59.125198778191866,12.868959805028005,0,21.876371629443728,26.111526766354405
26.19918432243784,89.08353728340988,18.567633166029868,67.81197618886851,7.255350393971785,0,7.749002216862109,-2.0695983054296114
24.945115045769906,88.09468664751887,11.730660283777155,67.7843463463631,12.557211469876759,0,4.934229888223482,11.906074457283442
34.13358230423868,96.6336856970538,39.70634451978323,75.20591925460879,4.770096290916005,0,16.99726443766873,15.27765998710656
9.317945029902278,74.52966970226203,10.348590942150617,78.28401823666533,5.082644273745312,0,3.08792853871679,9.303578339456703
16.14793249817468,87.20721949264788,42.79893728725152,16.181738101374165,11.27407302484714,1,41.74834338711866,63.573698427074184
35.561933038220204,85.68077533999755,31.966695589394707,37.461372565792324,11.774942600883303,0,17.418234107734822,34.93131600303298
33.81764973283657,94.53785518021087,21.26463223204621,64.96980162878445,3.4446701698522015,0,14.412862594759147,21.673162881957364
21.214045830785675,72.53450210770137,18.626726835185767,49.88690299129697,14.593069872328583,0,18.837911683110086,14.735608540206133
25.983845336244567,89.80214674402106,10.315198249256634,25.25407574038332,1.2673515636724342,0,21.309555566527337,28.672227756857346
16.04405430645285,84.47978987179428,18.241499595380702,54.21676561333584,1.0275444465319632,0,13.630580206471963,21.131540879832738
13.455513631989078,75.96531022384926,14.820490553099939,42.594852221291504,8.932563229291542,0,18.46791274742896,20.56088761484381
21.44725374325948,81.75861251026805,31.425817725310097,41.203062212344406,10.84111151657432,0,26.919135329037438,25.876962344903532
18.24721461275553,77.67952131502413,15.829095600783045,74.78029739485311,14.413291938374607,0,9.418605376710367,13.752006950914726
24.92602724367529,84.80008868086537,28.502044313781674,42.6078667065745,6.074186711982923,0,17.17095803820792,34.98226171657441
10.254304471984561,93.78101771362532,30.65407478205648,12.116360438433933,0.3793711348444967,0,26.207370273724905,44.3411148757055
36.25744942231883,84.50984454795386,20.431459442142007,14.645067111287302,9.043445091696105,0,23.87936335392346,28.908731910767763
36.60011158990848,86.31995013147093,11.227273215655154,78.49952333532963,4.345440308981578,0,1.9768590595154116,1.6444113647830614
28.24668970657261,83.04368756632657,11.303885821496863,86.8480648010017,6.494206817931033,0,-1.6120821652135267,1.6207765155569724
23.54679462397949,69.4837996869188,10.922156626787116,65.07274691645661,7.327042233749029,0,-3.444197418232804,15.343657059364277
16.976300872303504,74.75289814940673,35.86936334977912,39.149463528006414,0.9676891610705074,0,34.79830567716335,24.777406790873087
31.60005557150151,82.2680501535304,21.130339668500433,85.0880252635782,7.289726768461541,0,3.6685323107480787,4.696369445538341
27.8572040040625,76.99682322859644,37.870506508868225,63.024246910058864,6.394795002064722,0,20.891501264301226,24.693897221701974
12.715891241001849,73.27114433507464,25.11064883449972,77.54668393594702,10.688163979298897,0,15.514064190281054,13.465164670499817
34.41688835032143,82.61985241563471,25.854933529048736,71.26818432296075,9.68498866818517,0,-0.17784987996988377,7.896409400071015
31.8535800447719,77.36148400998766,27.950891087835082,40.33114526180739,2.7782357722584154,0,19.317632605816765,29.115347099364755
35.5441974854658,75.48512165202902,34.956100973128635,48.29617606806284,3.092083773155955,0,21.053611298246437,29.48180520646391
29.04586574326244,81.45557710577104,19.572600304039746,24.890572349447957,3.7650926816155987,0,20.637578219932262,24.52418814221707
25.789040682137905,71.86524348438302,14.255557233673441,33.36112803525872,2.68425660445766,0,16.252007252689342,24.38311003691978
20.129048052427947,94.90462625918681,29.462006731701152,72.25005290292174,9.858197995027007,0,20.291661487198276,14.988999200353486
35.04912601726639,93.16336083965794,21.444216813495874,81.51827135064866,14.916452688004059,0,9.63392138018945,13.72832454540601
33.11585279551184,88.52099698647552,25.48719597838131,67.95683386011294,9.781625107739048,0,17.14672417430092,11.912291115953234
9.311341433079493,71.08020100006523,32.64313479180569,47.213895732531064,9.100223192869368,0,22.39300003519815,31.32916143697018
8.764642260420308,90.5004403796211,27.29440093994447,16.920741515179802,6.148919000266087,0,21.574112784690783,33.94962209728988
18.917437639463436,91.43076251516155,31.7097585985295,14.555835895875857,4.6887038828964105,0,21.08964335477196,39.00524113365566
31.506046592673155,90.26517391371578,29.047000073976974,39.94604516902831,13.666106353597188,0,14.892647870121841,33.5308233707127
36.63100775013339,71.305010726458,35.89287301776347,47.105737501413046,14.535028112132295,0,25.613543779287916,34.33645293998796
12.362089842002318,86.67333075496518,34.7077816199067,58.72964977706375,7.451642633815917,0,19.8938444403224,24.413653783069996
25.22979074521192,92.19541907673256,28.696646213301673,10.519161710959777,4.353007432598362,0,30.141756355582867,41.12444871526842
19.045834842299623,84.74324863537036,33.76160573008974,89.1778312373045,11.551833115046515,0,8.284568960152836,4.410585827365377
36.12751753662349,86.74581388161458,40.57458607954145,39.11511067232343,1.9868518630031766,0,38.61136771528743,48.51805755286039
32.421448770935555,81.29254090336288,25.1294950725859,77.84757310408972,11.483823564655223,0,5.095957650183662,18.750862587061846
32.311532436623,83.33251227663753,24.446707546207776,52.79733645323235,12.284225614670081,0,21.02325011771448,28.109226302529475
21.59210163405414,68.99692889220003,36.74859672983331,20.43515636266772,1.8735591694075104,1,42.253316136221315,47.709869974139394
20.02976556779229,86.52992763722526,30.389384296469792,73.80524420276174,14.652922031948457,0,12.748421328476386,14.543102949352171
15.928805085990481,70.36196917384362,12.4852373077906,66.78616599359009,14.782684355827177,0,12.089956598901992,8.434853784772965
9.634889402876887,80.61542323586647,41.223920549187845,52.19488679433824,14.050792189910268,0,32.26614614974968,20.338967167539323
33.07694891139654,76.48699783235483,11.077408578317405,51.1642473067024,7.440522141093965,0,8.991682812723791,22.41039689684209
31.57412926477225,83.81741055613968,36.19387246734101,16.998368460074246,3.6911121341524264,1,46.99343929185894,70.09416751621185
36.99181252529779,71.869073730173,36.55779499465095,62.46791588590993,8.730139213228695,0,21.35797954230276,41.381055334451894
36.90246827514326,88.05765865722623,43.358887984867565,82.89961246034397,6.299007577071536,0,16.846745948380164,15.53430101415879
24.107519462476198,91.05533457092564,11.894704294081226,17.45959353770867,3.0892296707579563,0,21.730748799013142,30.974249639205183
30.300635040234805,72.73727904255153,30.889990127457185,31.080916051912393,6.355146144267714,0,22.680676173930685,45.36135553976231
35.39820616659041,71.02507953320458,24.97441997194685,82.1846378753679,9.958347535163858,0,6.3013216567076284,10.335467480392271
32.639774329644936,72.21994900083341,21.57215342008397,32.74751278558347,1.0636996617898657,0,18.058646475603414,25.875371540918252
15.173094950552732,93.43669929505654,13.161149610467557,62.315493774394106,5.001270021690248,0,12.392810255060146,-0.09163145828854802
21.065779923992714,83.31748859093433,29.69289418849582,52.78545319545153,0.2669233501923779,0,18.534805557907138,34.62991243931912
11.745623039393355,81.55056888421757,26.766425398611478,57.70620840030897,11.242432581925135,0,9.582780056137857,22.842546586529743
35.66747979050295,71.09464275396827,13.65940603528585,43.263112126180246,9.610369014250512,0,10.233583263973411,15.785005757957975
25.57906439907552,86.83712419595189,31.437132748397918,33.99931764429689,0.940082020529488,0,9.522447854849002,37.24955362012202
14.630641359600418,93.17198816495761,35.828359208852845,13.882676058373518,14.471063394029517,1,41.27691377750362,62.014982714212955
27.479319847769844,92.01739021038014,36.854740536877685,69.54247514353312,0.33932335690651017,0,17.75285305086465,25.473667981195497
25.92571897327898,86.15558656044324,41.688061589184954,69.68747697553815,8.84940969714133,0,19.257108457596164,25.618159727008983
18.386718822952375,70.18308278289854,24.331475966107202,63.65805920629786,11.645511926985836,0,22.969091978821208,30.492169008488737
11.293170173789242,71.25951378810437,43.357546901774796,61.490703049569646,11.818444695670845,0,26.106092740591688,30.48262878840006
27.47562267219119,69.42996062618492,40.29002917789401,29.497370573402097,0.5142770338980568,1,43.94806268237213,68.7103238116387
23.088923326210008,75.4668972782816,20.377554985837868,11.787594701303297,13.596226989606588,0,18.436153909676555,41.460313595782786
30.39723336033354,71.93418254765095,15.574906307231046,74.69723175083517,13.776775078906832,0,3.5550733577793086,11.924242083336674
23.084741532247808,75.54139316732058,25.238628864480468,49.29108285566615,8.42085559731559,0,15.398675538921909,24.633820903474735
32.71326350923766,79.16668361584989,24.066454778458834,34.54705045620947,7.231247983307192,0,17.738706258326534,37.43874953941295
24.00529832446008,95.34650073806293,30.15017568659215,18.154552542445607,0.6730119459389972,0,25.629318752995662,41.61922676802301
24.267201174526203,85.70090573366907,30.41851813147118,15.017727272111072,8.42931213764803,0,21.663326114394152,35.71910146424356
33.422954477092006,92.21423978480591,36.24954445329914,37.90933774361419,6.140686226553461,0,20.372704880158672,29.82754623754756
19.701003120159513,88.60019352065763,27.846148187196356,74.37896518135524,11.592096111129843,0,15.979851553016347,19.913495193315622
11.886441625068581,71.26259078527232,13.668792432926793,83.49789994670644,6.058253503291318,0,1.0704527724855533,-1.5495367150919703
8.83469761308683,89.34169178484451,40.04019674435871,81.74010916904518,10.253712499870646,0,12.966053530094133,20.892456980189653
29.89898041453495,75.97786756521461,20.84176041148155,83.6000667799724,1.5211221935629622,0,5.313803498485513,16.46532130475761
25.988976989250475,86.53412756284649,43.99541111073072,82.61802745034741,1.994284061489504,0,23.049250713766888,25.477826931559807
28.418313274877484,77.88789723564666,14.125103803791955,52.17798012803166,2.0956528597373754,0,11.43021046786541,12.548926138761274
14.175960683758412,96.93249563467512,43.53879102813761,27.553251084552308,0.6828824969961528,1,46.2052908433583,69.97188676437462
11.954772792016323,75.64299290540656,13.185413240888094,73.84372662694562,8.119932889047057,0,0.20656442041907486,12.20888395271751
8.421795304368576,76.09478365245383,18.08626482814708,27.09703798820632,11.90951589065454,0,17.82087126387805,37.137494612034345
18.167039205391312,94.98949541130955,11.630297973028956,31.376582140525528,9.156168055404992,0,18.1720587696752,8.554637525142038
25.10761291878436,68.71468773445336,34.67896013236482,28.660345745803877,8.624323283292844,0,38.20464488412682,41.65920792893656
19.375077307892237,88.20398064832271,39.76045578001271,51.19859229566447,10.209358926041046,0,31.669524498881383,39.27194140440109
20.68677273868814,89.03446533134047,25.192487863559315,35.746200653526394,5.094679846080222,0,24.786524083002426,42.71903295281097
34.220602140318704,92.25497874490158,42.49827262648504,22.33248397002732,5.429311074723434,1,45.30655992303791,51.3192398988228
18.099408543675708,96.25874000851579,30.660467511445987,46.25387295151059,4.714051473313838,0,28.459418648405673,38.33753345062509
22.905695185634514,96.29245565554292,32.05024974062832,79.91257910281335,10.681633992803633,0,16.024742754695772,28.77578020316036
30.72593736949315,69.89302596942746,39.58967205952695,55.64422839599778,2.4246050350616146,0,11.633257399110835,17.375089036364194
19.499740687316834,91.83334035983417,20.388007176814362,80.26684847100697,0.19537920469386572,0,0.8442948078289811,13.47620268677403
26.04051430660833,86.74298807606405,22.3993002464669,25.66977480633099,8.942946700837386,0,25.18941930812381,37.49501592573265
33.00854755365561,86.77292189681964,41.70831717181255,23.35790989380432,14.135720471013082,1,34.91194779001012,58.392772707002464
35.53609808607162,71.72214787182615,41.53372236135674,56.04617005587362,9.141118754944571,0,19.465065140131976,29.07110417400057
12.2651309469421,86.85542782692394,44.17689716703048,47.06631212370184,11.743824794113426,0,24.469480228114826,42.354590843752305
34.871041129683334,96.49199483743618,41.564341075458486,62.813811331756554,10.091860641990452,0,20.657197606973106,25.508207838698045
22.271372499306608,94.44273851664397,14.45802126116763,73.57014328214252,7.461549802845243,0,3.720816604810021,7.72601014491688
15.489087260669791,80.73478916334066,38.83035001479456,70.10458365217411,10.77588602675769,0,16.93819777591091,30.94342085377454
21.314936930909578,69.15849122529674,24.344346733835792,85.3808938926849,12.361561857828328,0,10.684442785313998,22.73255183551556
36.42094468327883,78.50651121000594,44.67804745810783,41.86051273256092,3.37097466257547,0,28.454750582032965,43.82851328963445
22.28592472579322,91.9653190364161,26.529833751508036,26.510939379854463,5.041957207247183,0,23.38848440144151,36.24791596686462
17.53379669833774,88.34347394248982,29.38426288757772,54.07301119583086,3.355885987549258,0,11.724367564322023,22.386570861588897
26.368624775185047,81.32096601222473,28.542122033987948,18.85944961529485,6.782594333856615,0,33.73495714233464,32.507293089717436
14.964222944567599,69.5979445196061,21.260796045039722,33.10808986653051,13.275968263750014,0,17.34048349282328,37.280289370918275
10.200036515151254,80.37994710687578,12.625773111252137,26.631044421051556,5.178106512529985,0,12.888421589304228,25.848897140442464
11.737511935408827,81.60172325181863,41.34779306406715,41.72509734376647,5.617003336958301,0,29.22182020324849,46.1735598236008
11.713329329775402,94.92811045392995,38.093653438420034,18.89732600017723,12.905508520078977,1,39.542922607241536,57.9903985170129
12.405178111856536,86.59149700388262,14.883437319588424,12.547339563847828,7.730614961170128,0,21.047753091668394,29.366105936686843
12.025988006832893,77.03793458298482,37.18688949725255,62.54352037040255,8.031734994711517,0,21.122689509100855,30.240317771983122
26.585367599293225,83.23422966907091,31.90463331177135,58.81991826318439,12.912018049983192,0,16.673928058032576,25.07906110691025
13.274522447575201,69.91560392684264,24.32003257711678,66.66871488309289,7.357901055382098,0,23.717448700133694,9.485833360757745
18.024351216392034,96.20447883384237,18.890740218344696,62.830915221707514,10.22336301944093,0,10.221952826064104,28.923656350796747
34.00686388727434,78.44173715599105,40.090507422578135,19.14357449139068,1.284669988110911,1,47.391372458267966,57.00798824058914
21.744887567623298,81.85815329248094,34.506589075291856,33.286310510051706,2.6794756969032796,0,17.558931147165694,43.882569889373926
27.359174417109788,78.30323525287075,29.17089683141979,20.362128792028187,6.065643010743684,0,24.173564118527782,45.25068298781597
12.997276264847265,87.7928401733698,31.334898686446245,77.43779216388505,7.422586017298123,0,7.0015432194740495,9.009582991913224
13.576381545451452,87.2047325915582,13.187316372876335,69.75229242844186,14.486005518543442,0,0.8960718413924669,2.9947593400336663
9.185189871727887,88.74434700534493,26.587191631891717,26.122160233459397,14.55977449571685,0,27.53463771509305,33.392885507850366
12.899116829092772,75.7761536587457,16.77951024749957,37.30473923919148,12.767956312181425,0,22.376158690879393,19.086284640774934
16.0791198319268,77.15438595375791,17.29342876530889,87.32919938113713,4.733982529283618,0,4.171107091485861,17.529572109881293
13.133304044025657,71.63228570179002,33.145638680040335,57.53274863037212,14.460424362486595,0,18.17977163307699,25.473054298285774
10.572373478954614,87.00978918353726,41.89396531420009,74.09244778409258,10.340112970143188,0,15.564973128310172,31.727643374581493
11.498440261917423,69.15411669273392,24.13148136674213,31.16728278149833,5.894101917261006,0,28.283554604854107,35.60743743044737
21.362584272949046,85.33278773018031,17.271224555426663,26.80423361434442,10.525123754771496,0,30.950619464184317,31.4891984304927
13.983677833767983,93.22118066069739,32.7061428032829,72.71335430772388,0.2478409467978987,0,15.214343633242741,20.820592434057303
18.563825970394188,93.83413230039938,40.491546622261126,64.86979641851521,2.1923202341132035,0,25.48164970593386,37.00692436047147
22.599100854790848,81.0220950507289,36.191158039287174,64.4782343369411,12.445285673345516,0,20.468960467538633,20.147750275450743
28.021450030251593,81.31980695817914,40.40650306878055,54.21076654633551,9.683604553097567,0,27.717546102817572,44.643942395930225
9.14005205539187,70.2321063072325,28.779413485377976,55.08626742212391,5.46292051937826,0,12.04109262550123,16.222578858848557
31.182901568362237,87.45218573784804,36.31566855292168,68.8558004245003,7.509999603340781,0,15.060412748400129,29.717663041309855
26.209111295236326,91.81652319081252,14.902259577562777,31.60019848969562,13.577132244686505,0,19.948417442100624,16.465129331080938
10.371011926517285,75.09499658353668,22.189611537711702,38.22147726855646,9.473671642186298,0,25.690817308698804,25.81523714961572
33.33378009909654,80.21772556736758,23.634220756853285,79.7309416416044,5.972239259014954,0,3.8071567777569486,12.941325363896976
34.70529961542258,92.32634076619284,27.89535111861121,34.709216080972624,1.8048998609630251,0,13.36841517981319,29.446656796971077
9.771260835791049,93.43649356220635,42.51767260898883,53.70476571034392,4.406202024383415,0,22.656084459184996,32.75701029393749
16.02945179626891,75.05221942766255,40.6003796077761,66.21115712053472,14.67510349194875,0,25.48749623946888,18.166971780936215
31.37983711399878,83.96654840169955,14.708392230121458,89.99398614665412,6.560445942776663,0,-7.563477684374751,-4.08471240165364
29.69953102112609,73.58230136843899,16.047637815886212,44.823306519626556,7.077591957672913,0,8.692227491397219,25.18711303205228
13.351109561334942,70.95448416004714,22.517419235611897,44.2474301299955,7.478970485955231,0,18.76407350906286,26.019182264211054
14.071130376764598,94.42249454036677,20.17603530617359,77.4070703546934,13.261560344223167,0,6.286040282871452,6.309096861076239
18.743690980950078,91.79471762273117,31.51698336046918,74.44024890078906,9.058924265779648,0,16.39874941776401,28.404034797873578
22.051166570539618,90.04101215229204,41.59716167175907,68.48607053876388,10.405155546778833,0,14.109125872022474,19.024352487618366
25.929388374378583,69.41422324558107,43.68020395854054,47.05837099272231,5.84120313823656,0,26.09769771061024,34.85364071698696
18.6984955475234,92.46813498859747,32.87610333873293,35.915129612857264,0.43631427883461527,0,31.639439797524776,31.820016210847555
21.41350676786129,80.70327820125613,39.335572049038035,58.69843860678789,13.964593713642666,0,16.093773474298732,34.427231181034976
29.67665720587894,77.92945857557993,28.3820770080779,80.09786345053128,14.236915213746096,0,17.54624095043091,15.327246662594593
9.063812883827339,83.84781446973592,17.29144314010139,80.70219665668692,14.237295800220767,0,-0.9020223563988221,7.33683049564388
15.320671385976603,70.64924403898311,28.36409442327171,18.679867605635074,14.155306299700747,0,32.82499481683339,26.636992684638326
28.68713799065202,89.94274993121957,29.42789105031779,44.268022705052054,12.228629116043416,0,19.568746162577646,36.0047669125945
33.96099829292878,84.89061722976058,35.986014747474485,47.177756495899956,10.268940751744903,0,18.11513913677237,31.195725546302548
22.83864582135432,73.41111280932186,17.695904639757217,88.20922940190026,12.667648774009285,0,-0.09931173645445979,6.1434781463671655
23.431291072694155,73.45873379330232,22.89086337303561,64.23984121940677,9.008193585015544,0,14.898125261590746,12.798638995401516
11.107988328853505,73.34321089560756,22.74096142250982,42.57971338096564,2.015544208380354,0,18.562296722457763,20.271890161400123
20.974958637880185,69.65306923900609,43.58038585094077,12.08463087884744,5.868272475621316,1,53.75715071903287,76.80939346835528
23.44590072719567,85.04615503177885,25.538073611435163,55.23081280793568,14.569423679594063,0,23.378493268011287,10.817848995849934
15.031644605407159,92.37009715006673,36.42828885543513,17.686078051068492,5.267067203934845,1,36.99316768580776,52.403148898354274
15.80805369753205,68.50744820563428,36.27839834810537,76.75599658782104,13.017418705970542,0,8.831054473154648,31.428085442418364
18.941240730034057,69.42113470416693,19.29404646811345,70.20149284562896,1.3981720616230437,0,2.0626065122638266,17.981055409607055
8.582064735554065,84.61033802392143,30.015439128010623,46.8407327926543,5.0127576356320445,0,16.459519245968927,26.994732637547717
17.34029580191217,91.76537487619552,41.30060126615268,44.33686236333598,5.264299870910694,0,32.87031452817427,45.77179001437778
14.131992202899795,77.47542782649037,26.63192018099323,81.78711724550149,0.7740381466347024,0,11.581634670179845,16.392326025167403
17.497423213159525,78.13881756542395,43.07911275698911,33.076668033450275,1.7864149528013247,0,28.891418103847315,44.245421084634295
11.473101822758284,85.2940484274065,17.506038026345657,29.921596968541664,2.8974781668265646,0,19.721026969496158,30.113918148107647
33.82529114145696,75.95217378460026,12.595568702091075,85.13579462606097,12.567233862151694,0,7.778573489056938,6.7596908913317115
25.21418115306741,68.77164261625283,41.200885560066226,74.73966694027861,0.9510298490970959,0,27.71859695284513,28.36451206901046
27.6939672551902,89.32162702494628,39.66884192867758,75.65004744537558,4.480513520165808,0,18.43632839794013,38.91309754932801
30.88596591961281,86.14384747530214,44.74064565768457,25.615505142074042,0.15262503883901268,1,31.38926536598308,60.23393565607241
22.45482376894266,84.84192397261411,33.77877208393491,21.463679314474753,10.434416181045371,0,31.936717721424895,40.53346120753361
10.520688354535288,89.50883974076287,42.784077433350234,12.082363985370792,9.304546350650696,1,52.441070168770615,57.17924855286683
23.576089712737886,87.5816942892991,38.94321587794388,28.963320713494404,9.674733930797126,1,41.905773304204,56.41731953362143
25.018392422605494,73.97057765717132,39.55492165920304,71.93523933714599,5.615741770719281,0,21.829463622131648,37.99906555747717
29.61774475134557,78.22195036135719,29.91995496589939,29.203073501131982,3.124017319013536,0,27.984382304912025,43.16213859612944
20.518126840660702,71.65719410868013,23.38276092708488,68.3282626875901,10.8048031992905,0,5.019674569856086,12.89267727408759
11.69982878107135,71.76585338911855,42.709532539014866,30.152661229393722,12.166768091110427,0,27.877775733872003,43.774944583300424
16.22950126816301,87.60967664433963,25.124101146556306,41.623399836053736,2.0790224714730265,0,18.469269686811256,19.350032124417325
18.529386595560418,92.89940310249244,28.858677853738417,88.65298319291267,7.30244141906132,0,13.160517860187166,5.070178024989836
26.731599998616435,95.91924493197303,25.61400074938157,29.584938502730846,3.7307352296829377,0,20.10209848226843,34.58051311683263
24.552570835398445,86.22206640893388,29.768640988606897,40.10965018386141,2.5216029180920057,0,25.130938604983264,28.356142299876407
18.32680505103754,73.33893837746776,26.46767776473145,34.086974437217094,11.014879702424986,0,24.52620952080658,24.933618358303104
36.60894221499641,71.06386001801899,11.678864550281656,18.769998906400183,8.071454032092555,0,28.139418928616426,32.92820452077416
25.567469761349727,91.57267817456598,40.871686510269456,49.191531370465995,3.2427799856800164,0,25.469984953347858,34.27064875140201
14.87957696034384,84.78393781443998,25.55378366205194,40.295253066640186,4.650000168173176,0,11.914523819652626,18.241316368737817
10.951691705991708,85.93026560939788,30.613027697757204,65.59096686458241,14.499805069916135,0,18.86357611398777,7.605401109646833
12.43291503634563,90.66240057388657,14.871573096529545,75.4075637561237,12.73019347062835,0,15.503793479597688,4.769837865448472
15.132774123150735,88.39503960424109,10.11857467939237,53.53997715965108,13.199201143096925,0,12.559210916133143,3.5372979396842936
12.659759824527114,92.1992893328268,18.585153277527503,12.575713766986949,6.90018145621062,0,21.581554549615632,23.038426614427145
13.410443697487867,69.63020325833648,34.66051112466726,59.51378849877773,9.357108958813125,0,14.066389616805493,34.893575685103855
16.267759892121568,89.67809846564865,13.471808553950751,14.431258401675136,5.651516103066174,0,17.641682588935808,31.62660554264335
13.02783426354789,92.67472996234076,41.81106041352638,59.308505887921996,1.1656796353333583,0,33.12953784229682,29.5051092453685
34.00619731416633,76.29791623129111,17.525789927466462,64.80239594153508,6.016039659851738,0,7.685538978665527,13.275674866810602
10.326778624187625,86.57297094580433,17.16077650021215,25.821410209401474,8.90971129810717,0,17.520748218145496,22.003076760815908
23.210830297537385,77.11069985127219,16.352778656752342,75.54769189774169,4.307164061521972,0,4.719898538417498,12.469423590053903
19.90150798270018,95.78116092799117,10.489359953997766,82.88681052592389,12.719258620911237,0,-1.2058984238067942,2.2239894749013205
36.48897989034958,68.96928360062961,37.01319139673821,75.04695712910558,2.2665023876189796,0,23.83076035857495,16.88727139454481
11.249128162873518,84.8139924711557,40.62620859358405,34.408735216966576,5.506936341553798,0,24.918096276620542,36.3588302776888
19.537812372326506,72.82860286443594,31.49569459156696,56.93144099565075,1.8735585798630439,0,24.57163115539049,17.532629364193802
36.1146425649857,88.6543859501376,16.586999358795183,83.18521193529821,6.07248200977838,0,3.9483965810635526,3.834414730844978
33.09970665092543,73.1008182191412,19.98472989293079,35.65317809782799,0.5949195746140568,0,25.331544084255423,26.052171531149682
31.695090057529118,74.82611459505237,26.657434407773714,75.602225781234,4.088240925924682,0,18.56114468818691,12.72758702826088
15.479181984303256,82.33675352032698,43.40210830681553,10.758010500935722,6.011028826705255,1,48.89763917269253,67.12414268510614
12.955740034311908,94.53021354990946,18.657298013621,10.291736222774102,7.172480449150374,0,24.665810091982443,36.52810238573067
27.390653377808498,74.13971679229115,35.607606637196085,70.77693282711739,8.155445377127128,0,16.901617629788344,24.66917062212294
34.951903684699985,72.182960612425,25.38068781525221,70.91580657016969,4.124866946848783,0,10.941748576549534,23.46376931953461
24.146123897403964,90.0103281237669,20.424657192600762,73.1181750281835,7.845620019223086,0,-0.007956190848309674,17.158688644778625
24.576767994627097,82.517966437684,25.95705779577398,84.40214703105299,7.635069323430898,0,15.420286657496458,18.49550474861554
16.11939371614824,94.44176825907137,12.492235113943138,19.43250494562274,4.742670763143126,0,21.645291160190702,23.788199481333187
30.31529506256617,72.25182215763543,37.95405798256269,28.55879879869507,12.453004959847174,1,34.59389342641755,52.78861101143899
13.424268708168178,86.73190889766815,18.51556747940385,82.29799362990461,8.184616898903476,0,-5.769230950261502,12.765319823302239
17.386697855723067,74.75349523840264,35.38942431175397,24.178895821788274,4.984045781198175,1,28.803047244688756,61.26243995836168
20.337656719876087,72.54605243089753,12.392193000686815,64.57834140612673,14.210077681211647,0,10.674996261942908,6.853634915203227
22.720700981849195,87.81945303956084,43.42844946579901,52.43704000326523,12.676686196067415,0,22.888224889884466,39.36334115864551
15.029882240037328,85.21685397735327,16.755524489199452,16.65549414812058,14.738817173277013,0,21.106610659637887,26.78639221774984
11.330267917436903,89.8899962925076,40.89597266724782,32.82109295532263,10.383508119681311,0,33.04242976972124,44.77653648721219
25.707981230807345,76.9744147169393,38.3315623365402,51.62977731527743,5.673343582590703,0,21.09660719317798,32.16295306975366
16.37028604396742,80.99117803508351,43.87509734284956,78.18800933470672,4.212910000185185,0,21.21376795128033,15.358805444482686
24.855908421255755,79.75867861358213,26.726173133101238,66.6030791691739,9.949767655117215,0,13.858483137682029,16.355955459875332
12.476518742951868,96.53859445502891,35.458905284608306,59.75065291639464,14.712248737429555,0,19.383608851639583,42.65095667207558
21.953062953789708,76.47521974544225,22.974872996322443,49.682631195313185,9.400726201557731,0,8.718895111109823,25.331333859303157
23.445093543995988,76.54969991205624,16.452888330689284,33.89471870513074,13.224224114847573,0,13.959371771611124,42.4169953533891
9.50288256785038,78.28189805602962,25.50765765267071,19.539592905540893,4.936551465716529,0,29.904627782607413,27.381271720260813
17.761524067623697,84.37322835741932,15.80121553859592,42.72608276528764,6.104306737113834,0,11.67267386539141,27.645488765689393
11.898025631230253,75.31735958364861,44.37156179752344,12.281479512903406,13.5941285938403,1,54.52818482381315,48.96999193070289
9.837874143710264,94.54340827099894,13.368627189925073,26.884471141348047,11.353000529367282,0,30.350978872525115,27.265739463012345
36.70884673930841,75.70488138112164,30.622410320841713,44.59867006981278,14.721154805518587,0,25.213530643683633,34.95249980813916
17.348261504266965,93.97865621524565,31.926234933891955,43.488414853753206,11.621463145983629,0,30.3807524676458,37.62560568380783
31.486358929784412,71.00077684575095,28.8327840005919,13.543634479759392,6.727735608273476,0,33.95693784784847,36.28732853638849
15.384578988149151,87.04031836958993,33.17650599991417,57.1248122820233,7.966020297335446,0,16.779499201989157,34.32961164097633
27.76357894449395,94.30258003470907,14.066327125416183,53.9747404682589,13.50773238694705,0,11.841499746267543,13.113896767633289
30.04660793680091,72.89373371354866,29.425648347185188,16.248344321673027,8.274701041470719,0,39.904925607577894,40.00737052185512
25.273523477627485,96.08148184287839,20.052439989457653,85.45304419683515,3.830960612466678,0,1.7725380225410277,4.81699077944409
21.675709467954594,81.13361745204983,42.90616221553698,17.95062231606881,6.534297191549242,1,40.87125791855748,55.60872294776834
19.943386510270788,95.4257381447897,36.672507870390405,78.38673209898688,7.7447398327367685,0,9.14926218992279,31.636848994585495
18.117179729746866,87.62778126527137,44.038006875590995,10.024778553200475,1.4507975032669433,1,47.92392295266761,67.74901742418095
34.956345183186954,76.74601922633299,11.314462440906635,80.58248760363065,11.156440113793353,0,-3.534875503851187,12.166911073702114
32.087962825844144,73.46077322259609,19.979661131324804,11.577578576345005,1.6403090003245953,0,34.886654129945086,44.66974394060908
35.98578040932887,76.80831634052788,16.839790532342214,70.62496255136928,6.073765700532085,0,8.31418917371676,5.078307798946735
11.604619481080796,70.69750486861757,10.390410555914068,38.93526490402024,12.069336623106068,0,18.373257355553477,29.173031105641556
29.195156780905684,72.17217102395657,18.48140055862125,69.05734401090558,7.0135554241994535,0,7.030170123140459,16.989802435655772
35.2118732478101,71.03515277004796,33.757159423215015,42.13961643399828,12.63023279577762,0,18.535708792627435,26.112136029019474
13.255758918804144,80.26536276850517,18.0881122747099,15.672633786547339,5.128219830841725,0,17.795296274224363,37.72576966959754
9.928391753636546,91.07177291147,27.815120591891638,71.40053563162913,14.364544409976531,0,7.947440895566481,10.968082908406858
29.492498829411712,72.10012307227386,41.07363402377495,15.700214825709198,3.1420264770785336,1,47.56438003430827,74.60930305983177
24.659720282217446,71.77929256199774,34.28152721221763,83.76963487689744,0.5739621748395196,0,14.609287801879326,22.757569591026282
32.413034525989886,86.6594395360026,23.812017446711117,14.07792286333291,13.086398144856279,0,30.698612229649108,38.158001387356265
12.053398922162396,73.71830647707392,23.036412861923793,48.346022221721235,11.283040739256123,0,9.571036345536243,33.33706415598607
31.062752043936815,70.83069110516075,25.950753490296968,67.84275446806365,3.479757556010592,0,12.620504475238038,7.359436794027955
13.847192281384592,72.83860876796174,16.196450437096722,41.45971718336302,14.77112410705011,0,10.530000909077494,17.888594288072532
12.74602234310543,94.7882104804265,32.19002685955958,27.378677967394776,7.534201939027917,0,29.888739877484,36.595606876595234
12.763708139998794,91.82266633050953,22.745348668661194,70.72727691168217,14.265981602162453,0,12.549876538313207,31.00609120650247
31.622666886710082,78.26787230829773,39.832787224171526,72.74357638309812,7.57543157080499,0,12.232455462024138,17.308861475149822
27.290719400189804,87.0188022524944,36.47934310202357,83.81559871634937,7.0781188015693655,0,17.935139972088713,6.410224782489674
23.16889731830446,83.58099453637311,31.367960743225602,40.09320883448622,6.7370780571669755,0,35.35013242890817,22.672794310652975
18.40608403958157,87.63660364099435,22.747077792733062,50.50013875978615,5.023129141994253,0,20.397675956354004,29.791702256164587
33.43881568358014,87.79746342142002,17.347614108571953,39.05027542768576,8.005522457648276,0,16.144554228224727,20.629112400296865
19.380908115256425,86.2332864367398,37.165315243696796,30.566545748109455,6.788319929228518,0,27.82996538136685,38.958964196394
31.681383744675735,75.71693968758194,27.02431846468803,70.08263692300869,0.551203149353312,0,11.442048247078871,23.521364801330726
20.734912348536334,69.13118620212173,17.86625133620751,37.172147601356436,3.9065285013525375,0,13.977812153811772,24.744299365476554
18.93138845332232,81.21143667771315,16.831111526400218,44.25195535938816,3.196842001583376,0,16.40196018864391,23.82691100364125
21.417713784418588,93.83824265603042,15.789031657547566,42.293892609922224,13.011534034815998,0,9.514035090025596,26.30236798382752
16.73995835076012,84.5154204970387,37.20064186719583,67.01289805173967,8.98304965840262,0,9.047962585086513,22.500491155900118
29.68067202511128,92.13934020935532,18.014551485510907,83.42365008885439,11.455246506745912,0,5.078189125166881,6.275051436257002
22.578891312681897,96.75710594587562,28.43247922338191,63.340484904590184,14.352390566239208,0,15.320259469193003,23.416981388440153
14.734168159257703,72.74486992001002,25.804122634056974,47.7266076875386,9.66058908789615,0,15.728228928580933,32.46908541679128
34.08766262496249,88.06155153511749,30.286381472989937,72.33640917911067,14.739149871071165,0,7.028784869709937,13.69068036288515
19.13284541982313,87.55451363730072,40.700421512991795,61.277705929771,4.676460774781944,0,23.41561911213477,8.765139083078218
23.76303297230567,96.41870797339007,40.37115865286057,14.848828569425079,2.794007734693408,1,40.78005556275051,68.04024580964584
34.28769121797186,96.58242128463121,25.78766251387009,17.65308691350733,6.049648319893672,0,26.903183428556176,44.905374174169715
26.102901881505773,87.91367973999975,10.537818775715316,13.033355525890666,7.06199122403712,0,30.183762000722677,32.50958818998413
11.390043180542559,75.06482896748363,24.92553320000061,46.545306096505584,13.430423142788776,0,21.755123618925552,28.21525001409388
35.255131584790774,91.15811930578738,31.216773809844913,76.06827474711719,8.399106585550145,0,5.942241168878818,14.352585128078879
26.203533539071117,71.10384489212011,29.521766568432163,35.04665354810817,4.382714991270255,0,17.87262936472212,37.195682472560506
17.712262825055497,90.64027982097723,32.796763703007194,40.732814647398534,11.139514243012814,0,24.937632921002834,39.35710010063423
12.038890107238231,94.3956876001962,15.39265063655792,82.75816866943126,7.587479057086064,0,-4.0077286928455225,6.527797304091643
31.026730488838584,79.10216844828463,32.628728457325636,76.95227562533239,2.4319791791275525,0,3.220054134891667,36.23506513431329
25.98210992192689,86.28842355450934,16.39280665603203,63.2038489906048,8.652296813868784,0,11.897108687318193,3.6079567836776363
23.470371667313323,80.47413923080796,36.26833932438622,31.344302567380105,13.670918052109258,0,30.335557663583415,40.36401426367412
33.92288490847777,80.69518659465572,21.868066464193802,19.363318615075478,12.639339262137302,0,27.37802930396992,27.155041696264888
30.869319125511392,77.00075578413548,34.84634016835088,11.284705814409097,8.802149589529966,0,35.352934248942226,52.552843242945116
12.398571512249784,90.1017589930594,11.675295961713747,18.56085380835367,5.656247608274822,0,19.942838279988795,18.51050805739151
17.039939966070897,95.14912036082865,24.275100895681966,33.40771548991542,1.3046812659631675,0,18.80429306248305,21.86452354241912
15.206185054619507,95.28177491779937,34.676208279216645,54.14320508635966,7.044733849974357,0,23.675817444140137,24.716134349141686
29.574442484607633,73.06865726137308,17.940468071602297,15.120006620190951,11.281191562943688,0,32.08364949176961,36.57710338387279
8.972440607337601,93.36756584004041,37.83504656790279,20.898222265475923,5.404105795995159,1,40.14191156709135,55.173439313919985
24.52680086126818,89.38551180138654,32.077290658672624,24.486456184635284,3.531702383274966,0,23.589007422904235,35.35370308315581
30.111301886480025,75.33228462001838,30.564662025242942,60.5585674386645,13.970695789064301,0,11.439163683965925,22.849137055197367
33.42620346609073,69.95125377472392,22.3742098971518,59.26318391840995,12.323335506869887,0,9.074498606384328,18.02357125749656
17.92037071276132,75.77192073964696,26.885801463339114,54.06125810977223,9.574134291302169,0,18.237515921118256,34.91912335232425
31.816461835488372,94.45403886666423,30.90722553422486,30.04011397567517,2.0517501588077907,0,15.74344075664208,41.329667567947624
11.20832037170101,86.3621815719774,26.536173987021165,39.689575297498564,2.1736326060925952,0,23.55706652642264,27.773837094720765
32.54711646030103,88.91058516603829,34.440966337919605,17.73517730701944,1.5482938718366845,0,35.11949502833475,58.249592258439286
11.697171207627491,75.45741818216378,25.179392658743584,28.116848300644392,9.244450003391147,0,15.164250039464074,37.30252449898045
19.52133142625065,88.86225651166978,17.079561360971063,81.81641811780644,1.7334419471000402,0,-0.9010469362443958,0.7384351822652233
31.121565607607057,68.81552368205979,17.487682398036654,88.37533971486627,12.639407982939495,0,2.6296441837855142,6.938069732818396
12.347605393114438,78.8843190274174,10.203131909502938,61.81276685122357,14.894475027289833,0,5.840387247862408,15.145360219269534
14.648290461746603,86.1758471077276,20.533520044553534,83.34586336187361,5.4952227706299785,0,7.861188355057638,4.168393648553232
28.945324483398924,72.23680040069829,36.212117416748185,61.419352032114006,6.805047704506462,0,18.974568991158062,19.791967261561027
28.881059559836157,91.8671036589611,37.79569480931633,12.65571888843759,10.675007654785182,1,51.424979372001715,63.22034296051185
26.59328135367362,74.81590766554564,17.08636397335125,89.74100679891272,14.057295094886488,0,0.015032951783400694,1.833863265303409
28.1245048895459,86.91615227173494,43.56653989049927,17.916184134922794,13.411406603345776,1,41.49324977117403,74.32734549951854
23.73900885708029,79.75071713468456,27.584097771804437,64.61134411560485,0.8638774312477288,0,9.091436319911981,25.894011785435126
15.30217270830163,85.28526426885176,42.09425621564759,30.226896245983205,2.5360770383514755,0,35.65640178043728,38.680368312389206
18.025183811613665,71.11606602623833,34.73678486515709,41.35848903255681,11.318957978366884,0,25.108951432596083,37.28024208271165
13.266333787241344,68.4904711977266,35.28516980578446,61.674734784075056,10.33339662048671,0,22.30874397129569,35.371104968913826
34.34506627867522,94.37736839402874,12.976526745712489,44.91898794461656,1.998278910601849,0,16.0781794856172,10.061689748283317
24.918362048217492,75.8192702542483,17.69968944139257,30.04368471449026,7.530968730023515,0,9.737490042530005,21.442892092125167
19.624691086145557,91.77063308063332,10.308519165306542,36.755694950265976,11.712219466279434,0,8.42713809245626,21.404653198120815
21.398168305679846,96.9811587136938,35.064467416685815,37.32384935385411,3.2817102339404047,0,21.23195369966757,36.35835448380508
35.47121684874264,74.13150648196843,22.05534009499785,86.7459123606571,13.069314536019995,0,0.9235753968429812,8.169456574495843
12.447190690366327,75.68995149431731,37.53283806267214,73.88904127387607,0.7945766223055195,0,14.49793001629062,20.788646076539106
25.00066512848712,87.22293384140531,21.86276769779592,46.683901718352004,11.732926276021109,0,21.921961306478288,22.161677674172612
22.670771687649513,95.99801040341802,38.67668133046014,25.98567362730913,9.237283496848054,1,47.53505033895683,60.50154630510384
25.73217282760479,94.55861609753157,14.574438881190956,74.88128882101248,4.7279901998152365,0,3.3583786432767537,16.729745675783793
8.525195330804374,82.58339008190197,16.068060486512785,22.57459772866988,10.81398822512867,0,20.005246618031705,27.244328092620727
33.29159335938039,91.05819819327502,21.93067888543778,26.836977371360273,11.735486927267395,0,19.387077611024374,49.49241179891313
35.03143019202476,71.93662973989713,24.297058610879567,39.28107134721209,14.008484569559538,0,20.810146387468873,42.59064667782512
24.38886232408706,96.34570734191635,22.204598379504244,80.42785566815921,5.516620082313954,0,7.986546902974043,20.45640616749943
28.202873892429874,95.96624378704361,36.72764613831269,20.54293349072882,10.290251039699324,1,46.23332079694903,63.17679762862702
34.75248205414157,72.74813977849595,13.393298741935014,19.778735428362086,9.039244154020363,0,24.755222372371644,44.18040181910727
28.50992039508856,76.68327061929008,22.29259568734708,49.517999064421275,7.878091041856327,0,4.780307869001902,21.537550231643877
12.423632244513579,70.90449492769623,39.303399983041075,32.11284328749397,13.356247112325569,0,29.255122267086755,34.90867179089541
24.71236244483758,75.87981036804722,12.337897704176019,55.49823533185279,0.04750971207600485,0,16.43997840698269,11.521640073936602
25.59473634510282,91.66271789304099,42.98202276849751,46.13093477465788,4.231674091553964,0,25.4611563153268,30.316240129604775
20.299789467769195,78.97115260779252,44.52108947952045,44.796728508097345,8.074158593172452,0,34.51773527914746,39.64657154066692
29.356882833116963,70.563512047256,13.099886083877802,18.95783763895946,2.674398924548285,0,19.33033275019512,32.37560984363709
35.096643428301434,77.92454021858823,20.194538278950795,21.283975219987212,13.617998005991375,0,24.586693910689053,35.009011750143344
34.841486874296514,96.46011669299712,23.034023311237465,75.68628619574801,9.71392676419523,0,3.126672334898582,13.458880043170675
21.074341770719833,86.26082426251688,37.17369790284541,80.87061900573956,7.168244919479848,0,8.829420461868267,20.888052836612733
11.283903329381902,80.06866744577857,30.857438424085682,28.774682630820017,12.220526385999818,0,30.423772284111912,49.15885666407263
36.5603947699077,72.82961689142083,32.55279951723986,19.076840121981526,6.763292871976557,0,34.9624391230288,46.24130673502489
32.32804450693209,96.59912712122716,36.51284379864771,14.273333754760849,8.379795178950143,1,44.10656630389806,67.65593435351803
11.615217754894738,91.80462126863074,14.1292649802959,58.663809099351745,0.04126493330881498,0,3.327868547150473,16.347564905244358
34.7044145959038,76.16284177107666,39.16233099185918,67.22825700001644,5.485507952926103,0,19.63171117896073,15.296974905832386
33.22699449980172,70.0319921759145,34.69669314630504,39.824799136256445,2.0818570852645464,0,31.687081635646976,22.190918939993864
23.046303656656093,69.64214116394918,30.20696038187296,64.37406939925117,10.345330209934366,0,24.505591721419933,36.95421840088291
25.146987636602947,71.49096633566049,41.14073671740698,67.03670524476209,7.185404384636007,0,18.87581712364529,24.147004005920802
19.571078412233778,84.84228892481823,34.51072238593325,84.82738251175243,4.5263633587534615,0,3.5078071881519453,12.458221017795445
9.588087525838908,94.93413921495929,17.05949869208589,15.18989102680858,7.017485090576136,0,28.174600035774265,35.87938549416884
17.720720007731124,82.40555941217355,25.041088337648336,25.383337858486385,3.1444483192701926,0,23.52572732900325,38.72413870750394
31.282750009342333,92.44541899122972,27.291500342750666,15.48207900775905,13.876299487292108,0,33.716329676852816,44.920103563887665
8.134328667133483,80.93071197593443,11.932616936264198,79.43951466688884,0.809589488263695,0,3.5398151931535455,17.80469402516301
17.67147597904318,88.54892282726694,43.41231296760195,73.40697280268549,12.981255529441805,0,15.266844114186078,37.18975333809256
19.546892114137357,89.22430938130853,14.500204127890747,55.97136564974712,7.670381831000264,0,10.749914172318144,10.63504364436385
23.58447248519976,73.04494747119682,34.41114435293544,16.693072804094655,9.28419744208226,0,38.739342170510966,50.75059950407592
34.67581287597005,78.47526571029854,27.718086263180805,31.86498869229757,4.539084313630557,0,23.553776579064916,31.196219853513863
18.044033836612876,86.4817625396027,10.89712874595479,33.817587844681356,14.50046425191482,0,10.129262202346098,22.04868089868489
18.061642854990602,70.05020163734662,42.36616165525266,54.85945568123337,4.227764377792347,0,16.782023280273034,25.817990278998707
29.387536195182705,78.48466544512574,39.81428830866266,30.64351152293724,8.833169957104564,0,26.853267263126902,29.779658399202834
21.114320285804407,83.50918452215458,28.349027476634244,15.836789113036387,14.901250576606934,0,27.3727956955513,40.45376885233997
14.513539865259478,96.89051029829452,18.012981764880585,68.46098414826395,13.216415945751686,0,12.568191317547406,6.73152198684405
21.12074596784811,81.76147331605078,14.256801173803298,33.92641693243291,8.04494737929159,0,11.346229168113666,31.478209681313068
12.084853591014195,91.66564595631539,22.71873678012443,46.18993416186405,14.855617844508181,0,25.271147570151175,23.187720698688185
13.115222608680476,80.52995126693192,18.939989836613165,20.21333079858443,10.52054792598922,0,16.720234624525297,35.43879311518324
22.45266540944491,91.09533095597156,27.734192035220456,74.20386427156637,3.13050624212714,0,23.263367198924502,26.531649789913747
20.14883803563189,85.26702924698314,43.82432536432001,55.24255015392461,6.083943156537096,0,33.96699041975497,23.8005088845474
34.5305311309749,93.71126780356956,30.12337226303745,82.12685009678903,5.017400010173265,0,11.12946234942198,10.150961599259045
18.50942307438236,79.91733401815318,41.147586956153425,49.63772504522667,5.160205624067837,0,17.44400829066075,36.09964752756235
24.83706215806326,85.52482817482289,32.7807593123522,85.31405374543039,11.406846590397993,0,10.519043222634878,17.73050780000198
26.33566434966638,86.27054173794599,26.633628430552015,81.34945635050607,8.763943909091903,0,6.977772520191661,21.164877027035057
8.379739241061676,80.10410531221373,39.911264695667995,56.116788516738715,0.5713906738429281,0,16.749159677557763,37.57011531398949
27.24258378848461,72.18504926693697,26.497883856054912,84.71147505198907,13.16172725476464,0,9.290547548667947,12.692675672952493
13.163043039222792,70.71322280045773,40.401985967862636,35.84709978356418,4.451942107202468,0,25.32864739958384,42.026184361472694
35.8710392066142,68.48347496738936,20.205186935151787,39.251373016336906,14.956123153697154,0,14.752652327426917,28.74009419148974
12.311219104840276,93.33249366311122,14.508457581704583,13.638236104482955,14.312860955021787,0,22.144364786645628,22.961793554513278
20.024099588083686,74.85777245492214,39.93600625270284,57.13607254110825,14.107960750229477,0,19.952637220490427,30.01254639369367
10.475140374280672,74.13369572917128,30.559530732743337,67.75391759431467,12.166914060959606,0,25.344373173627417,22.973463927899775
36.90935330353247,89.3450266123559,41.1182339387136,71.88153521936826,3.3091999752531387,0,16.316083238548575,29.128182286976596
22.563655299606033,77.28046727953436,42.82395224473341,21.985302883688263,7.98949116043173,1,47.020790314232606,55.429706112915625
25.266165502281268,82.67529607994327,11.876993663000722,45.532725785000025,3.3645394023746187,0,13.00629155705216,10.031520496098185
9.945217844264397,72.71282089362623,27.533925565060393,24.149056967513253,3.895131833834238,0,28.285996818570585,35.219004404404366
29.748853641576154,95.83262592239711,23.123759217608523,62.97018790833991,9.164276541544162,0,14.81626525435695,32.45774314486961
14.087262199771988,92.69586060049988,31.9050438974541,22.635709793741448,0.6125031802959507,0,33.568616443635236,34.354009831875196
34.0435743937807,93.0498990659851,37.77569190208132,82.33309471648599,14.541878502310615,0,15.520147914188076,27.949674986138056
13.949049573978208,79.79643870858816,19.820657559102912,28.45077165291307,13.780097588669467,0,22.499576258109133,41.60526337561235
13.52994389924633,90.10847519750801,29.487943453061007,33.31218130305959,5.711513582365797,0,25.042702677953326,34.68615923424512
9.059940367594752,72.17240850630363,34.80550029667148,78.07250577207998,7.7313367201036955,0,13.288909155011877,14.895362326596732
21.68994140818998,68.24995107516163,14.70508789925069,46.677408811657905,6.991791289016385,0,8.790331897824588,23.74182616049483
24.380392864615878,68.57921504476282,38.49234170829434,11.919675664005842,13.232996679262047,1,45.3659262678444,64.69246680407073
9.905550543422219,85.01145038473226,31.21383599485406,49.56690009621166,10.329028144741665,0,21.943184844891203,22.88781369709561
30.490300884155307,81.20645225219029,43.233810298977815,16.763466830409843,4.171668711365347,1,48.59868788322993,59.62327966262031
21.1453762076928,83.02244511834706,21.883512169574267,88.82757749498485,6.702618816979453,0,5.1949067012428625,10.774135268767932
23.207317810499823,68.21643107209937,13.785107981801954,57.04892563644819,6.434489635301456,0,8.613101232723853,21.98557739168173
20.78211966120862,80.25791197006535,27.727542036292387,30.522609408878274,14.39002752425878,0,24.421588679503227,32.16795004901641
19.622128765384453,88.82397667482496,13.00337700983036,55.09741436380942,2.6296636577195946,0,7.204231773018393,15.279125506158076
24.22956960793832,80.83811735705564,43.93342831634024,16.149368270540386,1.3436450594164357,1,48.688023632040824,69.58077967516554
12.501967131990662,89.23435698305445,11.353973539001704,73.99130434150536,13.209282482425353,0,2.373954327478634,6.008454197581334
13.275915784362862,74.75754996750821,36.372636538755785,84.02624430913309,13.450289842588063,0,13.881249667625317,16.117795386529043
32.991783009392,91.58111812997004,28.37858393497854,79.95555105649277,13.07608631868247,0,15.206641867454202,9.757544200299431
35.437348401875354,85.06450597315012,22.901722837440104,37.340608183885024,7.664653734383346,0,16.701884415342448,23.395998065291835
18.825970172112836,74.11212988346728,12.304475757802912,36.06144957146948,9.896166424041906,0,18.31727991201303,41.640284933656744
15.851595521163059,74.86489379976115,31.77584234607627,12.807008897304,8.450445713414759,0,32.2118694032738,42.56929022817058
26.675986753931458,86.21288347251658,30.482711528683435,62.11202869607334,1.0417173908160138,0,26.713715153423493,33.000223689366294
19.853290961844795,92.06824820316086,19.830914557365993,52.792382735183594,8.937523453510837,0,12.99624081581037,32.56954900297965
8.736204314150001,80.0532056788455,41.85775954936092,46.74770970618731,0.20421220884151325,0,30.380389778579598,35.13049582068951
12.52842532361952,75.49071244470018,20.643850256999293,82.61047626677656,4.874811143356292,0,5.615549507246567,11.921128306532333
28.76319463657453,93.14333660040741,25.740389370723715,23.430312086627705,13.984388638097506,0,18.89957851780608,36.78945816201437
27.10879431539439,87.40878046077421,29.03168595715295,10.773301335214587,4.560679044537114,0,28.680407100416375,31.8244145855952
8.78578378260102,80.99447913120922,13.508115736170012,15.865316169661234,14.097399639663719,0,26.396818544328603,20.894931888100377
14.437192696055533,82.14910566309976,42.62566017247713,27.86971502618951,3.7520093572386637,1,40.78844327534034,59.76944936134039
14.70116910105407,73.9234375701555,23.108765335786437,12.662843941076556,4.7184336069229875,0,16.65424791137218,35.82572685478106
27.484889564363122,86.17727627188047,12.827272485602027,50.22749685145084,9.426112446578303,0,11.188372102743243,30.846427119536013
8.57160559487656,78.40353280574377,23.555191078636547,35.127236418686245,11.424404591839423,0,15.777743123957348,28.426209508845098
11.019148877552642,96.87371012355612,31.007089148240325,24.43864064545061,7.520816520073261,0,28.831041043468577,52.48530021024082
31.19756647582249,81.92532194259475,27.977843513746535,70.00672599589296,13.231735307912333,0,20.74263936509547,15.449275936941921
13.177795199575675,82.09068257949878,34.30896909130459,26.356106098602403,0.6036063241592887,0,33.094939270086094,53.428341959604325
26.929637127704368,84.40970183490948,11.941937972376872,65.00840807950345,13.832922579515559,0,14.151725706037286,14.706771030256165
14.907300650355069,94.58592409044365,19.958921359521966,37.94119246781111,2.9446169984311203,0,15.789542832195192,30.741919098987115
10.88380039002101,91.22372489593276,38.673070189403575,50.94622085300436,13.26358117626984,0,23.336837170622818,29.243006075304848
15.051993538984169,81.0827720241374,12.79627907269763,84.70936318810558,6.0129476922957075,0,-4.236850404121759,7.832442431202166
28.945741023814115,88.84227871321109,39.94200841435851,12.988130785265026,12.491355838065564,1,42.654347746399274,75.61894676607784
32.81519757508229,85.0008294646421,13.21636322269872,50.02116059819695,10.074983247055426,0,6.967409270459373,16.90756123591949
32.076376072442756,82.27864441233622,39.205897521209366,78.35383682620946,2.6391244871739317,0,9.563182866682059,19.80622607467551
19.51832235893519,73.57715741074617,22.627594037755433,57.03793986962788,13.770713548221726,0,21.031698184646054,19.03404270278149
27.37446896054874,81.45415164019184,31.427317214002553,32.14964135721253,3.682760857326895,0,15.608964724705409,47.337315020561576
13.94454456705881,75.12873902365466,15.351049047679936,41.814490811602745,3.6621017804249862,0,21.981871804381928,28.472291552974465
16.501284177569385,94.53042234569799,12.31590526038133,64.42125029828597,12.212683449560707,0,13.06187216530603,21.75480297021224
33.99373873711247,77.72679759139406,17.557837140704727,81.26495154510424,1.5880988335878155,0,6.898396484216082,10.224080639771024
8.377055781811345,95.6156564214678,14.474883626804344,13.285309899728928,3.330538595556905,0,17.679312503013147,33.64604171363585
10.479747394779574,83.45860341274663,20.934206418787113,15.723105751230113,7.555163601315935,0,17.83929592680849,39.238889824274644
14.028701399234793,86.31478698160865,28.003413627885706,36.004121888767,12.457155430299364,0,20.45845184099493,39.8915091621124
8.769433912340771,83.7452728901905,30.606581224775333,28.62237475499832,2.212259621059012,0,29.842180467587795,35.185171134750824
13.261627617604123,71.75203789203432,37.645383758291004,31.19447089779248,8.215023517685195,0,29.47966879701113,49.690180849355116
24.908205268121073,78.89881535123028,32.968396263692554,27.701599890070476,10.668608877044093,0,22.956220689351344,41.26121170164848
20.22131196718244,70.8752372560511,31.306541379534355,25.66600390841262,12.90892837073927,0,33.69449344052584,21.67357629814431
33.88747962123227,86.06566728131807,24.412370962002115,20.44991734954334,14.033483403033294,0,34.49312691704574,42.6519096271203
31.705863290414786,80.95935166081273,26.583295223604853,84.71633054361904,11.769598717033986,0,6.743752628643727,3.1573098238814143
17.912703199238404,90.56156417555717,24.508229028656338,21.535157112492243,9.792425973330028,0,26.34025189856722,42.10508389691482
15.523279569507482,74.39364394898172,39.47581105214841,26.352301981242896,6.504301279691488,1,34.28797151355385,64.45519182645904
19.01107983685074,72.77241569445071,18.050015839193996,29.701257918462858,1.6816523128262943,0,18.042696963512967,31.25875451779971
25.118553332929423,79.78363469794927,10.200232603968761,84.64118985043365,10.646057887882819,0,2.259959236859254,6.069429914344649
15.773845583863412,94.87097611333306,32.796196402918376,70.45713068808678,14.891059567132304,0,17.035241696322046,29.186961081424222
26.100318327624887,88.60223263535994,17.0861764273591,73.17595442524117,11.051408920981498,0,4.051962640058665,7.511930369643892
19.87293791354597,80.14878511899464,41.15402977084332,18.380660763079845,0.2506664060658942,1,43.691599114115476,67.8941611751914
24.009368244707428,83.00089292287501,40.066621539732964,76.90479000125373,7.443899670627581,0,14.725820086767605,31.419220044037537
20.647669344924182,70.44217732413586,12.685458017487207,42.65544654539344,9.219699487243558,0,12.153771476533647,32.869674375104296
16.53950702671561,96.55270099490728,13.723594189492708,31.0258420969911,10.345113016542646,0,19.670218478239658,18.083357672481263
35.505145901902544,87.32581183615265,27.331005728633322,56.06000668162484,10.795887534010628,0,7.009815432983601,26.834213219444432
30.144568030633064,76.27671798543925,31.322793196927414,75.77463246533871,8.371626618247861,0,12.557259284822488,11.753398538590716
12.063282097227123,84.9884434322421,19.621791811878424,72.29217208599275,3.3504049910136042,0,9.873121958269834,5.82875212881947
33.185571301039474,71.17498861600083,35.08792008447797,81.19979860649056,14.1330099221482,0,10.331597032086433,21.086027014932412
22.135504749235896,96.00926339541992,30.8220607321605,84.25057488123551,10.44999701495493,0,7.7391926818851955,15.335197190375062
33.94201457992865,73.06876464861762,21.368843841199414,29.049765714219966,3.5526005530411418,0,19.71752000225647,39.21641036868555
31.19580242247214,86.7928792236012,10.888002081481046,43.90863153354174,4.8348274840540935,0,9.876161712992204,16.546113488312464
20.331191629607773,75.11817941362898,36.25525984544812,11.170283136405601,13.828915059455547,1,44.805963871054246,61.34668259932756
8.651609941283404,88.80928009680754,17.516378303877893,80.3457327412048,13.312277800610037,0,5.299483119646427,9.852063722212105
15.791643422163435,90.52781964996815,39.206581021191994,22.365772117981404,6.077196575371344,1,32.390987294032584,53.54483780546744
23.70739222516514,87.52917213843155,24.71015910189893,78.91798498741554,0.5746083298717647,0,11.944085912086251,8.197412551061625
26.37086837495827,85.82048434740058,30.19771049211179,36.350985758927706,0.7274605334090728,0,22.743565096642783,41.39092265210387
15.478742877562865,93.88160372460834,40.553205564315064,39.45068719849105,4.258774363775836,0,38.10621249995289,34.70896317022485
12.0413261481119,70.28017461870299,40.22680503219837,13.13058035870875,9.436833290084992,1,40.21598571399302,72.16118684098332
32.21297686717968,77.59652820762565,23.003185133525065,36.15030318122557,8.762919530018427,0,16.319929068623203,33.592977872302875
36.54766324040301,75.20033690929453,17.31111124501951,81.06909462410113,9.50741680415914,0,3.320282342363114,-2.873688281051301
23.24501528677789,96.65240489989722,37.13011272050082,12.043792089728331,10.7592445789816,1,47.018045981762086,66.17320163927367
12.9786992896008,79.29230361033933,25.15780712607459,42.50619784373803,0.2854838038910762,0,10.073207573058374,31.749563899808432
15.8969124690617,89.24576827797156,16.721469774565143,12.511970385019291,1.5762839275866432,0,20.46164351119625,37.98859397031037
8.533329619876536,87.85702975254912,41.65488698110026,39.67387400872519,5.392251777408189,0,31.881882090801792,38.130245500489
34.51466539025447,74.15035588684395,16.93364679843806,23.811251262423294,2.322899962823726,0,16.58282828832933,24.055215386350554
11.414781403814093,74.93093272613498,10.903250886693087,30.177471461469764,1.1298006381683123,0,23.248515886786752,33.89445131021629
24.718977789913353,76.15725234303798,10.7097990818597,80.20786985291352,9.61446593995998,0,-0.976879409189567,3.631674386890562
15.947601399928974,79.922691069522,31.78103747589925,44.88393764975128,12.230047162366485,0,17.92847143631476,24.931204303291462
24.07116207295801,74.79542690386528,33.15862712511356,31.903839312152975,11.289399861514237,0,30.059383057858483,40.33592135282301
26.891191262204064,68.56989299965859,20.886459676994438,57.147070236043824,12.255596679137689,0,21.3371957018063,14.473587916646334
32.06251230750885,93.50239864740867,21.200384623647217,21.36855678660659,9.987848160868158,0,26.271606569561115,27.529205861549848
13.986216881057494,96.00268511004563,21.882287027097995,30.751328593668468,11.030179827213033,0,28.017891931564748,28.200532493374336
8.318879031095934,77.90554122391546,33.80554913656076,53.69983740823108,4.07668161312452,0,29.176000048995874,24.14561016841749
11.969683271995411,77.81669950333871,12.034682685939,29.001843347845508,14.895120544262465,0,12.707494938977959,19.23437650853317
34.100540613595044,68.20566257045675,42.519072344196395,64.33021899206986,2.7474848174083064,0,26.65242714477517,35.42423814552221
33.34281224931294,87.72726996158084,17.788236546210626,49.319304180761804,3.2174081158407377,0,6.480974472359036,20.148425554184858
25.32497996293894,91.93775697671023,44.98856218347323,71.75912562037527,4.333827477237703,0,23.091056064555953,37.055446680545074
25.414988952575946,72.25164071044009,16.003294282551543,85.85956285779748,14.629986451598683,0,1.8871888313624323,-0.7234149176976219
27.28606356184141,72.63032413164737,37.004126005933216,19.26439114779262,14.82432884030859,1,48.937496673839135,47.403791880988535
13.08576708008004,90.91241424917169,17.819439072536877,36.77320079876359,11.923406245597462,0,23.739016861563567,27.0237755687626
34.51794643182383,85.87243170227019,12.82963805751389,35.56392503027253,9.435863978394506,0,18.5945582723472,36.464065275044234
20.144345221870118,69.3009561712038,40.62266635227271,22.09463354698034,7.800938627769201,1,45.17508260945635,64.2526541981055
19.111017319235426,86.05386272340617,40.056294071681215,74.82425098667767,14.559312685302686,0,20.12271512344706,46.61169542182749
23.04861345320229,76.95861396246922,24.124963735736046,70.7902963231032,10.434342042873713,0,11.134247327819791,18.483273558843962
9.362013036476597,78.69302950865453,34.58386498891494,48.75403766675192,14.170951924890453,0,22.359742488892376,32.897569405664825
12.822217693926303,90.32221113060953,29.4973076439371,53.02166222356877,4.748261992164358,0,26.05504601616013,11.402180999529326
29.40297487636474,91.5171205875057,39.8534639785812,14.7635310401997,5.006621884043485,1,53.31212177562157,66.00229805518853
10.401161369828667,79.61034217835508,21.026958926152904,54.44058818616365,12.820868911776534,0,13.473007018716322,22.02061440136132
25.491411174525258,95.4674351441843,28.32853399996448,73.30732192157092,2.2478238087794153,0,13.360252438564686,14.822243243918555
15.115124180758308,79.7874188206101,26.988032992159265,55.90620588670858,14.188917919441137,0,17.13043085393093,22.872885371198638
19.28957280721732,90.38324502167319,22.386703918990058,31.224509609633515,7.612115319951113,0,13.767506866918998,30.46551448714537
16.372118366350296,82.03244067236352,41.20092725947303,63.40386178674698,13.896208178755465,0,19.897127205652392,28.099507570460577
18.314508777483525,94.02843746914044,15.805727363188742,38.919074397219816,5.051891830887197,0,24.22566236766894,38.543811400907046
28.85233125034312,94.32507606585519,15.232802383224366,53.58986274285882,10.739383562090955,0,7.790562993595485,15.107702138156025
16.616529753072076,70.53508742826143,30.191833736296296,49.00522906231398,7.243126829590345,0,30.967065460960466,29.69820468382919
24.425734568610018,95.15830660799655,33.012298049472975,40.49400007721441,9.402054453682096,0,30.21858054951908,30.78247121509457
21.80546166377389,91.94051040409205,16.811673901359782,67.51023843153081,7.565587397087283,0,10.160256173951694,18.566927274710704
27.246463795516796,90.94801071506734,23.675110478911844,80.71008895887054,14.506734260570422,0,10.428744981676864,13.158376603604339
35.168062440417984,73.82642885088015,43.12973450425603,10.417001478153995,10.381580967208759,1,43.85373332700668,64.75166609909866
29.244590819097258,91.34845705388528,18.631609794173592,84.68932153842938,3.769784529394731,0,2.582864674434472,-6.178538360217885
14.233270979131946,92.65384930586606,33.392624574108794,50.921210886657995,13.645153828576268,0,28.6269445726658,31.37024796682333
8.904310916777256,76.38535969917038,35.90522877941568,66.05855042906121,4.4104460723265655,0,15.062402565121808,22.952683180966666
15.605657284694928,95.61554227250738,25.684504481280584,78.44996529407017,5.574076489512844,0,14.61292143716324,13.605531972930576
25.25725999030739,69.44594424557576,42.813409536585404,47.36829538514159,1.5318554703032006,0,20.311015205564928,28.46352193717727
9.49134859104326,72.34736834416705,35.782985732657664,76.79792586919122,13.499497796942862,0,8.861323043196414,30.78359630095948
22.394621168835855,83.58985300349391,26.027360295131423,24.20958555641618,4.291680348417945,0,35.25772780857244,41.929784185419486
25.308442618589787,84.69798166254698,29.92673206216329,22.733402758385157,3.8837642689707352,0,28.08415947236448,48.877620117428336
17.693072833691865,86.7093524157262,34.24147051987852,62.59770950849229,13.803938969924308,0,15.648922972419868,33.53465361399687
30.356453908628836,68.49210475014853,30.726656315022638,79.61144044413898,12.0829029360755,0,18.293600159264436,20.737638726250218
11.091349340879383,95.85063646404177,40.754415433912655,81.39409420288315,2.116183822790616,0,22.188087230908902,13.899034018109234
10.178995670338454,69.29305468929017,22.49110317981404,61.49923667017973,11.53986755855521,0,17.399553415139295,31.79867738831954
29.1174739299045,72.14879662897867,20.496000901953174,52.0391384167454,13.69549647080686,0,11.786769328892438,14.988499118261167
22.369248169979755,68.40642100825565,17.48436113233425,36.511447015721295,1.1776682731611587,0,16.354158581762356,24.007184504587297
27.963669496404346,84.43889456552874,11.32240388226083,88.40003324794651,12.378224923568595,0,0.6993360853701116,6.381744994566337
20.60999281950864,95.0357396337082,11.505488753301936,35.57565493330004,8.21130077809584,0,18.552044607397143,27.96881678897298
15.145658963934098,87.31246781633347,40.4519317588249,69.53488857852746,10.03796174068201,0,16.823081435761527,30.46286071249586
31.753967212551792,91.85706658593239,33.74376012420676,52.55854399240006,7.392815083574053,0,21.958002417486846,26.4208191082604
31.1830604901004,68.38515490029883,33.118634540277014,58.68098740202774,10.46704627357918,0,20.291977553517214,22.150264371866786
28.146197654778376,83.71844365591205,31.51249866272101,41.47844404709009,0.5114679250012982,0,29.746564899109746,50.057849559039525
15.892208979668919,81.32732634766013,39.722670064293666,87.18585003777983,11.440600848349256,0,17.47790916548848,18.684064453965433
25.116689339203525,82.470070382403,26.809342398296963,55.734586087941686,0.5001554678843761,0,9.150287148589523,22.65937131132965
18.468243011260775,70.09418237472045,40.464378999540514,85.0230104367032,6.829497716210152,0,13.657134826332367,15.274527788471753
10.65588012647239,87.84862547100991,22.580575916378372,10.60731329391313,2.264474896954423,0,23.464177120098164,41.01811267575847
34.60209368840504,82.5933920309004,42.43476265186817,55.81364665528967,12.353614160269608,0,27.31372443240555,34.521558533051525
11.96774029664988,90.18931664597665,34.45299430284341,67.37495117802172,4.704913637635029,0,21.62977855054041,23.60823264956729
35.556883260803275,82.07342838778975,19.001199760854952,69.60641369297744,6.811403169064987,0,9.126455700585469,16.230240906837196
20.934167415780717,72.33206745056653,29.74297225910188,82.39815054253451,6.431261119474674,0,8.811405813651337,27.23128565554379
13.36885493631997,86.79945166825684,28.656069652088945,10.352128720302902,11.587529485270597,0,31.568245175133516,38.887421359095924
23.715127473972387,72.99920450104982,14.826458760561689,10.026412740758115,7.217165396939632,0,25.449901925442187,35.18689635544861
33.31542924041584,93.29944233728963,30.693501701271494,47.78107686361722,11.834375025155191,0,17.811929532966044,24.768731107462116
29.234521705877274,85.780370933008,21.017496830093528,12.343496400429652,1.1026241520401285,0,20.71214399107104,39.73598806366365
31.39027328798204,72.55891262315167,11.832206838336084,87.96260429298997,2.8739095185449264,0,-10.723373081505713,-2.06500412381527
27.104717634610804,95.907803666955,43.20296551972977,27.765213963311357,8.27301374469541,1,49.607829229565894,56.137592786473995
28.076020371017723,83.0325984367243,32.45216291725008,47.81317834918758,14.206324871290425,0,24.363959172043597,20.129362792285633
32.62667389539426,70.114055104278,40.692162615479646,14.891010400977889,1.121367700826705,1,47.69133324416732,64.14345688863435
15.240372256916391,86.17815422803695,33.66196017546386,51.763873293700684,0.6462632423529646,0,27.627812539386472,32.50001414113288
22.193323945651073,75.3427683033715,22.494429224903953,40.39649001179268,2.3482601239178353,0,12.850927560452087,40.36139600257137
14.415073812768465,91.30711010444178,27.9440825315084,13.5728023101779,9.617296932902347,0,21.222046193425733,44.62384596316279
36.64237223190276,91.71684013341952,33.6511366121512,36.80994133569798,5.984893750053708,0,27.703745487961655,32.31891656993029
35.377720850911786,96.3894733197852,43.60883138205031,41.31488161782845,12.383285691265293,0,30.87630808289377,30.121592568296176
9.14337752968667,82.55421639971061,18.878431069259378,89.1937193019952,1.0789972722204872,0,-5.975434304332637,-2.8994381189008074
28.461680002954964,81.19374951210438,40.62419705184412,26.630869753550037,2.946211302220516,1,44.12044291055941,49.652771953382654
34.832201205054304,89.85079255794794,42.34272318529943,53.58236922960798,4.500396081973435,0,23.095536061769483,47.11898046748213
13.236685008692673,71.84164903391587,33.46454301306348,88.9852439358903,9.40095130033178,0,6.001258027076743,16.499301711966552
24.470411686026253,83.8605499000006,42.594331959046826,73.36153663521081,10.277590354523209,0,17.621586447548104,22.131220986510517
34.54916063005321,83.84118040379468,23.925750561707897,89.46940007056712,1.8630494094566075,0,-7.085587594908535,1.8486730727250356
8.984433378988166,70.59472056150123,43.355566161415496,87.46386517281354,14.157070634876092,0,12.481752411903997,15.035038744966428
28.22518775015836,80.12153847970049,34.59740070080912,49.16316336753234,5.115662027853137,0,19.028278492723835,26.828079311927883
16.623121213803973,92.74525915844886,11.470201859658417,65.71006798964527,10.697531445004246,0,8.80759276761633,19.81188043372301
34.80748966591938,92.82845503784515,41.740549113666845,18.835450155292087,7.863115784215482,1,44.42848882769137,62.300545276679024
36.16068910979567,70.87789228267074,26.95654831616174,45.291906003744145,3.3413717032065993,0,23.085046725352036,17.924901667281745
35.38372818428958,70.6309055996871,26.11144446722415,74.7214833813358,12.693424846731165,0,-2.108419504472071,31.951488250912774
21.75221228306645,75.61816883305612,29.8263312092872,50.42682567817147,12.273570422878949,0,15.589626788336922,19.743940478742452
32.99923687869009,93.3682158140658,15.228459136992978,66.21592262537855,5.941077808750351,0,10.529438038740146,8.514859262577287
32.491932557517046,71.73817496713147,26.42081169985895,69.66010639874216,8.82911378540783,0,10.76805077744105,27.159455173855683
17.253913724054414,88.87990727619594,39.089452585121094,30.27753129943151,3.8673854390390963,0,34.68876956760293,44.24870645956352
32.03854875036964,70.93380296877999,10.541886069813037,80.05594983540524,10.347774431194521,0,-7.768856462661171,1.0132907103562578
9.073221406749287,86.07099775868693,19.552100611352998,46.78579447273432,4.635402189306471,0,19.395866162303577,14.397374095061226
25.291826475979537,78.3259516744552,10.085910525534548,26.8148082897235,12.661181015733524,0,13.802816686925022,18.558792236956137
14.670256281343388,90.87850492601015,24.549895820244693,79.2332705430755,3.260776564159115,0,4.8239813252863275,6.691156441381352
11.496439687541086,74.77702301593554,35.49104286728071,43.425504488500295,0.2220513422769621,0,29.673105321727526,33.973646509915156
10.231642847247066,86.53685305230883,37.95701401901199,70.02499507037757,4.027620629518776,0,23.780514138175256,26.10164310422529
28.19237450046605,74.83479350270066,43.08164163944523,53.842645777727434,2.8657872968923,0,30.561525566840793,33.27134427215677
17.856373949273916,88.69614821025246,31.29766145397753,40.54974017876003,7.624296595873864,0,33.67711829860208,32.2842041034122
29.018236374334084,93.33666300226172,18.91194033285134,74.79011320308555,3.0555493748486446,0,13.35295424771668,4.076056552116336
9.895333883169329,71.67725217467604,42.345178219784465,56.75759453156904,11.44784806079242,0,20.168127831760025,34.756021862810286
17.143419797087702,93.1312749692696,37.13605138581316,41.24496819416254,3.620559570060059,0,26.902725875336074,44.74727401168186
23.64524747888478,85.21368237801464,30.10499690511006,18.767829626810162,10.604522698689836,0,27.621160022087302,39.416324520094996
30.930971780329944,71.68620423514369,34.34740755016276,81.63562510133663,8.677063845205861,0,22.82846554442572,16.678187544556685
17.243822585030028,80.39871380543164,42.35107242526002,12.837566827333324,14.793747847078265,1,52.848615937923554,65.85662408859262
26.150849916673263,72.66494851106783,34.93379099655226,79.0549878694445,14.998514655138475,0,12.805998453875501,27.1657134684693
33.693354698849426,88.31008877713052,22.89310776546569,38.796921990652436,13.042891249759949,0,24.19702627430212,21.954034866947957
25.86003245728683,90.00717589812054,34.95598708011838,61.14710108011246,11.399750539481266,0,12.972870884459926,36.670683166150994
14.75582476785538,71.06809908791116,11.409735695738576,83.77597790685482,5.7968462100086064,0,1.8233831640402078,6.2840059307478775
8.707622665139603,82.67805572814468,23.52454466407034,22.136529240311873,11.299150906969553,0,20.431701096926187,35.46087997220953
33.23286734312697,91.6241266247516,24.221306114595272,55.35603805110482,14.35013305619236,0,7.060880638829158,30.88304030496547
8.616812914661226,95.1487282049789,15.839338204729213,71.15462898961536,0.3506636309316624,0,10.49596159312917,2.7673168098561938
33.36634850784178,82.89201813551134,10.807991819311956,70.6067066175246,8.068720502966082,0,8.764939400336356,11.89643119829029
23.339176886789147,95.55809748473081,14.668343282320999,52.05055316796032,3.269974565826519,0,14.005068871832334,20.992951653754794
35.23296325687399,83.53498014322486,32.911752352896926,59.97915679251665,8.368144738032758,0,17.547293935860964,19.207203243974945
31.164713837436295,79.43152434339733,38.08010857272906,70.60215953062756,6.996706346383367,0,11.527613152944216,27.831668192063155
36.94008920546679,92.59789072803397,44.58712224544409,77.28221102059294,8.636528723284266,0,13.302163462957928,27.82252519469268
18.170642648099594,82.29649860328459,22.1227226087973,70.94504775006911,8.264433321280864,0,4.931447080683934,13.644447627421199
30.24846037900268,81.68517280637117,30.97827277913856,38.32039545449941,14.40160558752843,0,22.82465129459484,39.2985283722957
19.655996494668024,82.21906219288502,42.800073838529265,89.73811208461865,8.282791634021041,0,19.85949696190362,15.78251970276644
21.916392988813357,92.55676505422261,15.846462346835342,44.76021549754435,12.693481321873008,0,19.797187579547625,23.496039929987052
26.197658433332734,92.12630470895351,35.117595521995995,11.957176220714674,4.797304302012698,1,35.728806896719206,60.3659703477245
33.33663631140382,79.70207978076613,36.42425566022071,39.00935612683696,6.571510331865734,0,23.04315430847453,31.947933184343967
36.53842060677956,77.66569593624523,13.114143755426843,20.222636365907462,7.0562021406721485,0,16.88947587008199,33.29962450272452
30.27992900207103,82.26591269713475,40.14372848140728,19.71540925827,4.1809206500306955,1,31.49932582071641,59.74592315409231
20.11523668285268,84.61040278237616,38.45867664887953,32.52280320855155,5.696853922169328,0,32.303102096623846,29.755039494940267
20.219353066035033,74.91177910821192,11.169105230210207,14.270039534180867,8.977696192001629,0,20.072741633258236,18.385984591427885
29.389886746077853,91.02469745675214,13.187954520801801,65.08097507276504,8.702816449567985,0,6.50397205541651,17.403784959957473
14.924537227280767,82.10800020624026,11.719441286214831,15.919110736152406,9.546530168602207,0,27.813342714139885,22.11981972668012
11.203749280810445,77.68732090417883,21.71602361297768,26.263164434876494,5.277268731302116,0,23.420607542447677,34.48003984764025
18.284042571582518,71.09780879595573,27.825114673797415,17.431977159529552,4.737472427295856,0,26.529311864209753,40.106941195863676
16.32993075796837,74.9265096517046,28.632170478412007,15.053418472242486,9.174268241312445,0,32.660447802557975,38.57821245935392
16.592935493223713,95.52915398092352,19.368336591930493,31.420133243163335,1.9929262264128744,0,25.552487555894054,42.74962785840033
14.774624780447388,76.84789091776628,41.90589102960959,55.7519174128296,3.7954731529820993,0,25.709708121202045,34.10048578185703
9.220702499454495,72.89691939164402,22.889197645516962,87.17484451574734,0.6319160542949281,0,8.73809346152502,14.153015159785701
8.518344107269,81.3595109579948,11.594255458787337,80.0445323479685,1.089162788941202,0,1.0559297762886979,6.9324538434636676
36.643949302344915,76.90554455744721,20.507948903948524,80.07471403562599,3.650749188909133,0,5.822271509488153,8.654107766296349
20.40542087834001,69.01961825786464,28.58882978904544,24.085362883012607,0.2929392044537854,0,27.633909581113077,37.38553146857063
19.14547276763077,77.3712113011031,24.287763790588123,31.192575479825607,3.681158881311923,0,19.020504499183065,42.305427442046025
27.709771198099027,83.77915009424459,19.58448816847407,16.111465343624456,9.82464484593039,0,22.118496409301695,42.922843811837666
14.329362748086862,83.99965878857904,14.59631374175111,72.2774671932148,0.9166061770339956,0,12.504314922003482,23.510706389584946
35.54887433455653,78.34020871412977,38.67075750336804,15.585304118844956,6.551050166919615,1,54.699567995342136,63.51982750529302
30.80400541805101,80.97177993132541,44.86508347434672,54.535653665668264,13.696631803793242,0,34.03283520766378,28.966229158435485
10.592919067055526,96.00001962880822,21.533974673335873,29.83004578591606,11.869272433881015,0,15.201686817050382,27.904747879116414
20.109842497762923,78.94310583967903,23.35673654618114,29.47565072229958,4.581562534422858,0,15.736385383475831,23.90933429619871
33.49443091930277,75.48857758453951,31.631313363693497,89.25800441980842,13.872082187874705,0,3.0847081961784184,18.644895152419668
35.3972286464509,75.06054427793605,35.14545161574395,70.54238455828299,4.944697451215872,0,17.08194764978448,18.76890293359243
21.55464382624622,81.27517376841989,23.721033718125696,76.955148663284,1.0877324450634374,0,-5.269650701710672,-7.936664858674757
25.788930287110524,90.02608431279138,41.67253309436353,55.758614827521015,14.910839351521703,0,21.164674265827955,49.946503813919215
12.843984436670182,73.97365734146572,29.600139623012144,79.68114299149994,13.050337907837577,0,17.931223359861654,11.893418607789096
36.74389015797232,88.56958768708228,25.763652674207584,61.639243133308234,6.988991749516385,0,19.302247550755858,16.766357872800587
14.71847934011986,68.61334487713307,32.63354636059668,85.69389638370762,9.995647862886058,0,8.06313101231852,27.003851111497518
35.33922144991864,80.14905636153443,43.34813468872106,32.50708688365094,10.068421167850053,0,29.75516407341206,34.548285904189655
26.839752820778685,90.50008689088082,37.8093303047597,57.625563662631606,2.917233460956905,0,24.45320458762489,37.591613923535334
25.624367051486914,77.82325571745851,11.400459568729351,65.21050783495137,3.0007294973044845,0,10.81342121010026,6.643975503288909
22.86796681947875,84.34837594191659,21.630846875898587,41.43498440222453,7.043710550277387,0,15.719241778583132,17.137946252471323
14.689424539815002,73.94439775195141,26.469063973292794,80.37663859232426,13.67359710206547,0,7.949710300351931,25.670807276692926
13.11931292815974,89.517866342659,21.008115027318684,88.38425304833235,0.1499066228785617,0,1.1587329565595166,13.712846426495965
14.394100063035086,69.51609399479403,34.50656462906598,49.501559309812926,11.73758453924039,0,15.746067314713041,37.34332194511972
13.40670960218338,92.72373670138951,38.91942024519034,41.251252384347126,0.8629017557198121,0,25.98561566718196,39.42474002089677
30.607949733435845,73.74769520622837,35.597078331484504,47.7550342845167,7.1733317232467675,0,21.992391179343432,36.44994471662778
18.153632515835174,93.35754291954159,44.626665038989636,78.21893965855453,9.568092496102146,0,12.544430041985184,16.86331698673566
9.677437620338495,78.223347997715,19.53916767625602,61.63747404145341,10.301389006236972,0,14.508746313880637,17.849786989884873
36.10397627408353,88.95782365976011,40.62463232585475,13.581789801447606,0.8771889542386707,1,48.65438261562254,57.44072247177789
33.629790663939346,77.25753363579946,36.83179328110702,53.373592835657185,6.279054260759524,0,25.88241729408174,21.027055200959953
34.904816212661174,94.27143846580478,22.676256514535112,11.384009819277585,8.75755890753487,0,24.082573534162442,41.928823295966254
36.85232685674662,71.67247664003285,35.694359027993904,72.28282968027244,0.9906830595901039,0,6.244452219341978,30.61053043430418
13.04296222736513,73.17707388890537,13.642658474638644,36.2649818833971,2.0264183489296466,0,18.278490320528437,20.9960205618279
19.491018548177102,82.29787362960526,37.626671881919336,47.760598569386346,9.954734842560578,0,21.164592796995194,31.987673455055273
29.98891579541865,70.37621473210623,28.631571090548594,73.89424847261056,7.8245729488597755,0,7.694170337262624,9.654188749703653
28.184597923559974,73.6834253563511,20.23015604482386,13.715905382860925,2.427429919024358,0,19.715041034336437,36.702251496365236
12.462981283855797,95.36922508414841,32.95220556244631,22.683322847328835,8.028590053721002,0,28.294493286588736,46.01852698525515
31.659160624727914,96.31820017328873,32.45669995500431,41.83683011560919,13.690385601666236,0,31.563937428071767,38.27998208385331
14.50877658326316,78.91152055058224,17.33201779518599,28.394013083644847,0.2338137716304589,0,17.62055736572197,32.857838673070184
14.49071082985607,94.77529460940414,11.063909518403415,37.03211406200505,9.639506602287819,0,8.973305319765522,17.496481915878277
23.572258263908992,83.79991559452952,25.176790541558585,89.8539790313972,1.104756519080129,0,8.891868566510276,4.613579408386208
25.19525811040939,75.82253151033925,29.93291542705474,76.03315500590486,0.0967416444705127,0,13.020572610612332,23.114318566557426
24.822500027296524,88.36956291133737,40.68118474297094,80.71214519680868,2.259817329909507,0,5.530441974001832,27.80784529257621
10.65311828453489,87.10815239067085,42.48758784766581,84.96437068526203,6.343599477808789,0,19.06621431702073,20.302839536471417
33.446365016281035,96.68463425415327,28.508182635486826,37.27487042513565,12.035159984729294,0,33.71396903271072,29.21175805827803
15.702401235072475,75.68637133486922,36.38312193189907,33.76615662371782,4.22678244906838,0,15.059034341689074,46.494140163772215
11.755932717201322,87.48972557719033,25.37561453147989,28.724999405765992,9.38509818583138,0,17.891777323899532,31.215728302888813
33.773694316200334,69.50868889585396,36.11287548005126,76.40935290464981,6.1673495693296,0,0.8909964253726557,26.325509697837298
35.713893448662844,71.29573512220486,17.168053372870844,64.3641489828148,3.5149768794901193,0,8.89825988788681,13.597270206589895
33.00170090069807,68.11363287358171,22.9872657181236,28.893758598630185,7.713706714242879,0,27.777436462529508,24.90212652416308
31.475966167021465,96.98435975073052,32.19797995847652,40.15950633683639,11.961967355589348,0,24.57864182716874,44.541170420517275
27.00201743853163,91.26593721727686,10.635528796247758,50.53694111462386,12.487385550842163,0,17.11666055430007,17.006988102019445
23.97486374766504,90.81496742727268,35.28614586186339,52.251204581900296,12.697792978158551,0,26.120463008012276,25.295997825141328
10.522616037430893,82.78205618335721,39.24374254438584,81.09821828413718,5.078367188324691,0,23.803142404462655,11.3713185385502
19.84514317905026,76.70194540425776,23.9699581382883,40.445290635777305,11.901840970736295,0,25.65244571894643,19.17385304100422
18.807966993357105,72.3866642494176,25.67798460120075,82.68192244004099,3.1826768266336183,0,6.019700225540555,9.723641956041849
15.53285972904946,76.25556742654744,39.794877427578584,45.30940482558317,11.076376518643249,0,26.63824954728854,49.22906671104903
28.979183296968962,78.90316543594503,37.14791223641117,69.7098139833883,14.22576639408925,0,13.317627345784231,20.31218859777168
22.38039631728435,89.93299281242852,20.085232116168125,84.42034559880449,0.20615752036435786,0,3.563231534102475,18.41518485660251
10.35034026132179,83.65019187819142,21.339163729653862,82.6060563170613,6.605458967681971,0,6.196923329799141,8.845730030746207
14.385312856544529,70.247025170109,33.760738133670884,14.556229383654493,9.71656482621007,0,32.088963634062324,36.16589838902895
27.814504146128282,68.52284125980846,29.711933235685642,26.456343598125585,10.526636557313296,0,33.630331169923195,33.932144183008376
10.207794925218705,70.96763320648783,15.678034988377393,48.15243404258201,2.641316374038033,0,11.742446968879939,11.178931909831531
32.68500050741429,79.904462697224,20.847546823020824,44.52434319624858,14.582749128578893,0,12.406038384849051,18.70701165156608
22.359249283405255,95.06259459442153,41.49941469075289,61.27133318697656,9.228980519564594,0,18.020252214767545,24.19087910652969
21.937010742472793,86.48467195506743,34.08610528527922,85.57672406603298,2.4651090184240165,0,14.64553678094237,2.8943464723854646
25.17982575512601,91.25295109638994,44.50910111899318,18.992376902235904,0.30783767568772935,1,39.541145448380824,74.69808239220464
31.915748011829326,81.5248632406319,36.84543854932693,46.14869321073924,11.748962981846638,0,23.572180460687107,35.124905056856434
18.0864670291636,78.48831641265625,42.969105125025656,25.392883030971145,1.1955710916818862,1,50.504188880498596,55.82036102330022
27.662468424212843,71.14361080878206,17.56660008546664,81.5286078718358,2.115763816053548,0,5.787709909886732,9.480821127579384
24.40622695587794,93.40205764339994,37.0019706185924,87.16641486413222,8.622450402835359,0,11.978033904462759,11.486253670008121
15.743819834913218,90.71164084180919,10.70761320517291,48.29613455122801,9.052582551744296,0,10.685414219025905,-1.5913196549757487
33.48026960429958,72.87542483033403,33.47660075990369,18.32082381825126,10.303306778885977,0,26.0942302733406,63.45447236122756
31.125354626600917,82.85555635241155,26.42487973420845,72.82357333781385,5.902710189954311,0,7.079694313587362,18.052697642138938
27.09510320509434,82.1338694297161,22.1366025172024,65.77130803939193,11.608480034502344,0,10.36100048221074,12.850347019361312
32.666870143733014,86.12765502790933,40.184152330258115,38.37366612882484,14.61537899423833,0,29.936341477028073,25.223621264882894
33.15153182783427,95.43941992574658,39.899369243013574,80.99259791751707,4.066424146198245,0,20.392655305262224,11.083533812803394
28.54252632473601,84.8133718111119,10.780559671452526,88.06655118261658,10.545429248069189,0,-0.5668824332015393,12.823158836709222
32.27338652254649,83.66630073657994,31.332679285730084,54.62830793041563,13.927029785927353,0,26.04171814251159,37.46185424086106
28.226672388409227,69.45936505510525,22.874127851233474,55.25823290754339,10.29430143925564,0,22.885584129401344,26.893688799715363
27.724082381048714,69.8243168045227,24.54813505251572,33.80108040910223,10.216642479663893,0,26.11007946593821,23.40290959899984
25.939729968240346,73.43305694847687,39.121425872657156,56.76048287866514,3.3565885362780987,0,28.65747511300846,41.33848028796731
29.828782547171595,68.9416523790607,20.84439200346874,45.171385641987726,8.026953004795395,0,11.917212702197585,27.58655927089662
12.599548053499138,89.55723397153037,43.0067083723167,34.17528215424415,8.437842654068703,0,25.50477486644479,46.71838330015311
33.54525201676893,88.97657881582492,16.287183923024926,15.374815721912105,10.501943436839293,0,26.12101412638966,36.74558067615284
33.28346230461173,71.94563079851764,33.19528481788622,30.21662877672999,14.952321748442738,0,20.826604716588875,27.281609087657003
8.848171208002215,92.24628812306315,33.523677345481765,25.828371974213155,0.5046573381564312,0,27.56146786039727,31.39573096237558
31.948685766378116,72.48879501053725,18.826830649977136,53.36335876431591,0.9784899190123025,0,17.260367222342495,16.379227719401385
11.73722615672991,76.7340920229234,21.366271313852067,58.13360174108751,1.1692510414637813,0,20.309919758025817,24.071800044608022
17.718446773515115,75.22033007567958,39.21794724029792,58.68573794448132,11.144687017334352,0,20.732173985364234,20.3934485906842
29.561739432456626,78.79690585861839,36.66318392342333,41.054480083654326,2.045306926661363,0,22.765526460076916,34.348693415982936
12.662036985400938,75.3852492108089,21.518355811016583,43.698378694839676,9.336778117355179,0,19.251972404614303,24.195395437532717
31.721043699452803,82.17957686671511,28.688479142722684,76.7390743712512,4.870033168401877,0,5.954800042366536,22.066635562426168
32.131891160774515,79.81482855928587,12.15881036885834,48.098625081372994,6.859799343160665,0,10.783424418550139,22.77853693801944
22.71656427906425,96.61051523260048,17.30610588395202,89.02186657096979,3.234947397261209,0,1.906492729303668,-2.296664601381641
8.185190279788173,69.62186415371855,27.003719560113968,45.16937840070919,12.991598419568131,0,19.81112629649025,38.26128356219582
16.32410586207247,72.12325991523319,13.009080734772406,61.96647556942712,8.792254862445395,0,8.357115065647477,4.876179411840566
25.890880632896526,69.53195092334947,39.51663242121781,14.029039919471664,14.168448953733789,1,41.37702995690669,70.74403957824727
36.45439916279528,86.1493946544889,35.13021735376768,62.267193953504865,8.618943745564943,0,15.249985527740296,22.320238542419872
26.322592283483385,69.58076904499787,43.027178472697315,78.11411155320049,1.8586204589542,0,14.343774465225412,25.71814413637179
15.534303850860635,92.25675238390758,34.27134170874095,85.3966270826637,2.563056507577132,0,3.4162110335960794,17.986066412909228
26.386165389888728,82.84622028977591,42.91404802917649,89.78564893118164,14.836109645517709,0,16.230480944464283,21.218121329994805
23.65957601175981,83.28322111286448,29.407939449183775,32.57429165193865,10.883477959963017,0,29.404969487470318,39.3365413977768
30.615516459383166,84.28624072365363,31.007651387168927,56.029605186057346,0.7391812504363449,0,22.67649455203494,28.932965243413143
11.102438525981794,72.95359748288011,44.19398691191913,46.05743884257179,10.556715075519971,0,26.96727750088425,43.57896051921653
30.069809172558813,73.73301879032014,32.47452014024911,55.10539844601368,6.182595702144175,0,15.650614339001013,30.694892428159942
23.696730781607197,77.24570236331714,11.077529910126131,22.59623657518773,4.608125802347858,0,22.481467194320192,18.75683650351968
35.926768111910846,85.21139605883369,35.333097182068315,78.49196580767531,2.3109119059580143,0,17.31357396060432,21.691665508076774
17.914292815121897,74.09341550226623,41.691404224809546,82.76551546756701,12.598559318348485,0,17.103150684316148,17.96154703032159
26.346034900884497,71.37362008686458,37.845308742801436,45.972933049033806,0.9576206848365104,0,33.85233071880694,26.553174680716353
35.0288150597905,96.13338970613454,30.434164541889793,32.43438892588615,4.3475319356946045,0,25.354637986343743,33.25786390603832
10.972782111729698,68.63747262947906,33.495622958273074,21.266674212240986,4.595743407385566,0,29.0833592958398,42.87335328331308
35.179626129857084,91.27822475474463,44.65671262380851,64.70118598222436,2.413579259452505,0,20.91891386186395,32.661278377309856
27.948685946723586,90.85301933767565,13.17317309782684,34.97854716965882,7.622773249303054,0,8.28863386561174,31.30465820681445
9.967274714049985,76.61920930150778,33.35356900216338,82.7630855930711,0.17553940216338937,0,15.154558643871823,26.058070996870626
16.727943441457672,71.93317186421208,19.918919309970782,63.680997987589606,4.514632731156137,0,10.327733422919625,18.832918206248113
28.536990570713165,72.22323075445728,32.40316388051595,61.65482601393926,14.00444166049596,0,20.254790342860172,28.399712561799724
9.95316744259438,88.22551689987858,31.26682515593786,54.752169271859266,4.657943540130086,0,28.41715180686735,27.52639061704859
24.882943345111926,86.64139114149904,15.370989123785673,13.662107154298049,5.406890806601274,0,21.633103566080337,39.12832885809928
18.030608651635745,90.69962455329022,17.23613260090837,84.55379485484696,7.0974757235110735,0,-8.438115739957656,9.929078590465682
26.006550015256835,95.18695399957403,31.75703523151247,60.234999463956804,8.425400622772122,0,20.21336962412306,24.578804696320127
9.326518980562874,88.06589353473117,14.488048155632095,89.52495867064883,12.13062967231116,0,1.2208334260847757,17.946723394149828
33.27456737841891,72.51969455999186,19.2813306295613,52.988512381830965,2.8548183473402644,0,10.08184222037476,16.550109880911663
36.23118010614451,75.05983588619691,39.23359417083009,66.80887135249705,13.076195657888357,0,21.56046735777342,36.99780665845759
36.09745780328505,92.42361819532033,21.448202710057352,14.496764629297774,11.363240357158341,0,30.30555356676122,27.59016529002674
29.739903120544817,74.06987619919205,27.082105469438204,60.538894145872874,10.839755019923329,0,10.646334939899504,27.729021378473952
11.772500963788328,70.10314719167997,42.93991173010441,71.17196892722859,1.3020686057195285,0,18.61170587986672,37.351137929259075
29.989632681941654,88.39512156722526,17.950218109293118,72.28114358820459,0.3246103496187702,0,14.674534627429825,-1.4928600667614038
8.713020577305244,79.67326430921412,23.636910607530364,71.60893217842283,8.91019051362126,0,6.72766469409151,16.51122750453474
8.64158299434092,94.68116152383121,31.226022144024096,28.10261018349341,12.947009437847418,0,27.515576794032953,42.50246750172539
17.384696355336697,86.85739706171618,36.436862532639026,88.03187820841808,8.76662196210954,0,-1.3131880264253333,18.413111465112646
22.170652521735306,70.62215035595815,41.557868534944674,89.6145696499951,3.1985229816829626,0,6.485335867067333,21.735984810217495
30.341815116426,95.48784045035616,42.04155456507303,16.0476700129281,1.3577984692381984,1,46.99406376532209,64.75942687050922
27.81556592158865,75.49816064556713,37.18240260304181,84.91571382494058,10.493946792266025,0,19.256426201966732,10.683421247317705
20.931178484925702,77.77916222178229,17.991579280765865,33.155935544349546,10.826554159767143,0,12.238860567073061,44.108892495807794
15.93517332216831,79.66555199682271,10.868326551489803,65.14272654007718,2.58797551030663,0,6.26416562402423,6.939140271652414
36.916610504573626,69.48550459572509,23.43208756244683,37.04887365889057,0.42285473244804417,0,18.72279213828766,32.27883174536421
20.359257764843214,82.39894724468755,14.954209784573816,87.42034586984973,6.124252698347955,0,6.016441406294462,-0.52349021679359
21.09022370556059,71.57623624118348,34.863567660340436,18.120308664282838,8.740780531995332,0,25.90667470427244,27.738974800346234
12.745090814558406,79.6281394739622,33.13957053890009,49.81974535651008,10.590036143507868,0,23.774249904334447,23.484254064493236
31.049476913747952,78.17058385177044,11.53900745675092,44.243823355365976,12.149175137293541,0,9.227903286784386,9.09262828597819
28.11678454766317,90.4123624193686,39.280782269583284,36.081876182238794,9.158061409600984,0,29.931018404252377,46.77669166342587
14.402318770874052,91.2919448373492,18.70601432019138,61.64271927041189,1.6632091289772755,0,11.204846640514488,12.318444771638887
10.389050322859438,72.44897358928355,25.127947642186477,20.4844594737334,10.238725082136222,0,25.159740608260133,33.28434542155878
27.73447976016668,78.62998443399756,33.377680740950986,67.33299345069575,14.76264964342323,0,18.878001566613687,15.643096076066136
26.980825214152922,78.82724166992313,25.029657539828868,88.44736990438298,13.583768768961058,0,6.198881470114341,10.297094353149848
15.92452628294807,72.39090287414646,25.44507309799802,74.36469715749041,13.07503363904269,0,9.74909589136841,10.505955381273685
35.5750433052619,91.15515164648453,12.296979836750914,78.80134023276364,4.532552300375113,0,0.726005178432652,12.804134927672614
12.380678861646107,88.50962152172727,24.050524224100133,38.7709394543202,11.26182264681001,0,20.78197222448069,31.036214014356126
20.537709230235457,73.521071802614,36.76967626269942,35.9909285184975,12.766551689477183,0,28.69777731653082,33.66265385014951
35.36486168486037,78.63493534922017,42.031171801530924,51.36386837521066,10.174893069468947,0,20.660714987799157,40.62478709369343
20.172092190857548,71.0683457208389,24.47239979721801,13.658129180981815,3.758426348519708,0,26.391404954727577,39.27577186710074
26.51725248225848,86.21799131569827,24.82550394076776,85.6286507565226,14.307509578124375,0,1.4482270202712346,10.794320401681272
19.530237540921036,71.51978581190997,34.591948721327825,21.502813841295378,6.762291171880138,0,30.64590309437137,31.915599370155057
15.952240868111431,96.59209089012262,42.99702003868468,82.24104313344739,1.9470833799881908,0,13.864536055037984,22.404191840334654
36.53535179083502,90.63978016594801,19.34713290837761,16.686577760028456,1.64666842586088,0,28.52150886608655,37.184461116241174
19.870686183136247,79.31691793793586,25.40504722882779,75.80999421428481,9.712784809485687,0,13.323160238911896,24.25399840697116
33.928876906694896,84.77835403610128,37.85906352433054,22.15700207025721,6.565644696251088,1,37.66868832326625,53.58938187717218
14.668683570841498,94.42891267027585,31.33927492809135,13.050529127317816,1.4172581276844542,0,31.742941998857958,59.53011366962627
14.180036416727415,84.06887913147895,13.870522038738414,67.5591560207527,11.10546858234142,0,9.860097109385219,15.196729032744875
8.90288840365083,73.0604561055407,31.9706457446793,32.421224013954266,11.989877508879296,0,25.382414067333226,25.578014708989222
26.898337935900667,78.98239731185362,16.53611996090644,67.15969222274796,10.88123446179677,0,4.479064689601108,7.1414082888457795
18.687263967989075,92.45120108586262,27.857557692744145,54.40682003782558,3.0339131652601936,0,12.144715194800417,34.898800750033985
33.06638924534947,86.68217746369892,28.518614368115347,18.70459121840525,10.34663183994104,0,32.91926762642791,48.33193613424387
21.72308729405516,86.87100714568021,40.66711767787447,84.57040586409309,0.16084204341577646,0,19.47600282113416,20.69876263201096
36.07760940952693,93.13782308496619,26.187299590435334,46.18513398107821,4.576682095176138,0,18.198371606523963,28.287750083234876
13.380239955390513,93.92521866641263,19.780484778256298,68.75578222389504,5.982322971113156,0,13.094195644593025,6.213706061313964
33.190071870712714,94.67398458160365,18.083822187561104,50.08164576125001,12.528704233282523,0,-0.8086352840211539,30.067734189684053
30.52130873096051,70.75062660434153,40.59881568395176,58.348917996896375,5.855915596041064,0,29.43250569645315,24.10535260419124
30.356733494677506,83.77965405692993,15.985379904637995,34.22188738853539,0.16904169284097437,0,16.941399709372483,31.815660765232558
32.49871361538975,89.47477611533124,24.905399630910033,26.028824320276023,5.285196177420141,0,25.35293532336966,43.996006631091575
30.06969573734697,89.9508785086834,16.551059022443145,53.405616272645425,7.483861475389308,0,10.651256011098098,18.905477783944278
26.160389327311048,85.5947698571301,37.06564140400314,45.21751783768016,14.235071800091601,0,31.946102760035053,40.92565727018521
11.806101452789239,72.83683272032656,26.603042399111665,41.20905707471465,14.115514556843172,0,15.635145957363772,42.411680565761
8.943259205246306,91.12519606430827,22.29002916948842,63.80537560756984,2.7131105733211736,0,19.375703535507434,19.727648853140284
34.704587586654924,88.88322867193342,22.63848742192634,65.24053056089087,2.7771981260917733,0,13.728439147421465,16.259767513775827
25.882859121101404,70.49793737492205,39.82749723530428,13.673604487301043,2.4507218469682575,1,48.92498835105262,62.95908654340153
31.099581438309112,81.45048491555691,29.382088400305335,37.09955953949377,11.833828986211548,0,21.915153521659956,27.588513905681072
21.964148193863952,73.0453445861323,35.125374789594225,42.941164018110186,0.09033060552609551,0,18.1392421998822,28.53967271735435
11.40193747990944,77.78683432567618,41.39634806877396,17.75137289313345,1.9076579728781602,1,50.02531599412745,65.83410703079092
11.630387973873962,68.52435167396487,41.560958661422475,28.872069335863067,8.069394474661484,1,43.675900285898976,57.24009870746327
27.88139332964017,79.609566183912,21.49781690182521,14.13134377782053,3.7134310033014826,0,33.317622609110536,39.53913686792578
20.478870952084417,83.9464307135301,43.33579421012349,89.69936788936165,1.3853468735889312,0,13.789205137174752,9.692176321361433
13.815217074309764,85.96789519198552,10.870655870511191,68.92457623758756,5.3981701850075146,0,2.661798169484757,8.30423125096171
22.25624185550167,87.2412200087326,23.1892446355658,16.996012520220294,4.113114075903671,0,33.43625974491832,44.325966723884605
9.862059175178889,92.25244807997134,41.352960012809454,11.61995038320737,7.666564597714268,1,56.74996571392974,57.331325915570595
24.877170655517563,74.24842431099617,19.612290793594404,67.54302401218241,14.688503907452937,0,9.589974074971128,14.86584977022553
15.800808728617833,71.49397285071556,19.557850761246144,45.135373254613356,1.8645695522237764,0,12.474525919953535,10.698295978613466
31.129213918478456,92.69457798503984,20.591779977866103,72.94373672516608,5.590900572511415,0,12.465422785330976,4.039339140741012
17.000496808783637,72.54177163188685,31.430968469642277,83.8780830254707,13.97977526808712,0,9.281956496326558,20.960974085343434
21.201384323372235,96.26804235874967,25.341647146502382,57.9440311213098,13.153095652407337,0,18.283928363862245,19.862385786186863
8.336995657334919,92.43360865256048,35.43571927236699,24.968673833380244,5.9140655217642095,1,38.93087761427565,69.02847208883789
10.100959746042207,82.52542157079837,41.3218724897633,72.5755228837162,10.484298967796047,0,26.70834947082586,28.790016113341686
19.382313135793858,96.46122132273874,33.59697812300013,86.46493945394995,1.3178552037201836,0,7.36155970006158,19.286380746445367
21.918226206796582,70.82392514413212,17.15633520691514,56.418502964796474,10.688115833154226,0,14.055265026628431,10.191025588966198
25.40059589545981,76.78890707407794,42.64386658261758,64.55979578245868,14.592865942271121,0,19.510484705410565,27.0666639986759
16.458214782569794,86.50850803617773,19.257250567161748,36.99797560293384,8.062322292512874,0,17.12169979559688,21.626706824790226
28.154474697669734,78.15019918572219,15.246300336485534,40.5222155728249,7.477353405516213,0,13.406207222592414,15.480801795907263
32.94354951848693,94.92280400744296,13.14885476013363,68.77235982824511,2.8097792955286547,0,9.63575976206036,15.02762080745508
30.615678677907145,69.9031565571567,29.718430923315797,84.22168787254553,9.506822983609378,0,14.184524674563594,20.19399446535202
9.148945935102358,83.93294312976798,13.981686186822813,60.31907097794818,8.856559211683724,0,11.683815944688808,17.053943680086558
21.934701470477037,85.13512175445832,14.857155943942075,73.18783267882779,9.778995892136258,0,4.932310834596349,3.842690142252221
11.042975174127072,86.92911558953949,20.501066820842382,23.73080139322984,0.39124930027082727,0,23.832193147460202,35.123429780895734
15.019305460013296,75.41432047662262,19.857855338956234,26.956727220637884,8.230852325236103,0,26.330517345583875,17.74327350485899
36.61321520474725,78.57242639807608,31.14838286162498,52.562774946671205,8.924022652460595,0,24.451916882849154,36.92498461926279
12.132370744143884,92.46673536028436,38.58608478154385,24.124335379427244,3.112952031192033,1,28.60436362017608,49.414865487693355
22.467756450089325,73.65334030013463,36.64723796710123,60.79960561767389,3.1249928623280403,0,18.72262643938497,19.825287656121933
25.926516295225454,91.97916756802749,19.186955915076688,33.332254831575916,4.143272527664247,0,18.47250755086814,28.98631750340699
28.371484145779014,84.31700726417952,18.5858674295093,73.32260949335137,10.675823875908565,0,10.64241368738005,13.251593582059353
24.22981182112051,90.10343782462839,43.80270355374387,74.64882772914747,9.093990952985575,0,19.172849369573964,25.91285085142484
8.283354575156325,88.69461362164067,10.288268455718605,47.102996460428244,12.686439691767069,0,14.609152194477268,9.560866902383786
17.467377939075767,74.0178333661615,40.79021865710755,24.464850803010822,4.434878577646472,1,37.662350232497765,67.62162682828324
23.013637658156632,84.49556935658231,16.990498169284173,61.7419968865546,13.681020898324775,0,11.272922595979608,3.6958557394639104
10.548128475200167,93.16397143134768,43.154951308141875,89.42296146108691,11.155592429750376,0,19.251615482997337,9.74090326731124
18.16818100506624,80.53137086725596,21.98075496896319,59.80727183540186,5.925175050205454,0,5.676281587270297,18.5166648435358
8.96289015494963,96.03113233647619,25.41231208626383,12.861975257120628,1.4289309843818387,0,41.415780807040235,31.252959275999338
10.278776417495601,81.11423790294982,34.74922148805334,11.383518061366606,3.8547549373122374,0,39.913984989949284,54.85450260221683
19.510775009846284,72.14078346336865,30.568416801564112,35.628957639384495,14.351523258222754,0,24.602287621294916,25.841964577294263
11.848756867248749,79.29360572225252,21.1278765397388,25.662704548832387,4.655450638261191,0,18.723086369025843,43.31083416978251
24.458684599585187,95.59936978532558,29.384082055373824,75.04409657146465,4.948514402235967,0,11.30338630487899,24.858665765039447
27.994484104980707,77.27190463085577,35.57474095270102,77.58445336288004,2.8438339664657555,0,14.9310462655432,28.95645337502168
31.217014274163404,93.17484663614482,11.481723106587223,30.689501704838094,12.10275901708148,0,18.737323825902422,37.822975062689814
13.804357083099493,93.5562697687748,10.391975683949644,36.05158215599141,4.13466345363416,0,21.883817442477554,22.38314801664358
12.856994885513023,78.15540920562687,26.032342867551197,28.899757417209173,4.9538737255328344,0,21.965751861398616,26.96868058290735
11.032467369697606,70.41447208346833,14.614281623122997,82.67060378970112,6.215221626474399,0,5.319508862513972,4.979272327612853
26.456477236765465,89.01217936560573,33.25205020126501,50.21194676978258,6.505924196619145,0,15.100295256697166,25.899792174983236
28.487796068120133,77.0338566714056,17.491835967960196,62.49096352656159,6.170111856225326,0,7.9306253543852865,10.534377262555418
8.915998199943619,90.7047848134696,25.149788737848482,43.238566935968265,7.5561554306209295,0,21.486908527480555,28.85042052596961
35.150155141067,80.83699059955256,16.918482790599413,60.48113548036249,12.21769319424605,0,13.771213206234986,13.776705982760424
9.507167225892701,82.07273552793603,29.196925501219358,40.86843013773888,12.28927561113033,0,18.571771325964914,25.90531545541708
23.697593723731043,90.55937279570756,14.061871078459912,37.17427501833804,11.974697006450203,0,13.674694553668978,21.849595891629924
28.562755064076576,79.08853660078721,10.808739847561808,60.758405853878415,1.5168725867473127,0,14.479631345535111,16.024730816411655
33.258104588636485,80.85069301436452,11.789607333734402,57.28496624391914,11.995182049122212,0,14.518856891831682,20.854698348821856
28.708521031840405,78.90952359431904,43.399045453035846,33.48223633343597,1.8037766022986519,0,32.69713791174897,31.426065346110192
31.25011440902396,78.65287494304113,14.980017651382754,21.947876025557875,1.87085655078387,0,9.722420251920438,28.086452576306705
17.844055583741376,83.25245073014233,34.79673885978923,39.48613550705101,14.217941574524412,0,38.108191516229354,34.0941866747302
31.629928298648856,91.45518389053336,12.37741714779892,43.21581113135274,12.29096767058312,0,13.124307426207416,11.862485680544829
10.32333054515558,78.4912810457544,13.785612328231377,60.29474667396839,8.28615700302013,0,7.241546871818538,13.315528596066578
33.949683025755306,83.20338689559436,27.810668799326713,83.1623010909491,13.124553067167932,0,6.344844443108055,14.45745010999658
23.88017890845835,87.45109243783543,26.27048255540203,12.894783802634011,14.840469638277943,0,31.148641322906354,44.23621782915455
31.701635328912317,75.813743942806,43.305310830395435,29.49288100334759,9.159630999476663,1,44.73770406004808,59.72614027631992
21.117230251030705,76.04816134216938,43.06924085572581,25.497275382364826,9.193476554722771,1,48.63857717878602,54.475988490506666
26.663753160699223,95.0689806836802,37.28630248898628,50.18355269550269,11.31640543739892,0,18.957774614097268,46.38257060819362
23.26567716714728,88.98250262660157,31.07356405445724,44.376064563452786,3.4820842854799916,0,20.661488267486476,36.697600008644415
29.216096130904624,84.73841361047596,25.923611108755388,68.32300990561507,2.5068729227819904,0,22.61763119881418,22.094000915556276
10.367269478887097,86.78388157819775,22.466248701494735,29.39327300358911,11.393711250226088,0,23.538095615920593,38.756258818537745
9.75021043572635,68.84968384999914,43.14806414414444,57.55986925998069,5.173571924911535,0,23.443449427444286,34.577154985167724
15.165993786294248,85.92498600128921,31.101808399863994,80.70858108799675,2.02605534458901,0,6.630241045614465,25.381758803373383
12.626795723282463,82.77575732350185,30.267538469009807,82.85421919346437,4.723165888766246,0,12.807175005569352,15.41693905602048
33.281723431173845,83.82674071360364,18.11653926191202,86.70276837800249,5.379553018118631,0,8.202530202767488,6.201048427865499
14.357205633383284,78.42329097809369,11.634423625978958,71.86089216639908,14.47841489258536,0,8.63188239211879,12.682896660566168
36.30009241875481,70.36274303367532,43.08160029158405,82.4790325007132,10.469395666318848,0,15.503086077533483,33.891849998701616
17.7699779613621,73.60683777474951,20.980734059562888,28.762469758821936,7.962844760996009,0,23.667887518952544,41.6677928392341
13.28141955497228,95.57159668316748,25.490615816356055,25.80647554803816,14.533097080239074,0,33.361662427009634,39.12171245841834
30.901256707131896,79.85228730585709,14.012398025499738,10.519046702442116,13.54709610711271,0,29.20489646287458,37.81610314436059
27.10252548952541,81.53381151909505,39.292351546825216,66.54754859432786,7.680012849212396,0,15.761097484147651,31.82868836803938
22.44767577714103,69.52858390574973,10.967114149957572,84.99737502509956,13.58519453065471,0,-12.745680755658427,9.480664873290896
24.105542977191305,69.08942065677543,39.18967667346838,24.954827603334113,6.064569870939849,1,43.59225259115512,67.62299853864008
28.85685156989565,88.79826196435597,14.909975447578837,60.95548603415031,3.4563099803493698,0,13.161182547286488,12.907702266860229
14.625187498607662,83.60474525951223,41.02974394209032,69.7167807377422,3.4901726523312773,0,14.153715290356187,35.957563099019055
36.89368356564552,82.75247354227173,35.54204230676551,84.20913881184453,9.9347328666319,0,12.464331899215509,20.042535657820643
36.26900170225671,75.05061138225739,15.763459187755679,61.748817921377736,7.516054810609156,0,8.038588888099124,19.31506970160196
26.85944490406117,89.59777121726775,29.803629750081384,87.62349861990019,9.884262705081701,0,9.13619690023163,22.50642365282672
13.786731076945209,72.87886079414626,20.94297100243268,37.57385128100382,10.291139463932549,0,16.475848681316638,32.765677839692835
27.726619030507447,73.50810756616958,16.23815846190542,37.99428270171261,0.33484309346576424,0,23.173349408578893,30.957150938528088
10.093753860396099,81.36065296909999,40.071376979388795,53.441000801147645,0.8105938852185351,0,24.743232652513914,29.94049613419728
8.888922563968375,76.30211600124629,24.12329682775303,40.68015048927257,7.9901658988687485,0,15.462518836270988,38.69009870719056
15.472803766825198,75.17642645576124,23.949030002788387,10.11405826300261,2.8655321664011533,0,33.52760829046201,45.19360167400487
21.41606574544017,86.71189169204662,15.9460336182317,68.54176200695899,9.488006532066596,0,1.0895502270696298,13.033375393038908
33.17990265684303,86.8781806113378,23.407298663002255,70.13736331827867,8.282786087559721,0,17.084912223693188,23.6969545787416
29.087903023222932,91.91099502419794,40.50658962150976,69.75796837494164,8.786405375563369,0,24.281201419385205,44.515579907252686
29.53848911479945,80.1135484422163,22.709504867137255,37.60165332883733,4.53683069746516,0,27.02313291152136,20.40257007599387
20.339306698994186,70.11946763975835,43.306124687492584,51.78315786489375,9.59765259416845,0,25.326883122070086,29.644283306075078
18.032114783861925,75.93632516272227,43.12081147229356,38.79788145413356,12.442389547275345,0,27.44047140098983,59.15047146357391
18.760124126553478,96.4201584327077,15.07145307575711,11.282912002451662,14.971068803883558,0,24.57096174180852,37.51657094060422
36.641837348345675,85.29149868174837,16.20589387329257,54.9959153017135,12.576665792583213,0,11.181988414354578,19.061257953711117
9.163166550961993,88.58237545922958,40.19359246161612,19.90085328672088,8.362481395199211,1,40.86285881697424,60.34811397064616
33.14391338755101,68.21337705913702,23.746632162365174,16.403305927315248,2.901443875199348,0,24.1842077323598,46.145708933293086
24.78158684859941,83.0279662332931,10.153089379905326,70.43992549574298,10.221688141797314,0,2.112702804897446,26.19461459131801
20.719847156498123,69.08833106842229,19.585513689687986,10.76049619344845,14.064806783369672,0,20.714589554610143,32.79078995129999
29.03247215203896,84.50767615065199,30.917014761844598,86.72067548869809,3.177998095984536,0,12.832121182309546,13.183801571302174
22.113399301316385,94.70235463944618,37.97430880859888,51.22042912900615,3.8399343078986563,0,23.35953997774256,29.841323733581806
33.32927390436816,96.08415478451182,14.668601598264084,88.64131445649187,2.2351281511747674,0,-0.7999858839837533,8.474690014096645
34.1203540563265,83.6760275862788,13.868947754585736,14.639805797816674,11.050824654396026,0,16.99076133323948,41.0222003971788
20.22990687933021,81.28793935231427,42.273242875031606,56.68236390927306,6.098422551354889,0,18.33004737639656,44.03752965864156
16.028006119816496,95.40549573320632,36.29019287379039,37.9461628780729,0.9404345832957611,0,36.44081782708539,41.96267855138703
25.178159529207505,87.53468512790415,30.642286027232746,77.47859942514286,13.124249872354202,0,8.941275871765667,35.02926138498782
34.45853702288404,69.88207910661387,36.921537649857484,38.897818818742905,8.3650785705385,0,29.844065150352506,32.57052417996544
14.10920348116433,81.50604175235743,25.009902645732346,30.839006324587928,4.966414380005337,0,24.066421774990683,26.828555190575308
26.066030923341,74.96710553546481,36.54595115581943,78.60425016799306,5.159744640916454,0,0.81575822197129,30.7712806795079
26.315246382683096,81.62432532201177,23.01310469460875,39.97224733226088,4.353768302863601,0,28.477132263319074,28.678790121035256
29.260277650043147,81.20850158818449,18.543310037241085,11.346665588844917,6.832202585889627,0,29.288075235847646,26.955737522899714
11.815462868690535,84.88219928162752,35.5154697452539,41.2231280671467,5.055625327322175,0,21.5524456809589,32.60758981883152
28.75892397578057,78.34634422012829,24.68853022550439,62.361781520875354,8.21919456105914,0,13.493898134341615,21.658016105633404
34.36194309930359,72.7638430342219,44.34819865141682,30.348763104510546,11.602758784069414,0,27.323553557336922,39.94567628369439
13.210810157237017,82.60786360310874,22.231981380783537,44.55900739401258,10.116919251665603,0,26.879390864493665,18.412961061202967
14.88875642279245,92.07588364602711,42.260459718587306,14.537211062578042,4.416853391311757,1,42.23077799931291,63.08798745044003
36.17045772720755,87.25635461396047,42.65368919984778,57.047423321116575,7.931115173096689,0,21.59719762011562,25.32151024893006
13.248331628575203,77.81266811183126,18.464853147266115,70.5035939088315,12.601892398683763,0,4.433543010245648,17.32339159768869
32.777167707717794,95.13016766000686,37.93774135558047,43.065004912088824,1.023093521140882,0,26.45126620520944,21.93000892026283
22.276057836993008,94.45401956622628,25.15760768005978,43.618610624116805,1.1744590048035715,0,26.34480315349142,28.2800948541471
15.169701157692135,74.07110358213886,42.11336545306218,17.062599886793315,8.342551020746301,1,54.88477500596889,67.0795485338781
33.251747136902836,69.14310996849052,25.754349542233356,26.155269160958603,9.586726925847048,0,23.035613301717618,34.35671338271794
20.9138523950773,89.4979525421721,36.050630106807816,22.374024250233013,3.1711952366385616,1,43.20440268992361,65.33332864348759
22.929703263961017,92.00069757912544,26.343859320732925,48.535021492923036,11.178301900372771,0,19.020950275509914,16.79837835584159
18.417767712593204,96.0680724125893,17.973026449949966,52.34044327606001,9.693950655610912,0,8.376333919936693,14.940012049913172
25.195574691612894,93.80525542856101,16.97725451306402,85.9152105027408,13.849339023544296,0,14.826841978689487,3.5100259829858627
12.74219230496566,85.41550827798604,24.890091798972094,15.858520342178712,2.5343130278780506,0,34.50128760831371,43.57971892837691
19.341364562901063,83.37151783715905,36.442312995497524,57.98943785240377,11.27061398037016,0,21.76990439058281,30.199165758659845
36.11295734772334,68.807390486615,31.177501981326838,52.119882186259304,1.2546463587490053,0,27.862166802280566,42.86211019348931
15.485869548332698,75.15303695849856,34.10202514651901,51.29864783486633,8.479386142768462,0,27.72195178638863,24.301254675147618
27.045363271697475,81.32882780025487,19.881422275617986,79.85274299062611,8.278427092487187,0,6.3941949460299385,0.222833879055786
17.430511862516152,86.22661310242347,26.850237108516193,26.443077655638916,5.825775669701109,0,27.12201328420639,48.05653408338558
30.430720644911418,84.16030316623392,11.553834273926444,13.261861947309717,12.668567215028508,0,29.358989264653577,21.611545697905303
11.795336160832145,89.53644370076903,38.61363455853422,63.781720610735405,0.06555967179018352,0,15.441533190398083,32.43693147061968
36.1248103072778,76.11324099572418,44.64622567839561,37.61259713087841,7.8026910284778115,0,39.40778718654098,34.892006260532206
21.159896700125536,84.38362562192172,24.240767191863483,11.407193297001967,3.2573032475278114,0,27.57266280340557,25.4963545403835
14.845463437047455,70.55612505833297,10.383727859604017,30.109920583233105,11.152479286746493,0,23.78227146906991,21.562781925776545
10.131405672570367,79.99630018391301,15.942742384283157,34.74614193734495,0.6460113945914575,0,17.521395623623995,31.96368839297203
12.92297924753868,89.75466415568343,32.83844072126466,59.34707014273936,12.473320322723664,0,20.303130430175383,17.411838756351532
23.07344450812451,88.10862474944227,31.42277613713507,23.806863523941768,12.571383400604272,0,28.397787228522713,43.36358336971815
17.773092116507303,96.72863937799319,37.57526518549404,43.04434783627184,12.492990186052543,0,23.215110127809325,40.66746490509286
32.037617610595674,76.05884265364492,18.885940383637386,48.5980355534266,2.2885279009900477,0,13.513285035069156,12.990519018176661
20.495738186192373,82.4474896760454,36.72711704414969,46.73899130912727,9.456097778415673,0,31.237418145179497,31.74634468185232
15.212713905041268,77.5563819994459,34.07944075332844,87.91526133334254,0.21551038775084408,0,-0.9056779367008829,26.321083674950188
25.897204611516873,80.77749030771606,21.298507419984517,13.640339023223689,12.719438869337997,0,20.362322279000967,41.877117182447435
28.49653928967793,92.85155376621225,29.09208518199367,86.07745491619195,10.844627902629307,0,5.095447569348739,11.193821890687268
12.844215329127547,87.84206318046611,15.154583297441436,56.55497711952266,7.96730596348879,0,5.219074550683813,19.37782749943323
12.860957272361212,93.59079454907987,25.839757620245393,73.65821719758706,10.958871496449257,0,18.372311702924023,11.243724533819272
9.063471381072747,73.9018221416247,40.84190688444743,44.431409441286036,1.4148614497765832,0,33.37991549910393,44.52845010284921
29.355658436903575,93.32747241740171,24.74169829388868,46.30703050055843,7.929837482652845,0,21.43889904374989,34.115027228324806
27.250331301032347,69.73310595117314,39.38483472663977,80.34611992126588,4.369147377246682,0,12.399561049552444,22.338794273079888
21.7642953967446,93.76937913267741,30.658867784089303,81.67475970335217,14.589291948344595,0,17.50226531500968,17.340359884316577
32.48094302010672,77.5431396043611,16.715684958582486,29.09511051450381,12.856769259358526,0,11.688659694962382,21.399788644308256
31.36443443555154,77.12304136900792,30.338718564426372,25.939350286769454,10.999135437509654,0,38.09746739692203,28.36323603447324
24.975276567505812,82.85056872426125,27.70941652049722,49.69881390959608,14.006214528745978,0,15.521915101482037,24.10989114086918
33.1798671348845,95.28001544397372,23.95244673187344,82.02216217021532,5.202649568482106,0,6.059398605664931,10.950791203199689
13.969395091066279,69.38565957576076,14.18706538306246,35.7884074724941,13.513198484822718,0,14.21029119730943,31.635268722555757
11.245668962534108,78.21469827705161,24.584803234653045,62.1611692271305,4.878573481600655,0,8.278513778693984,26.3434085042678
15.822738733992699,92.84058767181673,12.546683168386949,66.65213501924809,10.991950795367295,0,15.903266698103643,12.160986111846581
9.65551882659013,79.48557984562854,13.456916798956293,72.29397319153247,11.046253676646737,0,8.984739595940841,17.490333693370292
23.403916312029928,73.77555003031495,24.55707865264506,55.11395663367706,0.2752481468114021,0,21.821705046618348,16.084261286415387
35.161565076553885,80.31903125861095,20.68835186889623,42.19641426231757,5.4158954741729275,0,11.566905295448992,33.0758036273593
9.14096267938678,79.18102254325841,42.39405140517782,87.36127910391784,0.2914900861274683,0,15.893331106433557,14.95891820109328
11.541187506290777,94.5470698425344,23.149703188309466,58.906460264228215,14.95638026415373,0,16.508056961543286,29.005099517744092
21.113771820219625,90.09609689654982,36.525034272523506,68.28521693066166,1.8329514274385699,0,19.13073467481247,24.50750853785957
35.08237550830924,82.64835111657618,28.558663422818494,37.59862765567027,8.14216343472164,0,17.19787615936817,18.107740255658832
17.168527044325764,96.66274643492557,34.64299840248174,63.595934480246406,11.85834358143956,0,23.620218962820132,30.458525397610575
22.70980945196338,81.49304840700178,19.10405940553897,30.62381297313007,3.0189540339133867,0,20.972636224756236,34.87973077057681
9.20561291246137,69.68889709378799,42.96667404934152,29.607753402290893,7.27579002143209,1,37.82619082576848,55.74084268726848
12.301952827900577,75.60595533263457,28.553097392004837,67.1777761447541,9.111431413817263,0,4.846963154812874,17.66193092854314
36.61227356580656,80.64604392636006,39.09634249498374,51.711578901034805,2.4030713159331807,0,27.068030144630825,31.6563569773841
35.98844219664532,72.55017610023748,22.776599271663972,64.66212883379117,11.678331898673077,0,24.241939656352137,4.32504534109801
8.14325944709788,95.47938866339724,13.507397216768359,31.555079259847332,4.490046857840479,0,12.210903463698575,8.929309414456078
35.60254177727393,90.23861803671542,33.57990767022971,57.897867284538435,3.165346145082605,0,20.27282890181816,36.10017715523517
26.53447819664951,75.7803288124054,10.271587691809858,45.514691976249004,8.374331196561254,0,17.03387264848811,12.188602152712274
33.16963054108064,85.13333147201956,26.63525417979279,57.756822947642235,6.154704414644068,0,9.642318875097214,35.86527209585332
21.187455813381916,88.92202555617759,16.748066593326072,33.27037857953755,13.804289169546266,0,15.993135877376648,36.333501132153025
22.952284828798255,95.29708893829714,31.958142655237676,67.2360770919299,13.20094047297231,0,11.50745430373286,33.25082195625882
22.176550827450683,93.5674251260869,44.27969555982482,74.47434929275724,7.250259950833248,0,24.720926466207974,22.225984951521912
27.339063468837026,82.9405745580082,26.254101721222607,30.793317908617894,5.388956620883963,0,30.516668334796236,22.176325560772337
12.049886387933075,90.46492597399751,38.61243897839833,34.04964478845137,4.882769724468979,0,29.886507376322427,31.939429325497958
8.86923410630766,84.30219786099997,27.772446543289238,62.89234157752744,4.013454346222611,0,10.809850453415882,18.381348204892184
16.929968306144538,84.02841281132066,27.35440108864084,65.64681394428354,8.16821780568716,0,11.76920167139612,3.541306945516606
28.435742119362754,71.32751679180757,42.56482226125723,66.327974751796,12.074679071018153,0,18.23152613385605,25.679723632166763
13.853750111565503,71.65799208246841,41.14880540613385,64.61588038206695,4.661349123053366,0,16.303294280331805,27.43118489827575
27.529540566422604,83.35647483565127,37.50301628157911,41.4246173562031,2.8514113453212224,0,25.8139319298363,26.871016025359364
36.127449337110846,75.79698480439119,20.368951366087444,41.588293952294265,7.132257092749302,0,20.582119919664756,18.30265755101393
10.723120757893133,68.61007017135358,29.07529455033792,30.385409891550516,1.035516251964998,0,27.873311529846397,33.74682312531692
27.505461428528662,88.96233691310616,17.836403165698975,22.546695991709036,10.519185091945603,0,22.113030962489223,34.17716934090788
20.868756359832563,68.94211130401479,25.53708443162889,65.40619035175246,7.775373994529004,0,13.43195429441553,12.924015842274637
33.17612537694765,85.26302839201759,26.94745730159267,17.455102877785027,7.445622119592812,0,27.829443812011927,41.232201496875476
13.13734389397419,83.63662002969212,39.10740140592658,85.02338294294253,4.506680693250337,0,7.560628124249163,20.413009722293925
28.08615261455877,96.09562602675632,41.36099278637476,76.1349042937161,13.57010156297605,0,18.640699589986916,24.69083496746715
32.30534339979519,82.0421810410816,24.511702183876725,78.60045919658049,1.3572943777432904,0,5.757585405690966,8.7027387646978
35.39381236474667,69.84444165495613,10.619655577563302,82.53350516921522,13.047360133305471,0,-6.186939857780104,-5.9752658933957825
27.81419282039973,83.99895106638739,40.16208439262741,42.688397657859205,5.65057803623884,0,29.12805073453386,48.89705543173794
22.41806815624439,92.39178894786694,16.099753747547624,77.73605786803208,13.209352739625334,0,1.670409331271463,12.977570516517721
25.917569965835202,96.90862924416176,31.765868736163775,22.644904023331947,10.931421874985753,0,30.228232767376486,47.04168120379065
33.19824454988283,80.47995203698311,10.873981515194592,11.731343568658854,1.5625608999305745,0,26.155776762346775,31.246443687780754
24.54768265252606,77.28866353240554,23.98272663411975,72.791311573108,12.473044297640305,0,5.402776239401314,14.124933255407685
8.881224731208269,94.29294561160796,44.50861057403724,15.983731839755144,10.232652505492577,1,47.91979214545694,68.74629137359801
34.99751216970236,73.54602174320752,13.524276038633108,89.08197338607373,0.4845286937302268,0,-9.014568405157373,-10.361042184415346
27.996275779915273,85.84743853595486,24.82926031998748,63.983714368124474,2.0055402316450492,0,20.88218130260278,11.501566159270684
27.61888818754015,79.76571830124749,20.750248256648327,70.27597681936844,9.534420837535427,0,2.496998598069724,8.755334080043006
14.254579419533798,69.1913885837111,41.67808431858925,29.664308502229275,9.939007543204275,1,39.365651296638966,54.9591622324695
27.10767863674706,78.07136575486524,40.42690377675743,63.90923151357505,11.199771492563926,0,27.732581953125987,22.534579904333356
19.422067763970595,75.69162715257757,18.319456610718007,13.457594980396577,10.803681011624729,0,23.9498351808351,37.9382858510274
26.885756334203272,87.89664346436112,12.841572546765091,77.02605759388807,9.892799320049324,0,-2.6740194362853735,7.464651131743676
11.09119787893173,95.51492443306563,31.949843792139113,23.569927442525795,11.493583526196337,0,32.4693098247445,49.49198812653279
27.077513833488045,75.7733684339805,21.772904915929843,65.78864534670164,8.626285588385592,0,14.602521164710355,34.06459891066518
36.98299804734933,91.53251223539877,33.52295367121221,27.95844009861827,3.9118707828668238,0,25.208013109194457,30.090444482240976
9.398149126956124,69.60543469121387,11.124191462373506,15.476253554083419,13.685649205960774,0,18.29458706105973,31.51514995356985
36.3380513424182,83.60550929115458,14.66897323121213,48.519494283951545,0.27321046397966897,0,10.601593477330171,20.412267372595476
19.80033086096325,70.04595184758695,34.02302814704252,23.542896821823156,5.498425798072353,0,28.913525223544152,40.89727167114361
33.251850059780516,95.08695674278854,17.432972935587422,68.35551906612397,10.93305439645745,0,-1.2550246366525126,5.523804138144351
30.68917903768993,90.22418713616432,40.015568651684056,29.00526747067879,6.407340617245115,1,40.39908477904789,50.98685208324107
24.443471568613365,87.08054742493317,12.05068106985474,37.39780449886631,0.37251611220021463,0,23.72557017618322,23.95412612577916
29.41502706828847,91.89299506711527,17.541869397495113,55.395140101157835,0.9897135467431978,0,7.672542832216686,11.749615084883278
33.47695127773909,86.77807407153473,44.9496086969774,32.797462206184925,9.72956053707433,0,29.71809771928441,44.96568414088153
19.720069327879955,96.09938751805444,25.157663590537744,40.239049296796935,14.472968991079496,0,14.589028690247812,27.277329943784636
17.483961685333924,88.70478048807837,34.60379822406252,75.24974168323094,8.277954537517484,0,17.787786239038756,21.653987582994116
27.360208181343957,94.81509967788516,16.39320670999548,24.336787964882056,7.601367270356536,0,26.911553756245006,23.428105547003426
31.4275323162965,82.99682486830851,31.34540572449382,16.576127158554694,4.774878195844009,0,36.60145391056862,43.27907726761617
30.106268908521855,71.39486797647402,35.41371239292965,36.268622810641546,3.850360107990947,0,20.586216408804066,30.574110227165036
31.1365958169004,83.31715392126749,21.006682255327867,43.950141361110255,0.3147747263442707,0,19.817257371815653,26.14882206935104
20.631916129575057,71.6793120138297,39.011398919155724,53.41274257092542,4.094323014607068,0,30.650626859371414,41.417515180197356
31.71719226907563,85.18231089611575,31.119615246529914,39.79389569400056,6.736656612978786,0,26.169954453615407,34.581097820430216
11.486062605747644,81.99229875530223,23.619305336526057,73.19293601782441,2.9692467457342526,0,12.243820279634587,17.147501471467276
23.790183840864636,86.05468653715067,29.51748376701055,13.145559013477861,1.3102198272214383,0,28.456861286286124,48.17271227729802
8.167001154445526,68.29136245059011,30.18662966025735,44.541403055884636,10.765918008819039,0,22.831443032331602,20.47050816248771
17.412989067107837,73.65037425800556,15.793735244285312,40.58047317251237,13.419304036021007,0,21.904316568920972,35.276502893627324
18.627384511270538,82.2485825254518,24.095632945343816,61.80627926454872,14.051581045306284,0,15.146977535451118,12.345738113100213
19.489008056668407,95.56460328608492,22.02007058068226,87.30210015179168,9.26998092745484,0,-1.4219685353450062,14.448829269275244
28.168548994006002,79.12466217029959,24.031595290269415,50.83003253030897,0.7916187389892271,0,14.486579514612163,29.31531407283232
19.268184936840026,80.3067887555554,36.63887059698403,88.95014775533764,11.112939449426602,0,17.680788666335687,10.088098725522038
21.01211505605339,88.72618658119204,26.888844261333542,34.1799515930558,1.6514295789282958,0,24.81415325450551,39.523528876945136
14.888779795355497,85.50998996129742,42.91106536337425,12.469450603396881,10.046221765317359,1,48.310007891883444,69.24354834155895
18.82430195725086,76.66885835285166,20.278674467545265,23.253053398113018,11.690487536218136,0,20.393343548105225,46.095833832097746
14.590819190631393,79.9136754714554,24.549625239972514,41.60999078196539,10.887970662397091,0,25.734811288068812,29.43943009058641
10.122681789284865,74.31329416685975,37.543488366766454,35.306712735084176,14.278257086416959,0,36.49179335196926,37.643604605368026
25.50000920805996,96.01462231477605,29.11086076622626,17.764330478670214,11.072194267010845,0,35.542076854602236,36.757446572840244
27.378171158095473,71.78839706516344,29.14598512485567,44.61280861525735,10.398146669727128,0,28.402108085077497,17.43898072935224
25.965220034278822,78.78326675242616,11.866905705181424,37.04926173276502,3.9261475827465357,0,13.025143128930374,20.07284577674473
21.441327270216597,68.74933019438032,23.950988195145953,19.809537636595074,13.871530296538525,0,23.531787319724938,34.515489102637396
19.013787625197665,74.43160526607285,19.475680634760636,33.689370448952715,2.6931580619125035,0,18.849303315198576,30.044067479177336
33.03667583758293,90.63366301302449,44.97672929908904,80.91488442843124,13.573449172096895,0,18.406765530896422,14.658362031903668
23.053371768950324,73.8340817363775,20.79242747213086,34.163909239147216,4.689938150188656,0,27.30213986494754,27.13680730931147
21.896274451262197,70.32183867334,40.95737871778522,67.11643385936412,1.952453908165031,0,26.173192898425455,31.761613431080296
8.743619908386634,81.75914221549118,33.66818072641671,58.96376637262045,12.40024540906756,0,21.837307387694693,31.343969615249463
17.896187001158534,68.28910780730104,21.932074321723164,44.17449299266974,0.037431804012437175,0,10.557755433826223,12.47074116300471
19.025672944789854,70.45821847836366,29.023703243094328,29.122050944293534,12.48132476521246,0,17.33512711527473,40.71024782871175
19.565860646010115,91.42115021732627,39.41875579822178,39.52117594767564,3.9346776306896385,0,29.055338838816713,36.11676570801237
24.824998707592638,90.37272700092859,40.917890431081915,57.368577077683426,13.27081909133432,0,27.64968812023951,30.30822728508589
23.474473855079474,94.53902579174198,15.613785625215083,38.060257179948394,10.372187733623687,0,15.990980413692336,7.592560914158824
25.629247691009894,92.78094764141173,21.885059942285935,27.191714685938546,9.992749992758851,0,32.35953809025343,42.7093482289013
30.18161458472172,87.81209133395473,21.73281130747501,19.31701991133057,5.479793447472651,0,19.659094461436155,36.550471015031846
31.57658642276671,69.51765286171923,11.471567862658064,80.38135503276523,0.8910446083615647,0,-4.420382325978531,-5.989824281170208
28.82556921056834,90.70260992161306,30.93832159481638,45.22503806015245,12.451096473083659,0,18.580244506990855,33.099388757244114
35.710187182693105,92.51981351437625,39.91870185472658,60.0166657394344,2.5635569276479195,0,18.44286513957679,32.35590390299136
8.528744897614487,91.17338222738668,23.355103573893125,49.23282889094442,5.5838796284212835,0,19.539132463073138,32.877739658489034
13.677561584822836,82.74589202393275,35.9012580744462,79.80532146863708,9.005320282636227,0,11.900473337414457,17.45080487217674
8.219323374366121,74.75415332083497,31.969514476025896,53.75478819585687,7.233806078409326,0,12.11911847286258,27.763765889842887
26.776766710483486,92.51456929497307,23.147705742255027,48.46251343592907,2.9799095275697707,0,21.49299112382438,20.003963469316034
34.04288591954962,89.08772148246402,14.937092982230398,83.96807923373701,2.1092453532342588,0,-6.5216369093665545,9.560664393792596
15.06098660071268,96.4420740572767,34.82633484715886,67.57516768362837,1.848694083754359,0,11.784526003437376,18.381301443118616
34.88400179909289,72.51508533492205,39.90978091294342,18.923992587748586,12.945118222488015,1,36.16415982642779,55.12533789310501
9.747754318397265,74.5442729085096,34.00490723405221,24.216356895745122,0.4733932359200044,0,30.773152933656934,40.24181881767383
35.098644777359915,74.14214634656358,10.625746941218633,72.96982903515536,14.655213893998415,0,4.352163320818772,-1.3935298484577636
18.1970579299494,90.98365326101876,17.568151303684694,76.86810569439635,2.9779303557812113,0,15.305915548605208,21.008567034226914
10.941204025027279,73.42031159705343,12.431799470923616,53.61526632722372,1.6548344531861718,0,14.700453118022441,29.503840245857806
22.090281016403445,69.93313506487587,29.963513485167937,54.35641822933114,8.654574821651927,0,25.88306219049563,23.0604102014156
15.44652046389473,96.95826339098323,36.47671875941444,60.554637028115565,1.1997893691104493,0,21.515016527765013,17.958011398502276
16.261314156895764,68.71969913190932,13.87027154740308,45.12926194261116,9.036798947453924,0,8.511698085465374,22.626602423711816
16.911408982862312,92.2220777446071,39.34182372076849,64.41592987871232,12.759399672204198,0,20.98667090673803,24.464004655193694
31.28775103714724,78.59563840496892,29.442814243841912,18.678500605313253,0.7184703220113725,0,32.079961977263515,48.417056231876074
23.63567702358238,92.40684833297664,34.14891542496037,86.9023393893909,11.998029067928162,0,14.522792806920787,10.218387330510529
17.027923275524106,84.08399424512321,43.999064701302615,70.01238590359374,5.91716161473178,0,18.633755859031474,32.20607701634317
25.699679716016632,94.14730565510445,12.928834588669407,60.49393632072055,2.3923595074681496,0,10.760168767030533,14.357681350655279
28.768369552472613,94.85959660602417,41.54284080422262,35.305764560758455,2.641447204011886,0,25.51455117967745,36.069568083936325
15.906096021272479,68.2638472571425,14.413594359559326,22.876438996538333,13.781468155413393,0,15.127477510264578,31.177929816563854
19.992923944235194,70.18695310379086,23.75355823228388,42.74743710631557,1.659086279109967,0,13.473624427319844,33.30288800616805
11.534696706771479,75.2604031575548,39.800354371589,62.926139245924674,13.001741806734856,0,21.14546535480109,29.317696557971306
13.253331136505729,87.41014707454156,41.71889828582539,60.69677947384888,8.16366931475422,0,16.76123352537651,31.433619837839487
27.7524177649845,93.75989369883368,27.723008574080087,40.61129240524572,0.5858426822465862,0,19.55439461611129,24.279804187374033
13.261712083173181,81.33831658752491,30.79366233963988,59.06291150665038,6.967142185760075,0,22.192540474894617,32.86046638645273
23.229738126344746,85.6022203719537,34.7851567109495,75.0998636454038,12.261742717144509,0,9.716970871462088,28.142974615410466
28.56234158995055,73.46649573107128,39.146553395845,12.102781787008565,10.893041814586507,1,43.42088199429834,60.77290500189809
11.09943076974757,91.34403818256888,14.252890933818316,46.049683834422055,7.331736265270768,0,13.669696700463389,19.2618418101412
24.4520543692382,96.05251522925062,38.35242578802297,70.68441827734328,12.900748195443256,0,19.205321918469835,34.63723287070875
15.44032072733955,75.78936905452332,26.844665267906585,53.691557637070176,1.8054714267034455,0,14.818412388804433,16.695180358583688
35.92487938188981,82.34995259641585,25.771819878785912,62.1180870343256,13.649115800885532,0,18.184784172771067,24.84587585305278
22.02282375487782,70.49736720468483,24.83649131989494,51.33411140842736,12.696618127250233,0,19.970273741342886,20.457953816648118
31.373783943479584,84.21496303742609,27.82240548361149,89.34996357458488,10.62415238485854,0,12.805496691238798,23.400002997594434
23.95656972253159,82.58071981355374,43.07676936881112,14.369722919123058,12.26831613193124,1,46.81945818693334,65.5422995542948
9.258963452789756,72.18865804049724,29.187132047725306,49.28358574179018,8.15723260263999,0,17.244396254043878,36.6214945588994
26.361389892226647,80.81992018042418,43.361213839209874,17.313323929161413,10.127436436465004,1,43.073449630795906,58.76210729263346
35.59069692399305,77.68903491051033,16.31015457154742,22.782844969085634,8.408971060616683,0,22.855361384694838,21.933253979024325
25.446742784243604,83.13309538385049,35.34475925914216,40.64306803346095,5.33142795761924,0,23.593680305476436,33.30981214169312
31.756476923376916,84.98397572743518,38.42838385130615,22.443207320038987,8.532911960417664,1,39.635380841237435,60.91853158839594
33.64198743710382,68.24637177960908,33.76950909672017,87.09497327653209,3.8619799879788856,0,8.514826244173847,11.848594373304369
14.614313386519042,90.06917350553711,31.242279807928913,85.74318213801273,6.604187562611779,0,6.4797328369393785,19.75624701347702
14.149300357338573,88.67741446399049,29.76844733801638,36.8887716976483,4.211631108903648,0,24.812697723527364,31.635884749077498
25.71844867667876,78.62230519998914,40.13256689025436,61.17981696301436,1.843316841920835,0,14.649422443502571,15.03755321658063
19.919825624394434,69.53514213149573,38.757630900757505,52.70026564750289,4.827927845848593,0,25.0838172185027,36.04415613580435
32.35597778313489,89.89304365376645,14.280105241320983,75.24695844126148,12.77980827277156,0,7.948708890296797,2.2915203542578917
34.10067057854232,95.70007965386584,39.700567996080736,60.195648785355374,5.716211559634586,0,18.88719367154727,27.210899611770664
18.249219999778823,74.96439628463841,24.492401680415487,10.020196359244968,11.220054734533036,0,38.85032663046699,51.559280889326786
14.86924621025998,77.3822137983741,18.87938904985338,71.05395084877911,2.6279678135724187,0,8.211615825177223,25.31573515924801
30.635239942071994,73.33057379497264,40.441899880487405,69.74784970368944,6.366287387514625,0,11.489880113637424,22.337546001166984
15.969375030895947,84.73114757700034,25.120867987180958,50.77781644531848,1.7228410400276484,0,15.920874528311582,28.805900628604057
31.855815236896674,72.4904004447762,38.29276415618858,82.2335178586443,2.0793159505123455,0,14.789607445179984,16.216329917296914
20.288409355814125,78.32962436038001,19.219126418454557,82.67569645523213,9.261545698351037,0,7.051692050508711,6.453086416689659
27.358947079452644,88.21337740409362,10.137526249777624,51.91293413635178,9.112227261735166,0,8.207730263429045,11.07691419103599
10.770524101205378,84.2433635072711,27.341071751603053,58.63905849572301,3.2005786103229332,0,11.02096694856267,10.878613889897233
26.091920415620617,79.20741436551012,13.50798898250095,89.72176575397378,7.11634791433198,0,-5.637438325503075,2.881473654047022
21.101262683379645,80.18723845241871,36.40315844337184,33.9056187849134,12.94959250466922,0,24.76189716030354,40.296805260680905
25.01164543208875,84.30121559607366,19.66262976242936,35.96937938491819,2.6130226301472432,0,16.25162425314541,22.71281388631237
12.87241202460104,68.17007710872768,25.527597631121758,24.62191221307971,0.2881579961027225,0,19.702354327140675,43.08233567350093
29.36933860338128,70.27678618515469,13.0461747782044,81.66935513262943,9.779927109953585,0,-1.6417849562051234,2.1074012942043256
33.02111524875363,93.55648396512734,20.033073695653844,69.5590711959413,0.8024731213302749,0,12.446108111241305,9.73573296500268
14.285454202632494,70.25849068364744,37.35215851405002,18.45142790961935,14.699103578586689,1,51.38271392261164,63.71624577133901
10.77572211008469,88.49730429010465,15.305576916581181,88.54138809583725,9.144304256983215,0,4.867680598894232,-7.0319830181939
8.685518995343756,94.68110675916253,32.65058463944351,68.4769366528893,7.055945292659585,0,22.31151675478903,28.546329344430028
26.617173512854713,75.8498245247502,42.10990484815754,78.04176876839796,6.449888100364602,0,22.51301413472787,21.234051299774798
25.605727046574643,78.74425167472592,33.794286591520205,13.852063133856074,8.596059877753971,0,36.907175997595004,51.66074923612832
23.85422496870803,84.49872076949677,38.385759125227935,50.396873515373414,1.3593665508032238,0,22.3848361927153,41.88961974979148
14.726465787363287,93.56956011951895,13.814007025637054,65.88786293816314,13.950285882292436,0,7.845199023304322,16.41433313661696
19.336273881259928,95.31526203055219,18.775613910071904,53.435726765747305,9.384631028278166,0,11.253992213031653,14.207264590646039
25.239813720399017,89.44733419522677,41.30885982842069,63.3317972559422,2.759677464163632,0,20.559354925759546,20.6967750492847
22.40623890691591,70.51197306478613,35.02869647663312,75.4299250872378,8.438715806469942,0,15.226206214078148,10.806739207738097
36.64578008623173,87.40547051051067,32.38438392320589,39.9469650368157,1.9988475874951743,0,27.77593320845337,41.172219251106426
11.95675282414526,79.8988079343072,33.2318357642595,77.89349404949678,0.2632907633746817,0,15.364486574856336,17.8381030533557
28.15919206738022,81.65032898524079,24.49701940066252,23.033288381223258,9.45775477820997,0,24.529376870892502,31.290343726192265
19.725244275024473,69.42530332001013,11.559482106617862,31.67088440210998,9.727250128051917,0,16.55616943713427,23.342760442354482
20.417788832842827,73.54080204104439,37.45545397247552,13.467649594186062,8.755448742051232,1,46.85475047894957,69.65056100849006
28.81033520408711,90.92489461847579,33.754963267537384,39.15414490682009,2.7522480654003463,0,28.468210352011845,40.04249849531124
28.08064838840672,81.16480615838793,26.548156243945364,40.39276358592963,9.051447877421506,0,13.56127322990778,32.84133140195735
36.746423817363464,76.74820500730331,41.491586537889006,74.42164777658007,0.847664113867797,0,13.032354116475798,29.591495214086205
11.723434394169631,79.1365531449838,21.76558827447846,62.250453623172476,9.138575333578835,0,17.7442107199842,19.42037800389673
11.019179832140823,92.77758588644473,20.30126104809326,44.93780465245333,8.310255286614282,0,16.36494127865534,26.320426168949595
29.005825696733492,89.72097150474374,40.547871377780496,62.169118289899856,9.828822462586492,0,19.502817235085395,31.008252128765683
24.773220593185865,75.8971465182514,37.89456791656449,14.222668041255293,13.432134086285908,1,43.36298618127546,62.047244814043694
15.95065933023437,71.40755336615882,28.024293372692068,24.42172288147009,12.75537157859305,0,25.36710329402224,42.319504057846174
10.303161700680612,75.30794842767808,14.575715881024749,60.1558284193404,14.70981287343808,0,12.030798322332124,17.21207290428145
10.484089238296486,94.70193708058727,17.527501501276838,61.30934553802418,14.643615494048627,0,4.83086511932733,9.827757467807723
33.931535365259435,84.8660762976429,32.96797966430823,71.93077269659418,11.58479540060629,0,15.028646755659668,24.71059941860584
13.564152416843545,83.4709260535987,23.476443324414408,42.23998072428817,14.34629433266592,0,20.29681609217277,28.920603169588503
17.377775301350102,85.29541439108138,39.27656170830899,67.8043277292925,13.00925828833668,0,21.278322118194264,30.72410021567408
14.573035664582653,78.61481970664894,43.24842532662714,64.71842660481515,10.913736748424594,0,23.323004662920493,29.332236158745026
18.29489286912618,91.40610358926587,38.19729238462214,87.07147026958792,1.130763819656328,0,15.55673626300483,23.77196951930822
10.013291439636708,83.17530122970724,23.214089804844498,27.210418113974335,0.7357483240483165,0,20.580438712938385,32.61442678125386
23.05273393633984,71.38568918029507,37.604025023099844,54.134365100211156,12.563993512586555,0,17.852689319861796,35.97582677997926
9.960764344174232,71.74288862004282,22.30045857147392,58.141155368837545,7.344837868075475,0,25.992904891338267,16.928512383695757
31.210338726848484,83.56891524857593,15.848503071797186,89.89183079473766,12.219100265623814,0,-0.5496211253938861,0.8415911464905772
14.777650375402558,95.16053632405433,11.168762170305008,26.094731373332138,4.693774059828291,0,16.833689319880023,30.477732415321015
23.660345523530808,76.94221152860976,23.500084946635702,51.85744159738338,5.964747874845192,0,19.58201048269226,21.034660572814857
33.52229353928229,93.21669389691733,41.624575629404866,37.69482461709111,10.50280081517898,0,37.48428689054631,55.33729439404361
26.87544370236863,90.1587720107875,18.364530571448675,52.07143748631999,13.729901053981399,0,10.838193455154864,24.155258255794397
23.455775809988722,75.1865608443003,17.22796077254244,28.570288168248474,1.316422117183289,0,15.048817594849048,29.083125599305475
17.405678840345892,69.05388170117104,43.94372748343641,13.808990274199049,12.922172169519094,1,41.61839990550044,71.58194581769418
17.657055478687738,70.9535706891291,10.875143949770724,55.80523631181511,11.89519087319048,0,16.66153218885546,10.838228975300774
27.415121700747513,89.12632408157577,37.5023752637814,36.86834526886657,4.73308906094782,0,22.500149118925563,44.21519078535334
36.83004147541386,73.79042240317875,21.247948450930462,24.555312139874694,5.328249211973394,0,23.119600900924993,39.19329073125312
27.19333650563198,78.76685669465643,11.312078490438077,35.9148452862427,0.6969221583286445,0,9.995161499131381,31.19604738422261
24.17571910373072,82.54927581418632,42.12308890733543,13.942416115819594,0.23610916675076976,1,39.63704002913032,61.611220178633374
29.188864796938137,89.03857688505472,14.887481557335427,86.03537872720827,7.155091895365937,0,0.17125039503680206,-4.040795335446264
21.490962756227827,71.28370547451463,29.31227493039934,56.491833197860835,1.433094682459658,0,13.01965417413562,20.71954920467743
9.744127935422771,79.78462575304638,19.591897260034173,75.18149450776198,2.9100272162281953,0,3.783358150571927,9.711126941106478
24.306607660459385,82.06711436513817,12.281748076464186,43.84945580381843,12.701507992899954,0,23.01656278417358,31.499747730313423
35.77113325065602,83.68398485517466,11.747286998218268,82.26517340529486,8.565425868756787,0,3.3185719983826933,19.507387040707258
13.08378532837213,91.73245860046129,14.044484459271857,48.66545772418027,9.504486558991701,0,17.07995251015179,21.373143718398882
28.010141833799306,72.9786676562533,12.497845486128302,55.91562577605355,2.8121899624788007,0,13.597532824494348,15.198191237385753
13.827076971112637,91.42711210297205,36.619534043197305,49.343518405012546,12.429927066816292,0,23.002406884699763,29.784958250593885
23.539002849719356,88.09347440320292,26.994817079920022,68.66226366941213,13.019696586596213,0,10.700137642248256,24.504817231663232
10.803617039754869,84.12025361176983,22.001223197214287,55.332486208164994,7.849913905695651,0,15.645538795463228,36.3878091790032
21.06075715148737,88.28630824167459,24.64291185462025,31.727913886431818,13.688366578179897,0,23.645335611043055,44.59553779651732
29.928736537962138,79.94851442959803,42.513135745041815,21.643162505811702,12.672429374318725,1,41.91959203495085,69.81645273294124
18.07957420293048,72.01352999307561,41.87631344583515,58.489951110638216,10.969862650116571,0,24.040410542060414,39.5929253410428
27.282440010129324,87.30719196769564,35.048676804290196,49.1343969237629,11.01113873540443,0,19.25237079153477,37.201616516847764
31.068048862902145,83.21549689388304,40.963883209759075,17.678055735689036,1.5809021092629494,1,44.32123523096863,62.176073111620084
34.888156764904124,86.54186921574049,21.18768096556687,41.64939726346147,4.062540565434986,0,16.422603931158307,20.89701211616996
14.804620373808152,77.8019646498262,23.338826410289897,51.18211376003629,1.0027082972651407,0,9.970416114105166,23.384751716863835
19.580161558469936,94.29913074285524,31.47992636489798,76.1514587060472,0.13021813839462992,0,1.1387345050739803,21.383749551439386
12.420064386582105,85.03372618869173,31.826908155404247,16.088084466668988,2.374642970758652,0,26.391712488002934,32.48547381554689
36.78202156259288,70.47667204443535,26.859494330431932,37.879627859680234,13.2073077397041,0,31.0863821302434,29.89319034882361
34.88302806980457,81.04431573042844,24.023024695328367,75.81248981683083,3.598110885540773,0,7.719356492431291,8.307292408325772
23.65875677813623,89.9343255875654,44.51631090630433,61.8739145417263,14.552309438875826,0,27.575821895116295,39.057108854569066
32.41896553691622,91.0299022902359,38.739326914120355,33.19666574430294,8.959364993418092,0,18.788438018302507,36.11697103565406
23.107781340889225,82.343314530149,25.22430692608158,77.62680976181139,3.5588773145203554,0,4.282680194675737,16.38140257479131
26.08398495208003,93.94767955410774,35.4552367033849,49.46348644501539,7.456962052263192,0,16.11612433137608,26.587605393475744
10.584608531364482,75.76238467863463,19.434659263836082,49.86815130483684,3.2864223405017308,0,13.745384190031414,32.89743031809332
29.90284219440743,79.90736221990973,13.505926418306546,88.12698713603075,14.759603372735608,0,12.424644471020262,-9.052537559170474
11.70369102542181,94.05931040650013,22.335085894345923,85.76932025891027,12.708974758574458,0,7.73794158563947,12.424206070951211
31.955961277323322,93.99144477767578,24.1040480043188,38.68261466958751,0.39358183173493655,0,28.92530226767358,20.048579255676746
30.67881454244119,87.88567029591574,10.578799359623478,21.246330293046583,14.216640472012067,0,17.643316953469444,24.283418945161493
28.553596234546315,92.91043586654439,38.51772005725636,36.05333858224753,10.81597660954331,0,35.26720532322928,40.13260352724633
9.048651035218102,70.57442474173075,22.571769083621355,12.438660824911043,1.235718780319175,0,37.92056982775182,40.35509633942626
16.79072232241453,93.08485431002552,30.314635802305148,11.661430936831296,10.059566194896684,0,31.11204328805089,45.12907699431847
15.630264527414443,77.29797728995658,12.588711554483458,41.641770900113535,9.703900469485282,0,11.105500951070844,21.95876255947316
18.443955816674055,73.17161386041828,16.12488900627044,85.28158581577873,3.2818311871137515,0,-4.111085926549162,1.0693892443366764
10.541639656151318,74.94172525391934,41.1392803864646,79.70858729857662,11.376700500113635,0,15.111762710774471,21.651760050826432
35.17177686790082,80.12108673240273,31.304063475898026,50.91542671340984,1.3059705496945067,0,20.78688709993002,28.637705513427278
24.06026498065891,75.28456813352955,43.25994175596699,55.21811049366646,7.341677718468717,0,35.2193058166293,35.236243633425794
16.860205009082684,77.29645999447847,44.95625120369609,10.474679739684518,0.14884810744631882,1,42.86085180946226,67.32411551669493
19.51246399515422,71.91437609607762,23.015104036658304,27.240092466701242,14.531062333421197,0,23.63383374680367,38.020158382205665
20.968873674640236,76.58912620121096,20.45810724291461,11.9819301547507,11.27345447665364,0,17.56293396808401,38.13580107490508
25.417235667457902,84.59623062171804,40.042461930568386,70.36316261563101,2.3827811423948404,0,16.778468036402046,27.289493885439924
22.954703403198437,80.81375753464086,44.9513999463109,21.651663682119818,5.125110599269245,1,47.5371776555796,60.63160805675798
34.6623672232181,78.05484407584143,32.037443198136,79.52376819814535,2.408435667122644,0,14.724506903067189,10.045865153322499
22.411941004269078,89.6471117368563,37.82992528790328,61.46594509406306,11.49926196193972,0,23.42029451394233,29.18977965024404
36.77258242987607,93.91178917040622,37.361105058534605,28.353494121257068,0.8834448814157275,1,42.16152445732441,64.52738769435851
32.69132377460778,89.94688746416952,22.436889787684144,22.61762536665998,12.606099833455712,0,27.335266984325283,37.52211234105938
14.046804916362738,77.6280203614127,30.099463308998054,60.209976073844246,14.132945082535947,0,17.21543447735907,18.253229967357594
34.987261224673574,89.58882286728905,39.15699294424748,82.06695842258588,10.149419142094498,0,9.719077415403113,26.370592578244363
11.374625538678806,72.40742529174749,34.083985669136936,67.46881751315053,3.194481750021513,0,7.54306276222303,21.117044921664256
31.706041546244556,71.77922165464744,10.740733489371339,37.88373212827021,5.401351437203262,0,11.27180799751852,26.293525105676725
19.038075510820825,78.02318407404861,21.78469841141367,56.99068762149177,7.158598122133969,0,13.122065753943158,17.69297294397836
33.46125529290701,91.42336870227766,15.056649380811187,34.86093562979371,9.069371583033806,0,23.339702987344882,27.562760455360813
33.17364401311606,75.14409917002675,18.154027422731367,89.93196534229271,10.029946347175311,0,1.5944157328969355,1.2901489603513023
31.371836603411012,69.8343488580617,41.6921317121964,69.9071350769481,8.313220729783241,0,18.89108016193031,23.601057521246258
30.91088265290478,71.8195765209843,11.291265111876886,59.15053118054029,5.269708812327837,0,9.828108835985251,2.1506890252398403
16.835695033843184,92.90360408735782,17.69302491866733,43.86073142126634,13.363759208473546,0,14.338233095697756,26.656046116821983
10.346659208486313,86.37971525767134,20.8349273283381,59.45218322076458,1.2208808702693736,0,16.634518692674366,21.311270552439385
19.68642518418968,75.34283373772932,31.59094251882382,37.32928499738678,6.993840813652426,0,34.49335385211527,37.00795052616618
13.032210934608752,84.10357893451726,28.693559153005292,12.30918715664246,11.63347257701221,0,41.60795100056341,44.21977455706887
28.15358157817139,83.29980905033516,17.639431899868512,41.60708178853063,0.9130899793710134,0,16.82279454959751,18.605076191245736
18.03689206959578,87.00764337477918,15.748437352810406,84.43846556638935,10.580028252169518,0,4.22714082996564,12.434971036585557
36.29269582493753,74.76243907822688,18.28793121086416,60.10408758190927,12.295674341299875,0,19.007019932726717,23.880578794400677
26.58819024301463,93.06768662863753,27.588536934557943,16.716456245672127,9.912469477905784,0,28.029521479095976,34.34887740627183
31.851936345396467,76.97168830032038,19.49122249989212,80.79948907160207,0.1940533841303399,0,8.901725238086334,13.099805810744154
11.843215509513605,88.12981796531088,43.16608755627028,31.509987947321186,2.702055406983094,0,26.454246745509657,49.42059565240953
32.998419985906054,68.46761474479423,26.235282750009663,29.501559446618195,5.131696183379261,0,22.71297779964438,30.649857957952474
34.75995852488843,78.80705676693027,12.057860579062297,33.767277502425664,3.5053505345706886,0,21.679320122029985,21.655555521756646
22.124795645749142,78.19958472080543,35.524324204282166,56.1761788900766,14.43978210341141,0,17.318330266179984,32.582916824021154
25.581335194778347,83.76104842890742,21.509585087314637,53.57504747471813,9.773908711706905,0,14.042022407593487,10.903423676601417
30.17948422618687,70.1093515915387,32.872112622038664,49.313100369830536,4.4545643602735545,0,13.771077972059569,22.37840687455298
13.070320190551964,90.91380983805715,19.78580296831312,67.40294908101016,13.945462479981684,0,19.700858232401696,7.981877093496872
22.574416217439833,74.31564325125949,29.976030960666197,35.32301850679672,11.108912992142804,0,30.706250277378594,21.282196619902557
19.56122780539708,87.6340966315783,37.02533766826126,72.5651617257945,4.269108177405629,0,17.683618147156025,30.78371632995132
12.244845772705224,91.2931515740787,42.48030596210939,24.02573427028793,5.683223541029331,1,46.569997060379954,46.96096716980879
18.658498246454414,84.29443173100388,19.139450055157695,72.60966312616074,2.991432874559351,0,9.76631662444747,14.841579426649885
9.976996972179313,89.48561299493758,21.71999328496434,63.10480842002263,14.566109973987327,0,18.85011288162931,23.471856366256084
8.748545301535122,87.19394905423516,26.24932471000789,64.65666476380692,7.759447438351098,0,11.133662714005013,17.831757239589095
11.91982238548986,78.31036411740823,42.45111932075961,48.524271770180796,13.440850312469768,0,30.329616228966724,31.382389511264726
35.930338236086044,91.45689763197339,41.548539988372994,63.36012261446918,5.197496565252716,0,27.15331570410661,31.214972102392597
23.936356540955494,76.54633972668032,13.145739803522332,16.38376372475659,12.912624046462135,0,27.73437063671647,31.346769396372135
36.00884267344338,84.565174614794,14.61754390138338,78.12408936394938,0.8083027264074594,0,-7.425309277651614,14.545424632165188
20.542438471573828,89.61653443510465,27.34282120657234,14.44377867901168,14.73135476286432,0,26.34190460825694,22.228533269553033
17.042667859472527,78.98972138456273,13.731674548189822,21.8993207897198,13.680515505499539,0,15.200187930669454,23.048324079989076
22.67811402236708,76.78026062090532,22.095330567204414,56.143176679778904,5.4480441716498245,0,14.952653707521966,24.73096585582347
20.74583897035439,81.32103429501186,15.193488237611717,69.15291643653532,11.620832479718661,0,-3.229281909726099,11.80805846737412
11.064275843590574,91.72094133612546,32.261412429616,16.100125147700275,11.283868897107391,0,21.072554215769905,48.18103651306757
26.58396312601598,94.96773113122428,43.23234011087066,83.66118512978558,13.518821956543976,0,27.368289475880957,24.309069848285805
14.265107292778389,83.80741897293682,44.88568196030335,87.88861190405589,4.608824716932166,0,19.164704350251604,20.83280497187047
25.968050692037057,87.1825199543859,23.13343963739202,58.476013840616886,6.982800079712242,0,14.628961882505,18.37363914453393
26.855831679546448,94.19493504492851,30.96544229901143,48.49947643014693,12.974994189090797,0,22.75124145965655,45.45485991847718
12.408720740730795,70.85785869097533,39.96936787334285,69.31159778237998,11.67869181202824,0,19.92290922070333,37.00160552927429
9.779139186209377,74.73027875811879,14.11117254787344,36.26858818617643,5.902000781104188,0,21.16176310084142,27.427803940920047
30.642085995984754,88.55810018129588,34.13475438681877,49.461154728408516,12.685878493681832,0,19.066809814566938,31.24563799486675
21.334212289310287,91.88858939545669,24.30952816037739,83.29208214515211,0.7043105884860223,0,8.100213567010911,15.035811883639628
9.686750069658798,92.85384182158676,17.215115609805743,86.45243401932268,11.730694544444852,0,3.8089339387946435,11.535938783264726
36.85112319792324,80.03810812879304,24.09637665616047,84.1655292840948,3.1014878915055095,0,1.5642397505601071,13.723401079989927
9.675636268894632,70.59085716646413,12.65861004377209,30.995845357107214,4.291813617356808,0,23.415466710069143,19.93716701971446
28.156021636898043,80.69566284168897,34.3392502006257,28.59752321734107,7.398222653933905,0,26.361984435603482,51.656116207510564
36.526688832638996,74.69130311600456,18.84599340619586,33.81316047434514,6.7460175160496085,0,24.366156909838892,29.505789448257595
14.936223022261842,76.4446971949021,20.899197576570728,45.304888991076815,7.808551603048214,0,17.432695722819723,38.51507316224041
12.12523169192869,90.39575914828767,14.237845438451195,35.13339302335709,8.171633935080358,0,24.746828974263764,25.799382461869218
11.520163243250437,70.19028549475073,40.26306898614621,39.937023659124634,4.972915365472454,0,22.943531952728094,36.463458463159135
16.79497927946027,91.99985530694036,27.27054977489585,59.65095616966076,2.6284126952554496,0,10.316194028997451,32.19092826539845
10.930328519308754,80.4024034889009,30.02514072252401,71.00205416751807,11.52721843930959,0,9.183476155985044,21.722571473051545
28.072678909129824,85.28585400191726,29.930143908319913,68.84465586143335,5.999642236307131,0,14.978152948301817,21.35418244198363
9.806462145771818,70.59991470583469,24.36725900894696,75.15388536633216,7.587612936885885,0,17.344805873464857,6.156251819337147
22.773241716343904,77.78341327236112,16.73854704033488,12.574752257232173,9.67045077526677,0,32.56231593382404,39.63475195725886
36.90420876173633,70.60132665143053,36.079646197444,13.818703174300486,13.64456883459984,1,32.34436914423965,57.667133768054846
31.605137815674546,95.88476796355218,14.446969287518602,73.15063685509034,10.6132924671033,0,6.526829393344892,6.273388366957201
25.841363708699316,91.41058783046127,13.635582659758366,52.646305785970554,0.6818883838557677,0,-5.040868458487095,13.688985363630593
16.881355002811738,81.32934987633735,34.85507631587762,56.25125390096962,12.578405450970266,0,24.527320956573103,31.48578107200584
26.092979252457514,74.48447390138647,17.309295715819434,14.206948817150167,14.840325226912787,0,29.983410287240698,23.955163987601765
23.2842024534379,95.07019805224571,20.73704629734913,30.42510409370167,7.087275380570732,0,21.039770547103135,28.796268741848156
20.35641813282077,77.99330127608218,26.63296134506091,61.06834439083822,14.54385504681901,0,15.415885242752761,28.414391988466896
11.790600925465785,72.66854851893387,25.727296085534118,78.73455120885409,8.209931135147242,0,9.611477144812033,5.222875082398781
33.71152224197354,84.3317672651647,34.80026937727497,83.3586717745122,6.894239938079247,0,8.470323562577594,18.746845643102194
21.043754815818353,95.36944948999967,31.820112770517635,50.03355966680654,4.971071470911826,0,23.058517411824262,24.658847853692123
13.644052842802186,68.11107842450936,32.5538656798653,53.63793861905581,9.863323137500082,0,19.02851124594962,25.251292124037416
18.6650211754414,74.90562045436596,34.991901572941,76.64397048551928,3.4473063078756687,0,19.154218187262813,31.923618572286234
20.009762823338882,95.21498157190182,20.241445459821286,53.00996805978837,1.5740132777160647,0,13.649597639377983,9.387455767162365
31.998598971439353,72.9614930388577,21.281665913016578,51.34868204298539,0.4085565387632112,0,10.931112811171381,27.588939097817104
29.27481703628066,71.28406009755477,25.329921176344392,82.4067230208763,4.385701690728957,0,0.2636203275817497,8.889765616015628
30.309841915598856,84.53542925819433,20.76117605617341,73.19461768447042,5.936562482505574,0,-0.8981214025329791,9.48521066389621
8.31990666843077,92.99347087555006,44.47282541398022,82.72580210890357,8.281150444218717,0,23.981218794091216,15.812438007408833
20.068465947213085,81.83618471312386,38.49181742475004,27.459764382492303,4.391247377805096,1,38.71903263333223,62.388482162768554
21.958980397424384,96.84236344385121,15.762914088961036,51.95003893242854,14.760893585781169,0,13.989316315160202,17.33790056641709
8.556576027868644,87.69597928660178,10.195795455865433,77.39777028746863,4.376177523617514,0,10.794716100414723,2.934683261969236
15.534583053605992,70.14817230910299,11.497414388654375,18.891826197368715,6.61463082669613,0,17.26713767862712,30.110576658673658
30.048404870541916,96.79213181877728,18.542220786502384,73.57297234351694,1.549142482978505,0,4.0618312682903435,10.504133654302048
11.976181466140972,79.82893286662552,14.00019500428998,24.637870673189557,3.9093977000561346,0,18.947927538411502,14.540153575023492
23.523993812125156,76.33467348151899,28.666834021240025,74.6495003988257,0.7249820968348664,0,12.085730393072268,13.904530972372225
14.240854288499888,84.17849632375868,40.02983279545755,58.96007500454945,8.39262950155992,0,31.764650647643172,36.70195591209301
8.351502464672905,76.82492016280506,35.78625773196296,25.45887931878937,11.265970246986475,1,48.084568040815235,45.74188766287587
14.994842270386702,70.50726770648441,17.546317207876665,47.86833434662409,2.935647215041019,0,17.517035379484845,13.750891287081881
36.300338892391565,68.04142194929612,23.975473960902505,64.55241331686173,5.518664067241062,0,19.869081830377073,15.576779282007132
31.244576244606698,81.03791723468761,27.776297333594716,60.708232070683394,0.24924340090740849,0,14.784583982753059,17.30312164142347
35.827722685309965,92.26903924457118,38.357204732616744,44.179775698536346,12.592830835833182,0,27.420492492689856,35.147214185164245
22.14776727386451,84.59714038327222,39.36925610871577,81.94932231367416,11.699452873975043,0,13.592263137562163,13.190287478008608
11.182349761647602,96.97701166935978,41.84014091677216,51.54107315902755,0.9488104631143857,0,19.00590659777962,31.772673619786655
23.890825180237094,76.3185527237688,27.82358376760063,50.46938388229507,5.473014139806169,0,24.790350428079776,26.17043498644701
21.176942702238865,76.1331968780416,34.2996161252552,14.980047195316342,14.329299207742432,0,35.314287573982,49.130333710482375
32.48635539944886,72.63273434678439,13.9130129931878,83.76963118381097,5.880405841184656,0,1.9159845085689262,13.553481025085464
10.844394842743093,72.75784405969472,29.785113598389373,24.16932549426984,7.893130150860241,0,27.629419904352858,36.372507884351606
22.15899297363157,76.27041128429138,18.70421333148973,52.267575474924335,5.328642915155328,0,6.14075966873502,33.53191949764488
12.351411276125543,90.99236131293229,25.11009097593139,74.28540811202481,8.941970821923928,0,5.382046388594672,14.064559276937239
17.41560187981174,94.26694692845699,32.19176779073518,27.236262156451467,14.672353134552333,0,29.605771099002276,44.22268184965623
29.38335524424619,96.27752792152276,18.99450782488234,52.189863197667286,14.962537552217956,0,11.194731616768456,34.041313558949945
21.80452575169423,74.73639996879713,11.826477022886637,29.25479273786727,11.620724670167867,0,16.048235483995683,26.369127983236616
18.900760269227312,93.55762882280865,10.358184974306512,70.77559982399293,6.064666470306589,0,3.4231322160598667,-1.710015296056012
19.439812078531023,77.51939758904277,10.775583744058254,55.147293429852056,7.416483012434824,0,5.431259997987956,15.042759874947548
21.32395628377361,71.27237579098964,10.292240812981937,78.47806883161148,5.350969921684582,0,-3.236891843112728,0.5026167377101931
30.76547977127465,93.23072284008481,13.862426979525642,81.56464023019063,14.783619448565194,0,-5.599966733921235,3.770575906831967
33.870455979266794,86.44706340466493,18.382105009954547,61.89867859563185,10.616404587381055,0,9.888857531230013,30.164629745186495
35.70470590861392,72.77719598635079,17.74275299638047,68.03129969271555,6.733971681502669,0,11.555029328426992,4.873787958174926
30.820198201403556,80.46510646787708,44.537880796296385,53.9376079909491,0.18172905164403508,0,17.869487289763708,37.250953037539205
17.14679997669237,76.33047315143496,20.71021368231301,40.754298645390634,7.8072512158582255,0,18.008578122040184,19.98035978897948
27.95590647650972,89.36704249259571,14.459727417578968,61.849433841666766,14.758923025524268,0,10.08074981974726,11.78245732547427
20.690490597606367,81.14907068810378,29.09468904587153,82.66308987898631,7.845913634595779,0,4.800515540594149,19.60547382235978
15.385448039335484,96.68911840808516,40.02851093891279,43.334430434515035,2.736400282336705,0,34.12463539684233,38.91048199385281
32.38527580335176,69.58760448552826,33.73211318756863,35.152802109903625,0.3314062065716228,0,24.39163911562119,34.60292118584861
9.114364119907425,78.29544271795115,20.36287311974076,41.074955084205925,5.320556371863136,0,17.352651592326048,21.23913956130969
34.15109777192728,81.97510484618934,29.656565592700925,44.831810416927965,13.773420835449103,0,20.57239216828218,32.073762533924665
21.38284647411729,82.59087308770127,35.01995909701432,15.884882318217297,14.948311622638215,1,33.89064274008669,71.61182955099527
26.478842827440133,77.16213884918346,35.48365723287098,49.87534723479955,14.18051962218004,0,27.822984804415846,25.030591847437403
27.1212637439677,89.14796722382947,33.32884593541911,49.54513984400477,10.94129989881385,0,17.023287172411937,43.560898821853954
33.95841448048955,93.36766513118027,40.47836486714663,57.07550621124185,8.372140926609829,0,21.933927993172084,39.8532985908673
26.463420782849013,95.22285975735802,40.45369104204365,39.02560243770652,8.86029219573378,0,31.507469796099855,48.24744722318795
25.80407395804179,91.34770792718626,30.262779579245116,59.048607676447176,8.084880136379413,0,24.721324617411078,26.697251343475404
9.932909176260008,92.66682572189139,25.04497291889243,80.25730482193624,10.605739573844826,0,3.0456336033811438,21.121970251130218
23.03383263641092,83.96581371797987,32.45496034477849,86.43767923961315,6.283098400430286,0,8.06375847253317,7.836085533867451
12.354901023694207,91.95075856637763,38.63742004796621,56.68897729128397,10.038060074336482,0,29.224109986633678,25.830553757326552
29.385579292923083,76.80161336529062,10.197823669441465,13.407276317625048,1.8241817243580156,0,23.395298335810452,36.11648037205761
22.85443570356756,79.55588410116722,44.719895315519786,87.53887978136872,3.9854295984222565,0,19.454140518607314,23.8873006633311
27.726605597042244,77.19047740073779,16.401282031521973,66.4689648717005,12.540045582129443,0,3.0042928753699973,12.214528460748593
9.208514117469143,81.55423272798984,26.458714498099166,36.87709188429217,13.556233961150866,0,20.270182034129142,13.60612971089068
10.458968465328294,76.28180887092046,40.521040719500334,21.772616077097872,8.085123563404496,1,42.889558374718646,57.55525966459385
28.773378253817786,95.88673182537896,17.876413966546977,21.473488978901997,0.474534258193986,0,18.20668650288802,23.918076326279525
10.090445743961528,77.07249421216437,26.68783283651341,23.41955249116822,13.904603561876522,0,17.945202542536705,40.09961888462128
10.0664451051925,70.84329160521726,14.64037630634127,13.645801729105624,10.530963870409296,0,20.67395484062097,31.987725392191866
8.351145781811736,83.27769781546199,23.82767138858674,82.17233509223293,6.210418856330412,0,14.03357616454564,7.029564987093338
35.738540550684924,69.65587327491012,16.199740917755086,53.26145862618691,8.975684147992446,0,12.417300198823952,36.91563447854841
29.387742424311202,71.20575182294884,22.726971206990495,65.99675301710698,6.446622516620492,0,18.435914266230036,24.504702854211146
18.24429084655986,74.36229228669114,23.07124758774527,76.2486807414646,6.980088400980764,0,9.556124142580856,20.734381245553735
16.599531857342,81.46615724658211,44.76097763594164,73.32328050665602,13.302147984891025,0,16.559966018034203,42.942780391677786
18.14139366262964,80.56427703696181,44.81845602563203,80.60844989830733,2.416263703756673,0,24.614788109482426,30.26303613483805
30.464952404254273,91.19106399808095,14.017519753121434,87.38036980199615,1.5550370322335516,0,1.856279639301365,-1.9383141352356583
27.179747721042016,89.44476496263928,35.40890727649216,45.125649179355165,0.04093116769523619,0,28.975953046576517,26.979810232311067
13.37067146815657,80.36323052573033,11.81109178841854,86.02683733347124,4.7100056341819005,0,-5.244146161434958,9.430239450942274
13.049170724688446,77.67742201969327,11.056720536801603,67.8631958674253,2.211206497266411,0,10.36318295624573,-4.926725983315398
10.853473841688523,77.17759473778347,13.68668629857375,15.653455224646278,3.2997824270716674,0,27.491752959613983,31.40617227221878
27.148778871338806,90.44585753152626,43.79199799527769,64.54264969698764,0.16858473998065393,0,23.98203981032523,15.260268275476417
30.16680720443034,69.51009978041682,42.93022417631441,64.93733276838789,3.407931220315548,0,17.949301828591928,30.475105957160036
15.686346421425117,68.37182783580757,16.787473709823814,82.46884510340217,4.990673728985609,0,3.423039180328196,13.063437939517089
8.607403869896471,91.07078736587279,15.658531744379903,39.83457059760737,0.47351244614821986,0,18.93535042909896,25.41719954981042
10.382978356816393,81.83724490368243,18.418728028058148,56.792920021745424,9.118561864457215,0,13.344338107188117,24.9008343209309
36.06794101050588,71.79555301805371,28.044144792629975,10.975004080939401,8.532005233256369,0,33.73498486257199,56.19027383482163
16.567898546845186,74.83141210324054,29.939662121239348,36.56601937450688,1.455536677648876,0,29.06125478653214,32.33262046210679
30.307471287305876,95.0426146398241,17.75577006538066,14.979498092702475,8.925146662776015,0,21.14180233801998,54.315218285099576
26.11524349677365,92.92558629312204,36.48179758314808,51.74983782119176,14.979808779133165,0,16.94056934041582,32.677833114603224
19.076249549933983,88.5837664564952,20.834360929092774,75.39581204055625,14.16703429217311,0,7.610742845518304,18.986447180065674
13.964930603671098,81.98453167978246,42.274596393529364,26.515415370325517,0.040064900514949486,1,41.53395779131769,55.48115268603194
11.520206126622787,83.08938515955019,32.98529472598557,52.19528364462228,11.930674669955394,0,24.763294335386853,40.2482612351572
25.835376073127133,96.2820915232348,25.27229180062641,26.320690920861367,5.304079143547289,0,19.367446675760753,41.9270701018297
30.464379638495853,96.00734287264433,37.64692005959959,19.655077427699233,0.9547705550194113,1,48.02884617237842,70.02628018265604
26.67322335269279,74.24280232778919,38.62701191163327,50.8797433547474,4.439748205743121,0,30.817643497126248,33.205840757498684
23.37876186422559,91.52203242285422,20.166856196313027,16.33188967597821,4.826047744694434,0,25.1853860166745,26.779434896713504
9.216585479517452,73.72003731884348,21.890009034262953,56.98837049103915,7.848663589635852,0,14.152173997726255,23.561439301519954
36.08617455023713,74.19258685863458,42.75843038050112,12.506996854138102,9.91625650903282,1,43.78938362785836,53.773120793380826
31.162711557982664,87.60669799077273,15.765936342714518,18.537197749470042,11.23583418312612,0,19.608504351645916,29.691382080487028
16.491839064327976,79.7450318590389,11.475264593702697,53.999798838988625,3.688545638449,0,7.496009241926345,16.622802277051925
36.41913955140667,95.01478780608909,25.891936291334222,57.31259303191311,4.8265585537274545,0,22.966890575282832,39.250694609610655
25.45456609945334,70.58128231198425,38.04234650852701,12.318954407500646,4.625725602896028,1,44.96613300295944,65.12766642570953
24.89025708801015,82.8342435834753,37.008383720876104,55.870143040124674,5.441053021813147,0,15.132284165200613,30.83373530005706
29.69412220345643,94.63712438285052,42.18357201194914,77.08020202589096,14.99484463434508,0,19.2444971087673,24.036835428566047
31.54132385461399,94.21929615390565,28.66202325291641,67.78529418351631,11.669149542411388,0,18.126873994514693,10.688459944988196
27.037879612613576,72.5393471890565,13.502263504828665,20.49480831366389,14.624856979030456,0,20.475632411707192,30.5042156575227
11.7147766446198,78.63249330279724,30.604114101760562,57.39797180508919,10.396665893205858,0,25.428732707988466,26.12345847197807
17.80975767384045,85.95452060135419,37.2438465023624,63.780200005937076,6.094060524709264,0,23.375406585729568,20.05396843086659
34.914425569455446,72.62245165837066,13.266484209443924,12.978496140183342,5.846162754404624,0,17.494049613227695,24.461272768594462
14.513852743471706,96.07264298932643,16.04300903841564,78.42781349468981,7.328717174625677,0,1.7359964088188669,4.883685245799324
18.792843691287885,94.52773053310216,10.430173140448481,82.50139178318642,6.25304675046656,0,1.5958004423913597,3.7120780210033724
20.530229605381685,72.8415551919996,30.77784028063836,78.03618186898069,12.424893691391187,0,3.6471193894919356,14.049352151120532
20.742744701139113,71.51350837656858,41.03570371810665,75.97051743912905,6.975030195400393,0,19.408480314667678,16.877087107651718
25.77524789234124,70.4768460014397,33.47321606007348,69.59721587687146,4.43421540316269,0,7.049531130702064,24.269949049325643
35.34919929459652,94.3738662570623,44.37140306568437,60.67456250255681,11.622904030449778,0,29.100500059897694,36.125084607572504
14.980088643142643,73.61509048406836,12.206177837491655,64.29016039906016,12.81630614072092,0,11.35240922298632,12.456726507426575
11.523539912726623,80.07226292778628,41.60503798030237,74.51162346679864,6.306434342106771,0,20.972938754686947,21.21749440432343
13.726644205938182,81.01668960390809,38.49239005853383,62.99987666890437,10.01712857858298,0,16.966840206834046,32.059370516184345
33.720822106068816,85.37132028219347,20.998453217482673,36.21815653456568,0.8820680083245713,0,20.484793771439332,26.778048288574457
26.728513567000974,70.08032496867533,44.073429314303816,40.07688817290831,7.941972779572,0,27.446760767706163,32.08971636800291
16.291296887935644,74.57599990461496,20.077821185999525,81.76459746978337,0.6747170661826207,0,0.3554549648144203,16.594564208696163
31.6624612300899,95.01322122064886,41.12566533398764,11.369766863772952,0.4378626074170211,1,45.45818754900488,67.60204858974882
32.979729894539645,94.34389311078851,40.826200197596634,65.90564649954257,9.193872757841085,0,24.132733831396024,27.298429378870782
32.54891582201806,90.65742877476507,36.518016581104035,86.38220419401723,4.550030735924807,0,12.563417996505654,6.360562837212445
34.64886947554708,68.56263612292825,29.721466583449814,66.4982535966379,11.138057436831982,0,22.164806833405656,16.019556557468245
15.314989585027487,77.48319628638696,14.200096236591083,89.51295905854256,13.441238409488882,0,4.075063098134146,16.844834105218112
29.896215933642072,86.21080332494432,28.619010707377438,65.00359244226647,2.0908676059552604,0,18.101881690536874,10.611575014354996
21.35564542095006,75.9805161414308,22.48786894792271,12.749042337348886,10.867842578683858,0,19.374589025528664,36.63365947632223
32.417958033811786,94.37801415655954,37.727596160437315,76.16079053175389,7.717799974325149,0,14.589768269916098,22.05789114708549
29.126229637686784,86.38279439314081,36.53452222738957,32.770392955145525,1.6817887524404829,0,23.11428117498013,41.05589368025641
30.516975948492014,70.08529480217692,41.87143775804118,45.68457805315528,9.773889097210871,0,26.31533106495449,26.368834882777705
27.028693292751072,94.36116207623539,10.519055685109775,34.96735327256657,9.142002046597092,0,11.302941241169133,23.54372589687144
13.1454343146215,95.77523308711045,38.318612588806616,31.484328496774356,7.734628011011738,0,27.825982980081307,28.594697917272473
23.80578064801121,70.25366013336004,42.84617185936341,44.51245629358283,13.897068068394871,0,33.37516270347611,38.584722171553494
36.55542244621074,83.43844681097814,37.62551571878525,40.3001158752539,7.8161954415602475,0,29.098972741845625,31.888477648102516
35.18425392841645,76.79756418421094,14.556806095462836,60.66708654740715,14.857726731753187,0,14.113849228417445,8.406164169890168
9.252038338113339,79.39233321796067,12.84476866943107,75.05209607900085,7.6384322077216655,0,-4.096660034064648,13.529742880731412
12.779629656153677,73.20988532070491,10.729583393269529,33.76709225497926,1.7377805745205137,0,15.524537503219303,21.28166943042284
11.820134430182296,84.76409095835996,32.00608290398249,27.097692225761392,7.057068766125456,0,32.707258691245826,41.680548486437935
29.053417389573568,95.78140124421783,32.03854281509605,63.351621669627384,2.7349314383260688,0,24.54526448109559,27.43026540085139
31.715774565851408,82.58910540787666,44.541979997637426,63.62560526646253,8.95700227826141,0,15.442866470417492,40.16462031468316
14.191829623009486,70.40452286043995,23.93151109364335,82.09049914289375,10.396982627904018,0,5.581187623147702,3.064902807681335
22.66972809560304,85.98003867084483,21.616719971412387,11.275654916264868,7.026529180606405,0,32.59679688085055,44.892879653979776
32.3803878123248,77.86646683908646,31.854872451453737,78.24325296932079,1.4655445152472235,0,11.4930687708734,17.930853640210255
29.25124479822127,92.82183049814763,38.89630353776579,51.68017383586856,7.029620978753294,0,19.39201124727371,30.01884052572489
23.7248789592636,80.60566630117764,42.78708823330506,59.70416713376791,1.221813221016006,0,15.732298084042123,23.745832452143894
25.120083023304414,73.59234865932513,38.109345816266355,17.309715244913182,10.23188933259801,1,39.11825066134339,65.18785742259458
22.742455860572118,73.5420630580432,24.933589321553164,44.60919462976365,11.855523372976313,0,10.639527929028846,20.660904091689236
16.628905088245794,90.29416124091365,32.22199823592224,28.184192579081902,14.435704908405585,0,27.94804362840668,41.684168018760595
24.385637792911467,75.70204035091344,39.97047643506409,30.338002406600726,2.2320316069268467,0,35.36538842444512,55.34190030916809
27.977673759452628,90.24976843061746,27.17133909091088,50.32760917408219,7.986305032999562,0,12.182512998687763,33.03159906742895
33.32636455996342,73.97073201223138,17.584032529688745,74.99647603224899,8.513060513031279,0,7.581722161224936,20.29186938096819
26.452449265398194,77.32890469233797,15.940320391175554,69.5024744115885,13.837148006714695,0,11.345773019340562,6.730169029494709
30.07252457425158,81.49912220075129,10.005521060231985,57.279996726876306,9.409149608947713,0,7.805219877811353,18.430445268312635
12.642077413682618,95.35267964111007,35.13832982434495,53.15345542027736,2.1826446846798166,0,13.569656811503043,21.81211104054129
21.38516675817391,95.02021131786091,13.888402309609667,44.184483458759196,6.5452698594478385,0,15.61991389048959,19.02486768423982
8.270616974985705,73.99928438724635,18.534368489357917,87.81679788491091,9.821437927593758,0,2.6489101553833336,18.182806333184224
15.153687071127067,78.38835219604911,20.425671603297765,54.81540433873867,10.50426648103946,0,12.985691257023007,16.074345781497804
29.06738973827714,72.3325822651594,29.613295104786893,30.317311864977768,12.946109978858603,0,22.97726776409779,43.42054560609268
36.762488589131536,82.78956730009142,23.928504705351923,28.407263363203164,2.7076067976659575,0,23.876010475085224,40.10372460892789
10.876164888029262,81.35689397014534,33.613589720810666,58.908242462011344,14.273132201332476,0,21.68341166403673,34.128045599227725
19.64333515997736,94.12204471107124,11.947353076504594,51.8262021848743,0.8870911802338838,0,22.37905655446925,7.568917139104125
31.202058092275625,94.97015595594111,14.337871799255382,10.615824236377023,14.75643201853353,0,24.54584897065061,38.03280014711218
13.917033404238065,79.12345433921146,27.472402623664333,76.40522977566235,12.866506392996127,0,18.37033817919683,14.825159702515618
24.0974635297663,82.2604003475507,21.79376757463904,66.32978833859477,9.90409174143257,0,12.786722702875474,24.163823212049294
29.25906758486057,93.99085122523786,20.353467696297592,62.946343174248284,11.024932503966324,0,10.795189257635544,5.448540549991321
25.86357805754519,91.39452642460678,12.345982766313295,15.502452615812716,1.0903800887819464,0,22.264993236969296,33.781123836922106
13.452717303847068,68.10603302899483,41.35017111618005,38.96446801379931,0.6221979434167857,0,22.877063305487688,40.80894188406878
18.306152491886444,77.28172736132389,34.21365051437678,84.8305808586229,1.5264869482704828,0,13.186952353361711,2.665140804434362
30.72996175007652,80.23145301614765,14.256635488687728,79.0071393073091,1.3103972199620668,0,-6.534149371955728,0.7531830776241542
24.072568909828483,74.66177222681372,12.276608520799922,32.84343502956268,8.210718502041527,0,11.971941962088497,11.417525608836923
8.151658792744469,73.78757686098223,44.12053867009351,22.564710727931097,3.231659806676837,1,45.84007158233648,57.361951797423316
30.068732040814723,69.09575069127472,33.84103926538267,45.92703657348616,12.903084558100897,0,29.112320026539713,35.778328522491165
9.024029293266933,86.65772202702306,24.610962488280954,38.46643029341287,6.686229346021083,0,27.91867414110859,30.747564405143677
29.626279699205732,75.6127984240118,34.560586426452474,64.57811013647928,10.432657146874124,0,16.72412727407778,26.09090836543461
13.871936244791886,69.51806817450807,36.47161252680557,87.31478480674556,9.793096394552398,0,12.819957419031322,9.678816830865435
35.78413092346203,74.69840000531384,37.298677083607274,39.04011599860492,4.797795583945651,0,31.859116090132304,44.60631329129612
18.67028178776045,91.25550463224766,26.725705697857016,14.97793381217936,3.647513602885936,0,22.222004844310106,39.91251214531308
17.481016873804293,92.69318626774985,25.04589653436968,81.80912066739081,5.1368442794495275,0,10.003949593545117,12.539816339468045
12.317753459640896,82.00892111060578,10.385982949411511,13.035978419189664,11.949875607747563,0,17.142733612119812,37.59999538459396
16.862522249216234,80.0660494418519,42.42949902996433,86.22127177226665,8.794152726294277,0,14.489242759918579,14.029770475224176
33.422872093017816,96.35775711155168,31.115775743613007,63.16635424072318,3.80307993778763,0,14.31286534711797,25.002758138981992
36.89369579119017,73.81637512805403,17.110387801648884,85.33513667535593,12.267696645906453,0,5.1314435334584,9.096415452056902
18.680976384698603,74.24541920278365,42.186119679750284,25.97277493191826,0.8213907916546009,1,46.052745730345116,56.10358478302594
21.009708297681733,76.46414813405559,42.022616561960376,13.25598362030461,10.487750624854431,1,51.489906581875786,69.47779015437281
28.940057207879374,73.00996223015153,44.62144575281336,49.056798262119344,6.586512086239663,0,29.334677540093118,40.49001034124725
33.69967763348716,79.0016023479214,40.59197970986426,46.049873165610016,10.969355790988324,0,27.33929675509361,35.22700157373257
25.19828569141674,94.41419258270287,44.92245357370226,36.519381860390624,13.9119192036514,0,40.77553123092695,41.42066316912108
19.354245247157053,85.84508737822865,18.56401658431454,86.6125179510958,11.250511469203559,0,-4.3235424441573524,10.15823637524954
19.96603338461009,79.94644990975564,39.47873548197319,75.80669857291457,6.629480329670735,0,25.475407469758423,28.883859140110417
28.1729262484074,95.09791304256522,38.80599080785176,62.926561710047466,2.264635222708211,0,19.075917346569657,28.553269222538546
8.093329644524081,69.40546274179884,18.082912572725682,23.028663331026216,12.095264637081506,0,24.9873152188965,39.47960843407285
25.96809078633538,74.09800915915397,13.445314215034678,68.74587265748198,6.910582903820574,0,4.47059690730474,15.178521203042092
18.309297302799365,84.410769547951,44.279717978715986,68.16099637597792,1.129684851856947,0,18.178851928806488,16.784184588750723
31.031722607035444,85.8510260726022,20.36085930322136,44.005453889280595,10.78583096665299,0,19.401679448797648,14.780057143425582
10.696728554870832,69.14716769031578,40.48121266637321,83.98287277712109,4.377779488748845,0,20.256386043122497,28.971225022127122
25.057865741503324,79.68812397930684,10.144450413611136,23.358230578320835,0.7333234425777785,0,20.429795808146345,25.015966096542066
21.948213806697588,86.8254649800953,10.735868252686076,31.387004992933143,13.541265224611166,0,13.241253695048684,25.035949714020703
26.627440251251596,88.24404584569865,26.305495804372892,15.057947140050691,7.246516381408651,0,46.69211407424959,47.73515225021747
9.880754240006082,86.50605717297181,18.355013937727225,73.636076654207,4.214415797595324,0,13.07955232693277,11.513699179350644
24.819529835415807,77.29633350646681,34.14444492025875,59.74075088763178,10.745798368273674,0,23.816708714876103,26.851239864227974
24.283053050826187,70.71208358433938,29.7947513948784,35.195224454499964,13.288535665238456,0,22.57398720737819,27.71765642558495
24.259142738068956,80.38626094616069,12.7120029107672,23.105093087545228,0.004606125506332326,0,16.298644587674833,30.975126062034875
25.50114233129719,71.73387868367361,15.691990371050098,13.21182160229923,10.317782775632306,0,22.483253325620584,38.23605111447813
27.617570179564506,95.48108609709935,23.581724452044497,23.33964549007493,11.50517541027632,0,30.196001300962187,30.768003616176735
31.344680990742322,81.77995511465622,16.49614223844016,46.262771707012654,3.1489114091923947,0,9.416217921737143,14.938427012117966
15.824800883718215,77.20051605634916,37.727782153537504,29.77415752084849,7.344357471152616,1,34.59062466324262,74.1110310701497
31.9264328952218,90.2228180624481,24.5624582443648,30.718574194557338,1.339288483769037,0,25.76339453062029,31.799685979857966
22.449414785640155,82.44050918488566,13.270115339487475,80.04610933341715,11.201248237730214,0,4.217207092929193,1.1577790930605882
10.234690094895605,76.99098669636105,26.95200157952437,51.211013876888046,12.711840278450287,0,14.261128937241288,30.632900514005236
9.697976948075397,91.54706452933326,13.179336337149497,68.34015785027317,1.622799859869909,0,0.6316029214166701,10.215980415585182
17.692911242185765,93.14741237903255,14.5128056896936,12.856875922251447,12.24690380149252,0,30.588825035013528,25.964568782080853
30.76201233623256,87.51723682237163,18.386344120987186,39.2130684542423,11.573552557268004,0,19.214273650718717,28.727954092455505
28.522747107486556,69.36196824982235,40.083469683662145,48.33354779163535,5.203699805563459,0,18.723991185700307,28.744815910012413
30.869833975499787,84.42336352482943,42.36143863165402,24.913348416814777,10.35434294900375,1,37.2385871103711,71.48672982735593
23.00080263680667,90.13555244792117,38.91902052662242,19.615323315643096,0.0007218584146762019,1,41.767353406365935,63.96681539798303
20.765770940709224,71.95858735042388,21.692702609624654,79.6243022799874,13.976964816989979,0,10.623269655804272,9.227737682097242
12.276123274482234,74.63145179015349,19.535625438809106,85.15453016798372,8.255748529625592,0,7.196497679550838,8.424992322246764
17.517589854670035,93.59235804697596,29.22044917765837,16.304535843632593,9.305082960929992,0,35.37725652074549,47.33347201682934
20.586561619042385,68.58352993373914,35.26486061865893,37.921497003395444,9.96989120308648,0,18.804232171006845,37.292046344762774
10.5694124607089,89.82908699695331,44.76804758560612,86.6628502515579,8.420535258275502,0,17.50440216623398,37.05045465137535
14.397746628625127,81.73942548291826,14.604974915762417,16.652938650597193,12.851458313091946,0,29.436157524308857,40.05288210398724
25.348533527848424,80.9563926063486,11.725219965833155,61.4913098302981,9.14552748227316,0,14.079225686207643,15.851859620308508
29.334230312936505,68.20579944235173,34.302456114834484,87.77770967736045,13.616399868607088,0,12.612465061272536,8.911488683397119
36.95207783039554,91.7625486980283,39.127902422636694,88.25789348650997,8.734974333510134,0,24.82667570863474,17.145367331664087
35.06028660896317,78.43492211846043,39.62220729532481,47.69786647229946,2.566836329708499,0,28.548169288051866,38.04630257864227
26.634390786520555,83.68220330771574,33.74622421770062,23.01992862259045,13.703438337589544,0,35.180866686279884,35.27973317127723
20.216193545528085,87.64171990373413,43.39055314417155,26.16674519819511,10.224412475396651,1,44.06749260650477,69.62162193196552
26.44914357653875,88.37625771669956,27.885166724060543,81.16811160995157,10.488584916533343,0,5.687273414823364,7.4447539980094115
30.783896924326726,95.7234217059561,41.98351794176744,82.93464034637887,14.782226258574026,0,11.735320863076332,17.5556747401876
11.431749536778232,83.40885864386166,43.873424794703304,58.630371509884384,1.1279483131436874,0,25.25567701835844,28.93581197860406
19.88724180119236,79.5918669782584,39.650510995108775,71.2941119575929,6.42888910642757,0,17.379511876025482,30.479433038460037
32.3542662834329,95.65740516825953,20.841549714051723,69.19450011763266,3.586430894799228,0,0.8194964721686571,9.192575211182556
19.13115560605828,86.62119681574012,16.867547790960334,62.94572783912856,9.456396970704857,0,4.421087619112894,2.3424015459913914
24.58429586558841,76.64636033202011,29.184202274363646,76.18215638975512,12.102175256221079,0,10.14543634998482,24.65393065904812
25.04531146500375,71.66746311670356,25.855516263306598,64.83252984322569,14.49466063338619,0,17.11439605837139,16.469593824954757
13.34981134087554,92.43408054249025,40.721541976745655,52.720184459799945,6.818941604320801,0,24.464346219622474,25.865297977063854
18.504827807916364,78.5032664810304,13.501108487350379,28.956509007052542,11.793273459639064,0,17.70328048905686,21.23405161717143
17.700827373516034,87.15362191956851,19.02090214590315,69.51105152948952,13.755773880605693,0,3.7225724790881403,25.625459920036533
8.759704547429878,81.65367616161105,36.3129630581548,47.87502942706196,10.249881488038271,0,23.909803101269304,28.038460183157714
8.701561152849303,73.7689636140561,13.324532574205925,33.583334720600746,3.640988286746568,0,23.182771008152677,23.697808918644945
32.11921426659743,85.44891164999349,21.226754490759507,74.15570205934203,9.117812266616871,0,9.144542191369927,9.945343334716782
15.91905348921156,69.75980899956978,23.55043879188941,65.73708802824227,14.5492807172578,0,4.517525080062712,9.206790259800437
23.024284220925647,79.98693133626458,31.79078287969415,84.987165049976,14.81330743292348,0,4.141627953331621,9.880573772097344
16.663041634074418,83.85183325024646,15.534642600177762,23.23533120151022,9.635397355751673,0,23.74066632575158,20.918894230457102
35.279698108344874,80.64536224943879,40.12115716223983,61.935142770919455,13.30481636807984,0,20.35845837373098,35.989806118741114
15.519606007107438,89.71149308227874,25.663978241319597,29.53915744705408,3.005240457729042,0,23.597340736026005,34.288877418265294
20.460047569429115,92.00982368181405,42.09575991581948,82.28663882413133,3.6911790742832515,0,13.298217435596559,39.7215447550594
33.30917726405345,90.36604914696215,26.375446977187607,17.959953140529255,14.293314193272895,0,30.31679860743459,33.67891185516674
32.41607343696245,69.12557548654226,19.626409062925667,62.492944515590175,2.0285306324221186,0,9.560732610559036,10.766645908499996
13.396941117542042,73.62973434293319,14.964009004068622,73.28685772224239,2.866596571402184,0,4.56288107671857,20.399980692031512
31.276655984075603,83.56161776864946,10.13107831489497,38.393427229176574,6.308228986800776,0,9.291394030378882,28.127115321743293
21.287419715398887,95.10983917287024,28.625511974469248,86.33104635070474,8.843764316300256,0,13.02189857273705,15.3362437967968
22.006097290475303,92.21374647651139,13.75048439244232,78.05845476688299,9.057258284524075,0,2.3520418080741554,-0.7689318769057074
11.87091920006237,92.43350074220226,23.71047172709124,33.56946397479227,4.379640129983466,0,24.823798336706737,43.01347132043337
10.337443898956614,76.79303761903057,30.624511643298035,10.603287417279894,13.809208469255223,0,26.163311776294957,43.628669900674424
29.11023990223919,80.45398901528237,19.64900639159451,33.73257408944487,13.726498614117942,0,28.374146660856837,25.28164829971351
22.397373418303694,81.65047247216219,16.132850232814036,32.504837637659406,5.881020795785587,0,24.701844017675313,34.67849324305262
20.668670375840207,72.5637759171474,37.115256791326956,81.19716860007271,6.514376541454457,0,4.6494894673470295,19.634220785990983
29.155738630919505,68.90097577708923,43.13769102985672,87.3696942603798,10.537456752358677,0,11.348249861495841,12.77504631433893
30.199874070742183,95.46018408435499,13.515414625168809,15.635198877620828,9.944938445983512,0,24.45531960434758,32.137287420543025
12.608336862411253,74.9806649842417,15.445661353475275,47.70358628266534,5.734455224414435,0,6.813111511193015,14.716520688023682
25.696529334851597,74.9585182079853,43.60044300384515,53.86655988238366,6.2136637728150514,0,24.982283126390854,13.54825385057141
11.925268386052881,70.41799255929402,11.32244776342862,17.432932906376266,5.220584151323084,0,22.564502939685415,23.648324150455743
29.789877494842326,94.92672480636958,44.21713177926653,40.1998167310018,3.530775104299618,0,29.12499131043531,36.75620337908424
27.051699531747047,84.81237633325338,10.162556907974608,35.36659339143605,6.872075443862095,0,17.16549395424197,13.86138102315901
35.74182401142028,87.34406885663526,40.5784029477966,52.88450834616698,10.296511978538106,0,20.9571994470388,37.21996415500942
9.999782474336214,94.43572973062852,20.756381334571234,62.895271978555044,11.129500579714394,0,0.28870136287849135,11.85358570801925
9.654586913386375,78.0229848981229,42.85061003620538,66.27880883972533,11.683104723839438,0,26.4522389270104,32.54782589167429
16.183425166102804,86.02371202300444,21.09308510224549,20.940401889071005,5.620980201796822,0,29.143495252414098,25.646452151140686
15.589464828341274,69.12518418713773,32.900721253691955,75.0358161555697,11.469539914274606,0,26.45779899161673,26.090638737565055
15.162385173087994,73.41640331870275,12.801139941807783,64.28336238326071,0.09774473537812911,0,-3.9203713337458925,3.03196132511494
34.281382835110065,92.10612834760833,18.481543400880867,81.12599333973756,7.155749065753233,0,8.657134245253243,-7.752184161104019
15.236839795635678,90.23628233381174,37.07877712677377,45.94688475483473,11.908566001990362,0,14.911912446519533,42.529350470272966
15.8865420577303,78.16863805225726,28.50400487875869,81.51118101777533,9.4506708096203,0,18.581114542423343,8.506673894026884
30.022549610120947,78.92750820545216,42.478917162546566,79.26192978848603,7.110946862317615,0,19.90021381320752,36.081081789529385
21.04245543106566,83.47307857305381,25.0062992919474,45.072746588741566,9.669630099095238,0,14.221681430969962,30.926824248128298
30.524606151700254,68.0069891358689,40.44343280348731,40.49146522343829,13.60419004722996,0,31.975389207719346,43.60131682138584
9.895618569367173,74.9960857451028,25.713440311738314,84.62496119762054,8.49572700915311,0,4.704006757998316,18.896387211257284
22.139564616528144,74.03872244963821,44.27368975456948,67.213178763075,11.996792871901594,0,23.474971746118587,30.467697771255168
8.974794405315196,75.26400545574315,43.59420334896069,84.25962771504605,14.711140878377963,0,17.549016941011953,23.321058848227764
9.81694290020528,91.37126943346979,21.51978469446281,73.75798231166505,10.5835230311335,0,17.353338334468365,22.378058061371824
34.28668614698792,76.11054183984685,41.00732846458811,58.74379514331315,8.599886458335954,0,31.955155239732672,31.886388491314293
12.03811576241026,73.55411833945429,39.66639809754773,19.26822216030116,0.5622892068801039,1,41.06640553431599,55.9953120668319
23.440199785981296,82.62364036299792,17.373813906464697,33.31845380632788,5.617168473818813,0,23.981898901314164,31.197216742483224
19.92177247542049,93.10370605480922,31.85016402741444,87.50739256787132,8.481641002726775,0,11.44706502119731,-0.6883625113945335
18.072956461506436,74.9991414112875,12.54388104564352,35.55376789713635,11.958098575590487,0,8.542399818646293,32.54173307945307
34.0951670249309,70.27755104099116,39.284875220421156,17.460389582829663,6.5715718447136435,1,40.92317883350078,70.96984325087647
8.632878506489195,78.33573733964027,16.10910592262238,66.60426847354557,14.400874136471602,0,19.754002917245636,21.410922841016756
27.249900899092083,89.68190291238436,12.478514548501758,68.72034036349474,4.076906289355123,0,7.4124271707257305,18.117376320347013
35.938438592192966,83.97002579614905,24.00766834385839,32.836617622972064,11.168507928154746,0,27.15174678262519,30.680726679738342
24.244877320393417,91.68700771765607,30.192274850987523,33.8137583477043,6.285471256261912,0,23.89178835934752,33.843084880059635
35.16785139895966,95.82817228066779,39.922093549591985,47.51143884070271,7.2898274184885885,0,23.007905548988465,26.341199965078115
9.515478499294689,90.98721182579689,44.09848839326078,11.743115980980443,12.037530507981604,1,48.66263194050863,78.99813540554163
20.145006253150683,85.51028928646885,25.382237939945227,73.14584082889309,4.443228924775583,0,9.416846445073604,12.57587922122596
15.544575937899484,82.30690605351903,12.115642304484457,35.367102981930046,1.452180848927147,0,7.9814256025052215,25.501741358181818
29.193807984441165,69.16200350409973,36.21904526590548,78.3010481601582,7.8038337692014075,0,9.60258089763512,22.18932487616345
36.45761562442016,96.5453373856072,29.78106396783781,74.2104337280027,7.931919177056232,0,16.16682443757925,8.801530618272508
15.439371810883188,79.12095255467624,25.67619706955621,62.91216264950265,11.957516583380606,0,12.060996294415256,8.028128013070225
26.97106344274816,72.41461820358914,20.82441075772664,35.989989367943096,14.524788093481526,0,19.743732978619928,28.137757053530184
13.744831350032463,87.33455680649725,27.583948474523748,51.3053249328936,0.8295102949252259,0,19.57499200987985,22.851946288276245
24.39457738257669,76.24436038376832,21.853786155996083,45.58634060783672,8.875342106146633,0,18.816241139740626,24.251677435759614
21.454042113961748,84.98756985700038,36.495415371157605,37.11055089989394,10.219177954722,0,32.84743772218747,44.510938274159614
36.188154559314576,85.01626932749315,29.036279377242437,77.85090314425426,14.787020261227825,0,5.669389670002281,17.85601542240291
25.64729090819753,80.92616480618321,40.68967209539392,48.68056596621322,14.138853214153674,0,28.591929875551113,40.25123465610418
18.135684790517743,92.24743985080624,29.024037012730474,76.61784782377171,10.686761470679663,0,15.301803126831963,19.884580213358635
11.308777761750068,75.68404478510784,18.33918446689755,18.417477931345942,7.826841168666988,0,28.57360774905252,31.42218015492133
12.386158033313102,81.0103451569143,39.78821587812506,21.28198308802686,2.422858834488919,1,36.44492501558011,53.34751412131284
14.534190968585818,83.59307172913817,29.502666572551536,88.18562440903814,5.762648328066261,0,9.569742055299317,14.280375256709942
15.278033178868641,87.24511690225168,17.239436335024642,57.02147700848717,8.776834875857315,0,20.09365479695876,18.122319333042554
32.667865677392996,90.73518366466209,31.822773348467774,50.78157387992392,10.878005948936305,0,20.1813119144736,35.18712881964432
24.275460860193224,79.44941120346942,22.520086772984964,51.85248505152893,9.530993362186685,0,18.12177138085526,21.71475755512195
23.17833642985663,86.73536137880129,39.554196430222305,27.221501922628786,10.711842027416118,1,45.512625611248446,55.7625262732732
11.328297284207306,72.36771763898706,25.865490852629,67.49631596015784,6.437287568278466,0,7.556501416275843,16.91427244104306
32.94405110713362,95.04679491573188,35.42544753375958,16.78244989838035,10.914409358565136,1,51.84711244236556,53.11120211586549
28.961614793046028,79.1087053862091,13.343767267268301,55.865897048241855,2.1561188402957883,0,12.409618504006117,25.788271154807443
9.962382495100046,89.15612123731671,23.860852120582116,55.66150372687211,2.4387946764467032,0,17.829489013196554,30.029311063910754
28.527217819663292,68.58989137458315,44.41345027653396,83.13507393068087,2.442482187441942,0,8.956066069010038,14.902831790941693
23.762608302936734,73.9504271442394,38.29611013170019,52.09462480838883,13.362974355536641,0,27.492391614400013,37.76745314947242
10.37003502665657,82.12539378538376,15.597928082842502,20.96501567793436,1.1405109496295174,0,24.041511044936627,18.057715131005196
21.290718604331037,93.46932156423804,19.72174173170393,55.820260739853005,12.022625591002138,0,21.235749282506383,26.401965374858314
22.056192326771363,83.29039934856964,21.543553309972637,17.30621154922659,3.503563470701057,0,24.023587118696575,31.129194208539218
12.807461664734998,94.9662439865225,32.7627946173406,26.303506823993736,7.02644910742876,0,23.552053613479973,41.65557794455463
35.42524626300819,82.03011000090109,36.49481658213794,12.48868673499329,13.73934893198517,1,41.08960729669932,48.39484742849375
32.649285772939194,82.22302380534255,36.23343130827684,51.063486596759866,8.789058445312602,0,20.272778500073965,22.923734524516508
27.401647782544142,71.47265686651542,27.845591970724097,16.76260922348579,3.1517652934853793,0,23.299780627659445,43.283232263786005
21.40657126901761,91.27703108041437,38.378718824335294,47.55155028250633,4.261350904782107,0,31.37469444624572,29.10025389791918
19.94120070595075,75.16199696154482,25.297732896511626,84.63560282593153,13.806699358436786,0,13.896674915134692,5.444658514928973
26.878230547377672,94.08876219179714,14.335819785344666,67.58091304154657,6.407158876649675,0,5.91467747450809,21.34015853675286
23.817524212800258,94.4139023895815,29.755464457883466,16.192933938023444,8.804782245101842,0,28.056052437113728,56.852819578430825
9.805920070574683,95.35599324435034,43.33054846103873,27.936784976707454,6.898982949380831,1,34.20682917091057,66.38271264367664
22.86257681433962,83.0866841839896,37.7547777987379,63.892993591474735,5.676571320726744,0,23.189297098444555,19.452505240507392
31.385704899752344,87.63571975872568,30.254522669228482,81.5761488819347,3.3491869039860287,0,18.921617214163042,27.866889378487105
21.317956450311783,90.57696052178824,32.63819811221839,12.6334869411163,10.292872507269031,0,29.34307938747652,33.59949827334583
9.506740749073785,71.7994239408635,42.56967094624504,74.99609053764752,10.773630394081806,0,18.202085682946276,23.411926174160737
30.80206778213696,85.42775865492742,24.99199780522362,54.9451104270647,4.123276374110993,0,18.183923081071057,23.4005988812199
13.839549681943257,68.99463913779604,21.598794862992307,53.68730602371141,11.835162645822455,0,23.31529742743226,34.95261941518206
15.500004211753124,82.42941641827305,44.203454775015715,86.62505462026863,12.818028004525193,0,17.11309211060274,28.260664979764055
12.77648424953658,72.49043776698659,40.22050967286167,69.81156900774184,13.810126443594456,0,20.143933714240877,22.961374337023628
17.57623688127343,73.30476485290046,21.306525461651084,78.00950944448896,2.4181862087755492,0,8.147002403277872,4.965417603736815
29.945793664970417,78.58637943408544,26.2323209076323,38.31964556357334,4.5588552541989955,0,14.495104250225781,37.42688289577282
23.062189925614184,80.54067783477859,24.527734515272968,54.349123266272784,12.905300212555435,0,8.725177008605325,19.24347870211218
13.941556950370664,86.07200031143343,15.218348753500187,59.23245419422166,2.9781030424184096,0,5.799462272909233,16.955208189466276
33.457072266409185,70.15842413471695,43.52367633346407,35.72671522899721,0.05202688865243055,0,36.108276468219735,32.23508428366574
33.50787379359434,82.6070610758859,24.150935092691558,55.61984999579196,13.062409653774518,0,13.712727194878227,26.227426043867553
33.246774326334204,73.29612877733993,40.63651789232678,28.932430358377104,4.896741626270541,1,38.990509594638795,61.229804612277576
14.925090130064639,84.64528007592051,16.627467968823275,21.470053685459163,6.21746287708425,0,19.136844858055053,22.697118875503097
21.085940981248655,86.48473375557433,29.175478372302692,39.917620742186614,6.695010385809569,0,21.92416857113198,38.75960051660845
36.564700028085376,84.14456844003277,10.838648479349443,69.14317029971497,12.724119010008428,0,13.186912820268436,12.729141625423146
30.38836181298972,89.41056980387091,36.7477169344808,83.29497184591101,5.0683821689019055,0,12.629379984981487,23.910811191784752
8.787855215541235,77.73266808298614,30.331986438619744,46.6171241198586,13.384198287847227,0,17.249368956477998,26.90159136597749
9.89093314655427,90.18809115736079,31.895635421441344,61.425895062034535,9.25408707072072,0,17.646277337518473,25.81971810705609
21.45400992755765,80.55024536953762,11.810230889412871,18.24297047800804,7.9093008605052635,0,29.20764233011171,30.232602424501778
34.36738596998524,82.0413504513553,17.386341557301538,82.35710068418629,4.884217606911936,0,1.4719169787168016,6.4517718274267875
23.622352140628713,86.79496169057107,12.601580532375305,55.48833708559475,3.6556754442177875,0,3.749264098354505,16.5591364323482
22.436562732994418,68.5323931359775,20.11200105313341,72.42705981001257,9.36087664166023,0,5.822926234910851,21.891477524449698
11.058737298742287,86.9658324211872,31.960365268875286,73.5552960737115,6.7034124008486415,0,14.557412494066355,27.278755202768057
27.046623037004526,85.93896932309134,29.816509451108132,30.518442109448472,13.657740148980094,0,29.19392684684622,27.40950408460349
31.84099165740654,76.98556638584512,31.42524375646866,52.333956254547964,7.374580741710746,0,25.04685289528117,34.81937647041059
19.032180217719308,70.4880342620852,29.2237944982263,86.8383801248782,7.676923750517867,0,3.331796841838048,21.136928258220752
30.492743676834497,70.6371280474782,19.556007848655078,17.170763585666222,6.250849217040011,0,19.872548176332323,33.80705556145999
35.969822963123534,94.77348866257162,18.55776240705488,64.64399184236507,11.838944954869275,0,8.26937235388047,18.836190433871337
13.909227314702983,87.98910031554928,14.797088923780343,86.98112624281376,6.372587971639056,0,4.726671712530527,7.54381452826382
23.176559304647498,71.68597579935147,39.71748062162222,34.046168644321774,4.040129996246324,0,23.344850229253304,34.262254598524514
16.327000784452693,78.34497190995829,31.576777548943557,78.91583371234785,12.930463114402647,0,9.077004108678938,14.706039031728698
30.99277815198134,85.1820068231463,16.52788543764209,84.69260363266173,8.952423320478605,0,-0.1075570180372134,11.295361481481809
24.750207610553566,92.23157944762882,16.202328293743385,69.766896751586,8.872653296535026,0,11.879839398217747,8.343882617791467
26.402890108958808,69.26616693267725,40.55624605341478,28.506264984556662,9.162333107458899,1,44.36754733466258,64.75973855306236
31.13951062886093,74.86236081263026,35.995580231716175,36.72005750612751,10.782596223085001,0,31.500364669269434,46.04413222252703
19.48314370721119,93.80272071856602,33.078967796688,12.864743553418458,4.6960198396885025,0,39.37345070348374,52.70718615050871
34.537611983804254,68.26580095533068,24.240243763875494,76.51625873962841,0.5076655624950427,0,7.636993784603821,27.79627498466013
23.457837150138058,73.84057398102273,19.169144749748114,77.9688949208864,12.158897413155143,0,0.2568731243397284,9.678802905456518
12.580689862225093,95.81170110321601,44.28077670894883,60.616824797295415,1.9335758082245613,0,18.05052282605069,33.562143624234565
28.18107442689527,85.78865354914296,37.90338512579801,38.202228101108105,10.827296058158161,0,18.300486307272372,39.70578116937405
31.004579162709376,75.58846963248769,20.562272809769677,16.144882211193643,1.2347294743099313,0,23.143837593195784,35.45662532644918
17.186088634958274,69.94274173747958,39.664767869747315,70.24460879319275,5.629617630427381,0,16.837888222757147,29.496270023282793
32.85819845296383,68.81754887296944,36.56261820151386,68.12209548879383,0.9453910474730737,0,21.78244748814402,12.710304522306856
34.27815438820723,75.09760730947089,20.39781924572994,83.00820173911208,7.833205194415869,0,5.381020187014368,10.469748572640766
16.030230133956458,93.5630887680784,24.92934989845739,68.44256168042898,9.797036591723627,0,9.48026422338697,7.938528717722566
36.522122708741435,80.06149597462777,16.508370588685935,76.29559537952015,2.5714971176728247,0,4.785513049683995,2.6484212581504547
12.080634313413995,88.88966770581379,13.886835553233826,69.67636943231996,5.574414276576031,0,0.8456395283471032,15.591782236221704
13.858454383672209,94.63026602601877,35.29667114938938,60.45497506498531,13.953592365645804,0,24.63887590895553,25.602198994496366
13.342520337902759,79.83317338648168,19.362915007385332,44.15731153528074,6.635836756611852,0,12.5046862290609,28.838125713329546
33.92570159022824,73.54704376008452,38.702077801118875,82.16938469138222,12.03815353464835,0,9.000567133465294,18.808056578910527
26.974484017423894,82.99641999485067,44.84630490300491,62.07748575259758,13.907771175903136,0,27.889316559260536,39.821632855502
12.411024213445913,94.33442692473578,12.681693487537704,41.868425757272725,14.615187374659298,0,16.65114005840629,19.18808085026441
20.76937913268212,91.32685800999332,26.556229377929508,16.677543614556576,13.47483029537054,0,19.656424711802728,25.578290753993215
25.84364272702426,69.90906545753145,38.072189575878106,33.256388472350565,4.761079937384537,0,33.33418641978499,41.11850643066553
10.420458464692116,88.08461120224987,37.61328137894317,53.49813878641318,14.438593292417895,0,19.049235858077353,15.986694392882773
33.59007468381282,84.58502815130966,36.59990054158389,32.05082960129556,12.185928626190703,0,26.81417875258368,28.970562166705264
31.30450252780452,94.31643211404634,22.214822735566884,27.69882783343217,12.557633754592317,0,23.732863556223478,26.06873680497727
22.65099643372251,71.55196108865862,25.88486394897683,52.19148112702777,0.22759476257752154,0,20.218112049464192,17.600359574183678
36.04667184251594,83.48704728293504,30.82389250695146,23.585627671658767,14.313582949774405,0,30.563653825415738,35.24472880459337
20.11506839897789,93.50441811184487,44.087920425064,74.03280506600828,11.67135335773111,0,19.585027038199502,19.545155463917343
36.53919925205844,79.89068981551054,21.46415448284725,48.74945210741264,11.5195124476185,0,13.984024964620279,13.537043201643588
27.369679965305185,81.97785261425315,42.31003607009002,55.90902191701201,1.2228709639287938,0,26.443414927768647,43.81526308913462
26.4054669243643,70.04335965234179,19.427492136317294,21.790661407787884,3.488528116099969,0,22.58460845910114,28.193218893931952
12.812691963577766,76.06616557301841,44.61760629157966,35.96610685034939,14.433924977068488,0,40.54574338631463,26.768747462776254
33.57590499083467,77.41069282589947,33.45922903896571,42.80717466089223,7.510156122082145,0,26.819507171064693,30.426238947957735
20.39720094969784,95.40855101360172,26.22290181254928,74.65702644132024,5.967870273558841,0,6.0972648489267955,7.997813104808592
12.704768767691903,76.19735345569362,31.468664982226173,71.6127618468922,12.599112257203705,0,11.862504180177169,14.041320859529126
8.365618079297013,81.3651933228199,19.538590916407237,27.83819798301451,1.310106211709165,0,21.658796949598415,35.56027272610593
24.232914825513095,87.46782828336411,19.596085012901334,59.29432652856062,6.254130244065889,0,18.506900623234756,14.902817064820024
23.294589041557614,72.70331779982844,13.974409034522285,29.476508621759805,5.635511616331254,0,25.199776976293872,18.525865763484248
28.861255048705598,82.10682922711436,13.991760419688957,89.05977245521963,5.247770805455891,0,-1.70272512854923,5.89492183942623
33.81748353751627,89.41763214480132,22.168510951411896,86.16991025046966,4.615383654796097,0,0.5651113176178368,16.882728284922877
10.302790954647856,93.13880117778491,36.69994172637301,55.061177641649635,3.1511243518511707,0,16.52412936466068,33.75359911764286
29.21339821987051,86.16151896521038,31.278990865935686,65.91220575153145,2.593662044857833,0,17.12797749358731,5.227623217395852
13.434946378829885,87.40255194419149,13.590459611585729,74.1144305766916,9.606091753795111,0,16.07982217887285,0.7035770194956967
32.88713454155776,71.6622207049525,39.82827837415688,67.67987360359231,13.790922618130177,0,22.305647627276258,27.15715729751064
31.752841901988027,95.42751842014407,31.047866944652323,65.98629528659367,7.632774678748222,0,7.758482252928026,20.524106215305817
23.683018894580787,71.84464824704999,43.62994518746729,86.68432063596225,4.469618285199664,0,12.179655886714963,19.213312780521093
28.597041160076035,90.46551517827216,33.45649135939226,57.716488504582664,2.3874029658333953,0,16.293728119096766,20.10800256391645
17.116153282328703,75.67967333157125,16.131120229646335,60.90421374552445,12.452150475788914,0,5.6842833905912915,5.47789805803594
21.663869069051625,95.0742011673363,26.58241768077378,77.94150003505449,14.572380847098207,0,7.969289705199438,28.82732261913361
31.827470033603678,88.87882664171491,32.697415914152145,63.59126942867255,5.237331022017778,0,19.11830143357402,24.371718448994645
21.318690718023205,89.86059767637269,10.98926453674922,68.6346097614018,4.364256383281933,0,8.3141551865673,13.634567339560729
18.376149694437814,74.35271601873661,10.521859245418277,28.733494895731397,9.02239429462412,0,22.099698608572936,24.863475804045066
22.3321609702587,80.84815932241966,14.529105020949878,39.70135392920567,11.629934714301386,0,17.975159196949125,23.161362331353576
32.01922832067933,85.9165826430893,18.808255226591477,21.78410765695144,6.831042053244965,0,13.098144114566102,32.1365862745093
17.72103337375531,90.32923492799142,25.034219323223645,50.46123538678444,9.451097247914237,0,12.092216107919928,16.992916425699388
13.03908620093657,71.0148219014593,27.060416581592595,46.458192054419705,10.748236020349378,0,18.80228049017443,17.051546920947946
28.648406589592643,95.90859417718133,14.830966312826387,89.77302514235654,14.408884317842688,0,1.2199748925436273,5.692947346968118
31.95336816853437,93.81639944608213,33.56870526905408,58.8966922252434,2.4755599578012513,0,23.422436766335306,27.897443122233256
10.918486877182467,75.84010912437195,30.864832159378718,72.91558585555387,14.960737407380542,0,13.773661204107064,25.920631242623628
14.956349269922397,91.86004704793763,20.30624345944061,36.72117366061234,5.882349828618432,0,19.390305900854973,32.64280239791361
12.117187703068822,83.03139376815489,10.478095920235221,76.52362650742373,10.848002140898306,0,3.4709468235857903,0.01782159992394039
18.09030093588283,81.39238796529854,12.717677037365176,59.20679731901467,8.586215669594958,0,7.3216906290721795,21.876026457266338
21.060178388256965,77.11858906853075,23.709317142879378,65.75938652787508,7.300029255132602,0,12.561268312466224,23.277026040659216
29.715963771935886,84.84808901231618,15.389102290798938,33.55446223595635,10.471130530973797,0,23.257373369671317,30.647567469098167
26.88327996156855,89.16678441340434,23.18868621517898,53.891071335646174,5.936307753353926,0,15.007467212975621,38.102070738700576
26.006928456874505,79.91705424391999,31.98639115786243,60.72295787308869,1.8916497200520959,0,17.62524458308319,39.210362883039295
18.218873451679976,86.24735659724047,29.153309975774924,57.127574065326485,7.333400746818596,0,17.270455744453574,29.470352725218554
32.40197903945804,88.28007471350381,18.091155909808798,83.21549691396532,7.8287380602347785,0,10.569797949670644,11.524875221161857
21.667327854546773,88.62253269344329,22.033787194056334,81.86181315940428,3.028532300999088,0,0.9180830150596719,18.047133325059846
36.39404320243948,69.50701684580423,31.49109194570277,87.67872463014965,14.034290344929857,0,18.321163057762476,9.735488927669198
26.39012201057637,92.93268636486694,40.12992598152071,63.39424048055915,3.412134699694369,0,15.164781574015041,24.731454593551412
11.66167750537058,81.2893461281864,36.36247035586071,87.75313041005477,6.138413911261465,0,8.58419474827513,21.43017989913791
27.609149300187585,75.61006636919022,29.369000939169524,76.59824000255271,2.3239453026708494,0,15.428719817395548,10.986771938587616
17.42801644751927,75.01117071691077,22.680254941077017,31.66657122719674,8.036949692804162,0,26.991739579747843,35.0909108724303
27.903488703896826,82.00740927247456,22.77679471396319,44.19485356410377,4.614564121501345,0,11.112446202758026,27.085960568489735
10.019593296709767,93.71811464459981,40.77960585925386,29.071395375120783,7.33908779964126,1,36.20487500085527,51.84587463335917
13.071561678102821,78.97207986879675,11.373525161419124,10.335772866445216,3.369253746873029,0,23.975244768135237,32.87087152229147
32.816380508267805,89.74204665672275,44.57939255470913,25.04390025175269,0.8066269192307363,1,56.49862314064774,70.86564657709332
14.588207153681932,70.80774319862934,33.25313937980468,10.324846902950053,11.688399766233829,0,39.76042952401073,46.39853802127965
32.274192632045256,81.80564436238079,33.83981946753367,67.5870769080392,9.616294259394875,0,15.403301413196028,23.874894450630364
16.099006565177902,96.75889807138932,11.329924305665976,44.042743817695964,5.111090335665193,0,0.3564933171454179,21.483754008653374
26.643575391702523,90.34269628097778,31.193524621194527,35.00597816622866,0.7124133702348334,0,25.50318253283446,37.92804316646651
28.130366631785098,74.10532616477778,26.967232103165646,70.93767128761503,12.983625940456815,0,14.013798683531082,15.489387484285025
22.866987841206537,82.54180273723941,13.702261741292345,76.5989419695716,2.5469250740351903,0,1.9579725743606753,10.033607592716097
16.854009624205208,74.77511814580843,19.727270376927567,88.0239630919904,13.961133274221421,0,-0.7971736918663144,-0.7167155277747526
14.166686914761787,79.87726689061277,41.16100596747779,61.36108677401929,7.178930678939377,0,22.96800325314005,24.55867147304174
8.96249128231036,90.62243668831398,29.249594555308352,46.92231668320414,5.105800648627256,0,15.836796303223128,24.082786303373993
16.814445635980988,90.3655196434217,24.469580131086808,34.421144128594875,11.126392153364458,0,31.270690131008568,34.20162925465289
26.941720925407207,74.61491095916917,12.543875454428383,27.785456737138105,13.152591091127785,0,25.520024693741842,27.53377237069573
35.210839735006,94.74447622649095,34.994253459080696,27.0340760386081,5.560703454685661,0,32.67646707592172,39.24240461929751
33.26492998562851,85.18447730017998,34.59977881886114,42.7351499775839,6.110156282552809,0,24.92789726175198,38.501197227380125
30.215878519523773,79.01780443789842,31.491526244039726,89.34290842303439,6.49737329020796,0,5.64207016204175,15.80978695640643
30.86497295434566,82.55613184264496,27.859192617722723,10.068295794992261,13.834845922180035,0,30.805171650909177,40.65835979275662
27.28456220080386,85.54706634969457,25.182454077258043,25.776471778480065,10.38845987271499,0,33.05477118112138,27.552267835224114
15.548318869414087,84.23682542352778,30.76448825457973,25.071438592285908,3.714691755684833,0,32.20408284178723,32.6921559072462
34.30865589046907,82.10574603054917,18.168840810494235,67.36955884258339,2.7749954625296915,0,9.892014144854398,3.685814691512938
27.45123704526919,82.6430513185926,42.94406724621767,38.198778207844946,3.455514951372241,0,34.63227183159333,41.470915915648405
24.25277829843276,73.1159454024087,30.607808521308034,46.58086436734565,3.9534583377827612,0,24.057698267354464,23.697367888670854
11.218694607190951,91.5692542248357,20.89173555240318,21.889930437592398,3.452752370010023,0,25.860276344358226,30.311808282517855
20.964610770386336,83.71104927828945,25.738794780980506,42.39976311015582,9.877596707885942,0,25.05228475240118,27.590236860123927
21.350389864855863,71.80131598943639,38.19896761069123,18.255984952466882,1.7390026598625952,1,46.20782654372934,67.92495292474278
33.07234467615743,90.21855594590056,15.65656212556041,52.643463031086654,5.810377345619411,0,16.327999503971103,24.838086251119314
23.852798385445865,95.04087537294318,20.249246786109115,17.835069230628477,9.375803594555498,0,25.58103787203856,34.63256108063626
19.03161592014188,95.47190007787191,33.782780795779445,73.24067049385249,4.3628996091439625,0,13.648560133783457,29.83192470572876
36.32720952680912,78.70151423992401,21.042122226877837,55.32813740323916,0.9791157705248704,0,11.181805497766428,6.40757880958501
11.210897206463155,71.92998933326187,37.737558865151314,67.91742990188135,1.2273588426895243,0,15.15700243465646,38.61610720670383
20.253904421046393,83.03358917235889,14.565872051207629,43.48131093221471,1.889501644570295,0,6.212690533731736,26.19449685797079
9.218715579970754,71.2656676511274,36.6940159659113,40.519303459378186,12.537645373022329,0,21.631517211083867,36.52831119093501
29.45721950224098,95.0856351368659,12.392310019769818,17.856711123909086,9.867952584074546,0,16.134874024801274,24.053183797033817
34.62422001377537,73.32380919329924,10.440741443362317,51.90844856342581,0.9678361664646717,0,7.111110172733235,12.434593877733818
16.121082556964193,75.33020993858376,41.43782315912567,51.160173188567356,5.866033187271298,0,33.182080676184086,38.66408088909475
32.8919086271745,79.79245927966414,30.34687259263045,47.44816355596843,4.178777592705984,0,20.15117745175581,33.653413817910796
16.474328683395036,79.11176958821464,22.313941398038402,69.24146917459595,8.670601674432003,0,11.593364396061967,20.370530763120165
34.41233468767354,91.04522387953878,18.140812293734765,76.60035200258835,7.8420892450847015,0,7.4568987686505155,5.144869434640289
29.864895204306734,81.23318779597791,31.591002414128564,70.06317399588065,7.2168603505457245,0,22.71445357251192,14.420397859018408
31.34229652840172,72.95227954009677,27.815076423785836,21.50925942454751,4.717685555589197,0,24.57683311530221,39.45177879492004
8.522190112413181,75.74908696909615,44.70592214354948,59.76476074256865,2.066996580659861,0,23.310922447713843,38.30662669350254
35.92150035514675,82.76428817043814,44.412559532881104,16.425848455162672,11.135645743089569,1,46.747528371020834,65.0994902841976
29.073458770039373,72.27616360535791,32.22585981495634,65.56978299523811,13.197851532639817,0,22.124669287780574,33.477992419074724
16.837781766197864,85.7380145937344,25.50046771370617,40.54712772489013,14.16226363849226,0,27.306624008158323,29.31339177359843
32.05244528090656,84.40667188998323,27.189933919713173,20.59991650130293,0.8792845592037069,0,29.78791110793543,38.069033244475825
16.16411475403297,88.72636717508547,33.88676731829017,78.96406855809022,11.098630673833243,0,19.418709962027418,23.440352906086694
33.30986134741771,95.19343384600167,13.555109048238348,59.12066712311499,10.897551891104436,0,9.929659369529626,23.019409542841284
11.264831321946174,94.45538227193352,21.492322583375135,38.3779974358022,14.20664421218384,0,18.369745822862797,18.099407757072385
28.406893346363077,95.43619292399612,12.634528435126136,12.458174372039963,3.7937189174664816,0,28.47343233887919,24.77136535601051
23.6802558227024,75.09675231368733,12.567626583092185,52.98482072028884,11.132685574427347,0,12.82645545162843,14.153817597531505
10.799499635667784,71.81539389254128,16.85437346629818,83.85807027889861,0.8193943314972685,0,-0.4078876800583995,28.68198846034011
15.01492101950633,76.766024314397,26.983863910762942,57.710386616189254,9.468685811424287,0,21.16592066114645,21.275883762195537
8.359717052042129,93.95747001022312,37.46710124069763,87.73204836955945,5.2627173607826965,0,11.371472954379584,16.534960795520806
21.59427099847067,96.18955076408116,26.992356190805538,20.91608946163668,11.533641593212128,0,25.567233643290745,42.15744143848408
16.736692562040012,92.9204235810438,21.74168136963044,55.46440836758695,12.949564296530902,0,18.696540015537696,27.69774779443781
25.352367044635006,71.19051391269876,12.882354661786534,73.85000384051436,5.472315633262744,0,3.842015474514394,9.377907076049468
16.619896423549896,95.475411943734,29.260343311409535,52.0432584900573,7.883791390489509,0,20.961986788889032,34.8893350561046
16.697654233702558,80.27738279317279,19.494400526911186,17.285308478997806,1.7610609354539986,0,27.87130564011025,26.424718643366155
29.5526027632165,68.26999843210825,31.52269622710016,56.630880123777416,6.253604478352149,0,14.85736868005493,20.89864671355005
9.39614224337225,80.82941848169762,44.201570869634644,58.93903246739774,5.412005898887538,0,26.343328518009013,41.082738188879155
34.18395486056763,69.33600592058856,13.896001251714257,68.2967398780282,2.7468518967677658,0,13.206344188756784,11.09550660330159
32.71565235734426,83.7724597136724,17.424388955267897,70.89692121323792,13.417179371501637,0,2.6607823949645235,3.2587106528049166
27.36633581356579,77.81806679567448,26.558308833478115,71.66181505684858,2.2213175706024035,0,14.030154343840628,8.012493756026979
25.203425533114146,81.72961307422742,43.90148353710753,63.07555149111728,9.536090362952807,0,18.880737648317147,25.434083888404672
33.87677244604991,85.78194046155039,37.01334216944984,27.264894913492654,13.352139652198316,1,45.434191029879116,56.31692613137825
13.374575206332718,93.19523177871679,41.43802176069906,42.33886046715835,13.679528697948385,0,33.076880658950884,41.198925857643616
10.29010570353403,87.19514571768593,21.68001969665275,72.0903978091519,11.898595497608525,0,7.441278804335312,11.868432694721916
14.945794927376605,80.58741718586724,44.72134658225081,86.27415867206506,2.6421170081126495,0,27.526568950460206,25.01813880520109
31.042770082305516,91.76340775644059,13.599148562245508,16.31575718692976,12.261471138208046,0,27.43797367073025,28.573720855720097
9.005437735068016,94.26188198962083,11.854051711613529,52.842934223775586,4.148472186234368,0,13.608790514354935,24.542698748776306
24.9013982174212,71.47303902653371,39.94609194689099,35.001781705944516,13.835970411487635,0,32.725565942192816,57.82982314776327
36.86768796954799,83.42605634903096,42.45427045724452,28.031511545346383,10.636300221357743,1,47.73731631104946,56.51166853161719
32.81518672128864,76.25084683253088,13.17048751411356,50.4648546815772,11.779013415133297,0,6.46757531636282,21.075880311429874
23.121924982264094,69.36477473843148,13.969959936104452,58.48714724452294,1.2754868025290582,0,10.411873787000468,17.77599283290428
9.845586369312628,87.38785415830557,11.161095521452083,10.7817785135585,8.741476701653166,0,24.26196613354513,33.354813891267334
32.10983191718559,93.02035254631754,13.657764692495343,72.41652577609528,12.317131903480194,0,3.1032442969062846,13.800805122448132
25.370376737139107,72.72417697984443,17.32969358800983,75.59057050075582,12.92385529158749,0,8.311651990998,13.513336275362363
11.333056914727438,91.55999607109311,43.952681661850036,87.24086596543464,0.42947557100462275,0,21.962552543464657,18.1778876182419
10.721861259877329,92.74847627257131,33.375107778388816,24.4514986579756,14.087388488326788,0,27.243258852972193,49.460285612201865
34.379177763661176,94.51587283732802,37.24935589314897,57.564204988875844,0.6500809995371959,0,21.083294948055205,30.735595272746473
27.406807625204273,75.69326758349553,37.16487912920327,44.13002987811156,9.217780195122748,0,21.240504121898446,31.95331258746479
32.04931718018591,94.21463889050679,28.72758124227251,36.78622812442805,10.40081291422968,0,14.392977134753878,49.62447516252409
33.490388108185755,77.29921988735654,37.9121142199556,55.250676115000374,1.610179367518647,0,26.27551517808024,29.83350444588401
24.581398209401343,84.01780239020958,30.853263633648936,72.59064745788402,0.7201779841378902,0,13.520768605263026,21.260306087001997
23.005944200896195,69.46471665413618,21.009113416117515,11.844222675616809,11.773682316760937,0,27.189186991137653,39.09586139148614
20.482394899308716,69.27255156269356,29.638853806894026,87.55200900529493,5.770059371961509,0,3.619956110990894,11.853246405359986
17.191451045942458,88.89082316923388,28.672800514707973,74.79052685645686,1.606687729726855,0,10.971724555235975,20.428122501550146
20.603282864902642,80.88991936135594,38.82085688157622,70.09229629164628,11.44001724581463,0,23.865708499204842,19.340596248645838
30.442510016174534,75.43247888570731,44.36045260835807,70.83099057444028,12.737446052154308,0,20.93503581574425,32.459679040900134
25.455779499438815,73.5219913847224,24.38648978973257,41.124856769492204,8.810792861382112,0,20.00170665429569,15.873472967295655
33.88317540869053,87.42865123491733,36.71867374544759,70.1296440675851,2.418552126519684,0,18.358085041765378,14.892858361434602
20.858020416996446,68.01164477673485,13.491705141334673,40.94161668823661,0.22833707237236212,0,8.281456922164077,34.498448239685764
25.605597782843866,91.37084390670877,37.189097930690096,81.89654636598345,10.512037219529159,0,17.150187376061798,10.761580024968167
26.307919039667674,70.29823857776793,22.999591919763127,24.177790664517573,8.252095122379751,0,17.970468185947137,20.40892692179282
25.15921770688344,73.55319883233547,11.378655701139033,33.387793937212116,9.761957125801192,0,10.974911763010748,14.852162662335262
28.376379419479974,79.2008554636736,22.713616249676203,54.10700341592609,12.197770052993937,0,9.878633255024454,34.16576926781242
14.885570582869383,82.060903451767,31.37249628225757,35.5368828709818,6.5134166548945815,0,24.14905844668152,22.06571243905281
22.85854954882793,78.29485835860432,14.17375586885133,43.938979623621876,1.867732032504306,0,12.142920529649816,14.237962393721194
11.022519281442083,77.30065278454452,42.34120723505891,49.39381515188757,14.099749280862396,0,26.34633388042191,25.439850890061415
19.150828501699564,95.95356435012246,12.71853446454935,78.50826790508069,8.17893190870286,0,-1.7194939381317456,4.308909137067272
22.142344990016667,86.60581075605843,42.55023519416082,51.85538028869543,9.229411786328104,0,30.745980112003675,31.73584271375316
26.914503526818702,68.67955570565425,34.74981312774902,38.996787889164835,14.001171443276267,0,29.846008040756715,31.88587717389424
35.5654005249999,80.47510134488508,21.539926139497126,29.818893122809264,13.973754844653945,0,20.955227568447178,43.98933503041052
25.418880929902322,93.37525229257514,23.676262169818262,42.694078303375775,8.581419100922604,0,16.638074010956707,18.73459875707781
29.564223569120234,76.74222940590937,35.928327765646046,51.258888353149594,4.464171370821392,0,19.68970991015215,30.338126860108005
22.68171572536088,70.74213399845726,31.051488530842256,69.68918857625891,14.956704510191088,0,13.068262717490056,23.12542641224693
26.389016909913607,89.99315837610762,33.50750225092308,19.683902093787093,10.21225634930304,0,23.847354353569532,35.369475678534
10.05703426787943,85.57440112614636,23.6207615779718,27.72873505913207,6.126550153380848,0,18.693723710187076,36.48709279185647
15.377355844413563,84.53906272696861,27.073471863265965,40.37232126949385,8.397552042803845,0,25.72564151070966,27.29648114828888
18.49373970294902,69.55372022861484,44.64536194132627,38.83187240956117,6.237510754020445,0,32.18218167817413,43.87463166430029
21.702307295188895,72.07447128407,17.48730046749012,41.33984700841694,13.324577284449711,0,24.513068561102628,23.20044671644773
9.323813619569128,86.0539324901803,24.624966528274598,73.48170117122596,7.237490622986192,0,8.771997161922904,1.028580869510245
12.060698829046213,74.02689140230623,20.213811565088854,35.93235223697385,12.352925639718707,0,17.519633975917934,36.89803703362396
16.027614925947866,82.6180323127043,36.77890286539474,50.15185443221317,12.60264446734506,0,21.304400480315177,46.499808153830074
36.17444803613047,83.80156889485241,36.740441898300226,59.91256262863172,12.364985066028726,0,18.800629744469752,26.841960813983754
17.60906320598847,76.22170851785724,20.235591134908855,28.57428401468841,10.832829187135117,0,18.245740297314917,24.42597671200372
21.979190685250394,95.50432951070329,12.848661082154402,67.49563097180311,12.823165752113727,0,7.530582322972269,21.253033308801214
13.686833669413396,92.43145909823168,10.400143683527142,53.768905579062476,5.808443694344538,0,9.214920503786885,27.965204298563595
25.71262206119728,88.94883172135116,24.960768663486995,45.74249304251025,1.7199480921294052,0,16.20806390979906,25.497896099958112
16.139813249963254,70.26182212587287,24.36181580175198,74.7827221390651,12.636813065587717,0,16.001835824250975,13.173236318881543
14.002784774714376,71.07777055996156,44.593645752395204,29.47962073481456,7.472526235310179,1,52.93585126818477,59.4049614738108
22.980606224933393,82.29065903008372,26.443072649418788,80.65407764914585,1.9106404879177652,0,14.858199057832639,1.8823703052757939
8.159668175652204,72.66068712653859,18.97464293513972,54.8838988293363,1.729687832730119,0,15.812771884185944,17.393345078496715
8.222256946827535,96.36969844235475,41.19303043610136,58.73399035037266,2.3886359101483907,0,26.785166744257758,43.226815334356466
14.352995463953874,72.59708678679488,27.187378237875247,80.00471713351543,11.264598895006587,0,18.874351568014674,13.129719463925055
9.064919512523813,82.13656722845525,30.971147232370225,75.40661502794688,10.662850101994216,0,16.66518568659817,11.139800633137943
11.13274686979005,78.55951064840366,13.348404864987444,58.12496550575203,3.057280202773249,0,6.310783517771689,18.23585605182301
17.8269588308238,86.54220622216884,23.402074256542093,70.25501630785394,12.703851271646927,0,12.585894869167609,11.268846441324893
31.27498470781457,71.74205585779332,43.047828606582534,44.66555921863175,4.219421932923673,0,31.255467868018325,37.497308610821335
24.589410657709724,80.47917641322934,30.63268844613989,53.7902202799797,11.894783749724212,0,14.20569176889644,17.981583491861098
22.867364052736075,75.96644595140717,22.057564929986157,14.965610936680891,7.332088616024129,0,25.11444509077292,29.991925455012215
16.511175873035526,93.74479421547895,31.898351322105757,17.18863344000375,10.973230238078491,0,36.294544749329084,47.4271722013071
35.020857863551676,69.17698565190615,41.864388135234066,76.35403233490656,5.720814946103488,0,8.908520691897133,25.388087402985434
19.51343619587856,94.49809732618732,19.589671016540652,14.773732454599733,5.2071089564216395,0,19.110573046687435,30.411907920184788
10.525690237077374,92.15683001803701,27.679085146473604,23.551930050608583,12.620393984389985,0,25.891928289912585,38.023424979775044
25.894928967416238,76.62955077678365,43.55417288691144,73.66661271603533,0.5295338177110448,0,21.44550060617364,22.415831684641912
11.301313410821441,90.88942898563604,16.03386501544584,10.091676050260503,14.62105420886261,0,18.201267467900234,30.097327403572116
18.01147114124907,68.90519324982368,35.188237395884904,32.592346307669146,9.7226933739806,0,27.182468547312,46.22424469520143
22.714946222816458,96.03910095850841,31.506835287104384,56.72309262612974,6.487250822991632,0,24.5053325511561,31.695006994132132
33.3524532158701,83.27125333510389,33.78862958992222,57.63599451754373,9.420817967256378,0,19.946773725069413,27.069869999518176
22.312850829863443,76.79514975589791,22.292687073364938,72.17223265835788,1.8411141968847422,0,14.190118457330758,15.517080541423729
28.365504214918264,78.51491316524563,20.985778071931772,50.47410035937364,7.710786829403214,0,12.390088321478782,22.3430405780692
36.791688330973045,69.92575525035443,33.94733847059297,50.752149562477626,14.776432850096965,0,17.698440082607288,33.476608071579506
11.813184477041467,96.69113590721913,17.544014978659085,68.02484604325603,3.5290415677006024,0,12.608922827777972,7.719958960703178
15.967214240066067,69.13946640937009,24.687916070065178,49.88995706130268,10.834171485545241,0,19.22329858992273,30.89429995109854
19.442706192331748,86.99230657128791,16.58611261185213,58.67928692508934,6.5245706374755095,0,4.761290189526967,18.954913662311228
20.23301717762611,80.8393419034873,10.290669439316542,81.82192546040409,9.786872227319304,0,-3.405447499276897,1.6042371142014247
19.919611182700827,95.51857032747273,43.95200760133243,42.116080608989755,3.0733084303766316,0,37.16408582325637,36.11032609664376
34.320719074140094,75.13399246889706,25.109604252974666,40.81000567353777,7.056974739264036,0,15.68902432707942,34.62967687473735
28.706946689538835,83.43051789420232,43.92723650469389,10.283919349181705,14.701390707889127,1,53.55008618122242,66.18936995009291
25.629251208630407,81.98833004889984,14.911323191873914,59.07410092169855,2.9293072652401437,0,7.342497833258895,10.424901875636063
16.97180881802068,88.38312687745294,30.557837281012013,12.381752592570558,9.546675417731358,0,31.548513578899183,40.69001296275872
31.889921142417545,69.9722967266202,17.034091147693385,50.331879178265304,8.63396623150193,0,14.890444925083965,25.472135559534024
35.69675483306468,73.61988477067729,37.65259444371462,74.33870312257812,8.47577379435605,0,6.01978023258588,11.582203008475235
31.81475019395657,74.22237978269264,37.42960460663413,53.99368564157305,9.226849344774257,0,15.203109933708653,28.372426168287944
8.045388050552715,89.406371890409,13.941250216375913,31.57089321733408,7.533569605323422,0,17.931022236923546,33.23047153062225
26.455639735318805,73.48502219347546,41.92225585067362,72.89347371594971,0.25396125386487,0,15.471547991632496,24.818446619301483
9.48292606182092,84.63126115283832,16.812037652112863,31.577360326603106,13.501452171946767,0,23.91571720444861,29.365995586571362
15.470609389677934,74.24207079452766,31.454206955627612,68.64254247567189,12.404682412260463,0,7.103736330771616,29.022889934868168
9.726216310085379,92.98712355243538,44.49717670306964,58.8206764152185,2.61251521381682,0,27.428660708259205,39.41634302953458
25.510068135532244,95.32337818019951,40.883878716822736,23.599703739840095,6.1990976606830355,1,36.480922134437705,57.01003432287814
27.9111074912856,83.03629627332498,43.47973749964091,82.41070998753486,11.558234710403518,0,15.25613078283786,22.210803639343744
11.320141503911248,78.21695764206618,21.99095699263418,26.051494636575654,14.700934730809266,0,17.858141284154573,39.107323653053335
19.131327608304403,74.78767547550747,13.695147477681218,89.16696593125359,14.267055696626796,0,9.609633361820523,9.126588525094586
21.23085875971072,69.44364904416827,16.592140565130755,10.584839092395262,13.490387995142612,0,18.423157739996622,35.10499782491576
18.702537631066583,75.78650220972736,27.517321327681483,31.078670171432243,2.3756084594870948,0,23.824761135565954,33.704105161989006
11.509725014070598,86.97283761841422,37.76303873956628,25.988823781935906,13.717126590135072,1,32.4506914951016,59.13607959270237
20.149485915436784,83.47489100796712,15.255377546435632,11.11947281363701,13.17667369426619,0,32.28969753947966,44.273742232527624
29.784163386444124,95.37719707014689,33.0906036291265,68.58943201178525,5.654248667495843,0,17.974884291913696,29.89155221736749
10.059222271464408,79.49204061225932,21.325216141382917,65.4740641679677,5.91783891804393,0,11.705254268294489,21.459210944235792
10.3252204083752,88.12203692752344,21.942072533725373,73.38807714839444,6.898633829327411,0,16.326177818802982,6.259327728430202
18.288367463243542,82.19035967677851,33.16712055552742,30.53588371716522,9.842634464496255,0,28.159907369727204,35.762085000612565
35.31004563694883,82.86471026180214,26.344979683662707,45.54681336663759,3.912534239745236,0,20.606302612545456,26.03225574771327
27.388606754964506,75.7654551235194,38.421165255909784,62.729081729723795,0.34422644159917026,0,21.050484549363514,37.89046168988067
27.68142874350438,81.19357252841799,15.457147838198946,45.18148031105149,2.118442868958634,0,16.992301452999627,19.529645840241304
18.495679734298086,81.65276491336851,37.64818944184634,65.78606162543326,6.601738613651605,0,16.62606931368688,35.048588776477786
25.216162945047614,88.49263313071908,12.24823368200973,60.71787267523537,4.230038541393028,0,6.837318501617593,9.066900445394097
8.293804336804557,95.2785599763973,16.791885808596174,19.171824241774118,11.467748415541978,0,26.69606877405308,28.970214084822747
26.446785345876723,77.55031704699263,32.96524000761079,72.48344968615744,1.6003510582390708,0,16.124449855747574,24.155942870795485
34.48532147971086,69.22381358885765,39.92239797788749,67.65410872740146,13.761978383322058,0,19.09374680021268,37.8688222347742
25.764630581999757,82.39255863951855,18.84378697087722,62.466751009392425,13.429907699158667,0,3.67925622746732,14.837131873894219
33.33725921052401,83.78937863232589,21.451706204011952,22.407488501680184,13.631352253999323,0,31.493857974184902,15.968653288706715
28.99521860851672,72.88477598282554,28.7992261900359,31.439715903629093,11.0941499790499,0,21.660427774175368,23.75436553619769
11.496194075707017,90.05347358200594,17.405048227125583,41.45416252700804,1.6049995722539894,0,21.202461547556666,25.947094818623324
34.171145911289415,96.56294414480325,38.3904691555627,32.39436973251547,6.572063570543501,0,30.355691916467133,29.75296141285905
9.926871486317472,95.42746679324537,37.07728257520163,28.224823254090516,1.9710805770819562,1,33.60394169772431,49.897500458709885
23.48505670388515,73.71607512588591,15.085209918802356,74.42861361294206,14.81548789141624,0,11.475398263171636,9.366074160572389
12.121976590010272,93.38553395712206,26.234040613582124,61.05857970881619,4.995576350980099,0,16.072149626143904,4.171421764397575
8.339491711196217,88.43031545593885,37.11897183291175,55.23777052402003,8.77995812835093,0,28.664881542935078,27.518194364860854
20.238993543701532,81.16155035040043,21.806533588619516,28.07621686826031,11.690895813663326,0,21.568358230152068,23.6997735008457
16.556180521970532,83.67771883541714,32.15873879512061,83.44612498149131,13.809241263384681,0,14.565788052948186,5.422535259170591
22.094014320130487,92.63840507449129,11.757459251015046,25.2946431277853,11.3332158876204,0,9.477701130446867,21.321327224968485
24.738796715301973,81.92391324951282,31.30410661852613,73.59607462597417,10.117556681493564,0,11.07215160350203,11.859571645239988
9.268433096959473,78.82301370404868,15.342854300021244,87.33381333642345,6.98972673057227,0,-4.893683512072768,7.558548771389482
11.567095558588623,82.30417729775358,39.07041637900579,68.16741833793888,9.08100200625786,0,17.211063437929273,34.5509699990081
24.200629497062334,84.79476431701642,22.440731225316746,89.42870201477038,1.4124571327924473,0,6.750813705757985,5.141969968004449
17.95185324200709,73.48325195957212,19.85438519548685,62.08408935823574,13.258838129418939,0,8.279065352001975,12.90611492066996
29.146031138933992,94.12632417774273,39.43111418490197,27.3968274883116,8.15665963259828,1,45.815719314151416,54.80050250751125
26.91645780916625,87.55142151605881,11.755040807513357,26.305559497320907,0.6020257565241405,0,13.70278933681035,18.77349093001041
32.522526526707296,86.36479860278718,23.881307976702068,35.96514274043811,13.798531884898463,0,25.57729423446949,20.921534420508248
28.082291973407532,70.8853905592385,22.950123920126096,10.570401617680485,7.339529607553031,0,34.85272730412908,28.0230325347501
20.468001244314294,85.52104420700516,19.968013098734282,64.53587760662677,13.028837123415027,0,15.690873942834038,6.859810108362646
27.51603204943854,71.50785920491627,41.91140162005169,31.493422770226207,12.853319313080354,0,29.78672871980912,53.97340891372893
15.986054053407138,70.28223258066657,36.28249377308528,75.21465858342023,12.236273811856723,0,4.949581321795858,16.850685582938866
16.883091464568167,83.2920159736294,12.237310746717856,38.73381204474402,0.9210452894303411,0,17.40934674362246,1.2574623277867687
30.880569637703005,79.68078048734836,35.01406073022339,48.39651947706501,3.705999681363133,0,22.361900948415673,27.54043007794098
20.946165975645883,85.07549783453047,28.455469659507788,87.25511332482954,13.133218086981461,0,3.1592361316682647,1.0383347084471062
31.15302987503222,70.58744287365992,41.530376304055274,29.373769843782167,13.484865840781408,1,39.17166187454093,58.585112424900444
31.850248836380075,80.4985088225705,20.953096607192546,67.70032779437916,6.8710329355320905,0,17.338576547506534,15.153251259904827
32.869307792177224,73.06881473630958,30.095669986335402,70.40942314443338,6.600622014813034,0,8.238307046786915,20.28483219787227
34.58242183939501,96.62590249179938,27.526434615934512,27.679852601890815,2.6271095082922464,0,27.80080740550607,35.15883717758808
20.49857139488559,84.27335616062005,27.1346317179662,50.07974692897565,14.526161830367268,0,19.633182658477423,23.63990812685121
17.247137731313025,87.93566896728515,25.963688983102443,38.016154025037466,3.197077130385648,0,19.79005996072382,20.180478929066574
24.8837636512293,77.43713013979563,17.197031643629845,71.75249947200713,2.8640517652614834,0,10.295429416778017,11.09464069357509
18.7640002796912,70.74742852860098,36.44984728723375,59.79866552232299,9.910934552237615,0,28.44655028141431,35.08291428736091
25.431150837206754,96.30025502072256,25.796761145875102,48.07864438884376,3.642664545006715,0,16.994929736853432,38.94231051855398
28.461990016670914,76.3015120261123,43.5480696250912,72.34906120381746,14.081574165215846,0,18.853411711014857,25.523278002385695
27.96374553627197,80.29043737003366,19.128294951747172,28.812445600673364,0.1636049297669223,0,24.03073832062258,29.044729113793156
18.86203372358352,86.84605372937467,33.89603438694644,70.28975044674873,0.08629893484951967,0,20.452306166623607,25.724710707090626
12.838945849263832,68.71622163289723,42.9250977873688,79.22994496742595,7.573152021533993,0,17.055029367713438,34.51577160175563
20.48535081540402,91.49751478500133,33.22104130556324,80.2897277446058,7.3209368987020795,0,10.996733648931636,14.41265741196379
12.135230178375354,83.56076751082999,40.49455176660881,72.69388744156831,2.4504603285136572,0,7.350877047235111,30.067735301990318
33.81281402033044,76.06829842499585,38.961833591495214,42.6411333598615,7.417793444554267,0,22.798532225956386,30.560911952281806
18.030446361397864,69.78663157348161,22.604120042115134,88.54464181742615,6.174916577549797,0,-0.9578908845080303,10.453558230157137
12.47933266947639,72.7124540487588,31.00433789788238,40.367491505795186,13.354942880135532,0,26.815046478762092,39.24983537273995
8.737985037266775,93.95598190674967,15.469146893397447,61.09003192819405,0.1388088032544521,0,8.188049125236303,5.8094511189262725
26.728849202308044,87.89470249414084,28.743405894345983,22.885934245557493,14.644047075494283,0,26.0908146458111,34.41565678425707
26.470167206187554,75.2471499274698,18.064769013501802,88.43591189091141,9.365891464437636,0,2.4563296213625705,12.147978328601528
17.877520830857456,69.90242218340586,36.030788523335595,66.31887374917306,2.2776516846791344,0,13.768849786288875,29.404052227935697
10.07964477658188,88.02784405921246,28.482044766224362,70.27020361970946,0.7014002071674935,0,20.926197230643112,26.232768394054816
19.879237951961727,84.59982405306519,24.39295769210812,15.262136272891569,8.071584878388478,0,34.10880752266964,44.46999763128671
17.025307356838415,79.73106620928881,19.407898365844215,71.07342513765374,3.5233524895773014,0,16.472455556864425,10.827644269028095
27.63649855231527,78.54473202651185,44.95444686444504,71.9778743376481,4.5174830550188885,0,24.300947287122543,43.57584942237062
25.56759823412802,74.28761400194414,12.509868230972643,63.741818108978386,3.6769824725177043,0,6.984998107683121,12.967563630265994
18.573218117728658,87.41872643958801,11.524623820034702,33.35276910322749,9.752584703587662,0,23.830127694083533,2.183704006720422
14.318884073394713,96.14937280602224,17.604009017285257,49.17520337287052,8.302934431742003,0,10.644609317216576,18.91589945458185
36.653043018512165,73.09574212926795,43.98753605197369,18.834749704697316,1.1696163528271724,1,41.98729821941259,60.57442295030999
21.16604701468733,85.31638198044959,44.27333589119946,47.726965316732205,7.897897997627631,0,24.811020776730768,43.03995957959774
27.959952837626876,80.30136661663332,32.92247071702476,29.505908208032388,11.8678464834495,0,30.22381923067416,34.79282194061499
12.076036059772463,80.95397293059528,40.80373335222417,37.92775891952657,1.217918862304865,0,25.213013033315754,47.00392641425783
22.082101290122537,75.37027112370662,17.488660579427837,23.00803267229589,13.3460846434563,0,21.06505554693516,35.19667888558529
8.798564876214499,91.92891139418116,44.021473296181824,28.40434941975176,8.674599741715937,1,35.480155352741505,53.050510979517966
22.65819841940305,82.07241252026999,14.997469754884763,16.125491345609298,14.25936703905475,0,25.066575800900814,31.565671965407162
35.95650480641336,83.75876971374966,13.53938158635804,83.5921093149537,2.222118265835635,0,-5.893458837222636,-0.7419488840944641
19.141994676588205,76.83806647112245,13.927403873654551,52.43285503803227,14.903474990299728,0,6.573040151090787,18.676610836955504
9.130884364672436,73.27244550434155,30.059477314539762,41.73935770101917,9.664092989545152,0,28.59376702144735,25.86950723767034
8.897717936660962,70.49140125788179,37.334104025131836,52.80233702150271,8.512412992215943,0,28.727942491045656,31.80057422004145
19.251616038459215,88.70945508682256,22.83335122561216,60.26345827852421,7.729194361681281,0,15.20920357698131,17.68848716702473
12.640723157432628,73.69079416894782,44.226359572514426,83.75030346954793,0.3548155964746913,0,18.366406654068985,21.97013157293071
8.677210793517391,88.01218527147513,25.20470483414153,24.295436182905064,14.094587873243672,0,22.658923326427946,49.761231085909586
29.93019480455513,79.32091693536167,15.26569927706257,33.644199890817404,9.659917092812975,0,13.675071352575056,23.17834302296015
21.297167257574827,80.05746922869989,26.308836186514785,88.06314690752917,1.3743972674893685,0,4.924265532211743,-2.9809886644231334
16.38809838720698,81.60614738669038,33.76630078978539,39.69543893188195,0.31428255441787345,0,17.406247843016523,41.492387914258885
34.10241230747794,78.66354673569876,39.12790231765325,11.80493206058621,0.76175458855127,1,47.28471431541908,70.81045987897153
11.368029845815244,70.91797933945512,26.05689014848075,21.811479410972705,9.14093645148361,0,26.72915687499061,23.056961108121584
35.721646039704254,76.97932249008252,30.776238911720863,12.107096139884161,9.210231223418779,0,27.08888428034385,38.71660754262238
17.105034803943234,87.24829646012421,19.357064925559868,89.19385139365828,7.495009376721616,0,10.763786638889238,8.987372295798274
33.763706496951755,87.30774764259726,32.60707842419299,32.309667919297844,4.6014873097942735,0,29.64520738774238,40.30980271531612
25.485343417904385,76.30050490995984,44.50901803826203,83.88342055489808,7.9761409742196205,0,20.548691872705874,23.118976256828944
31.974513432503137,81.34297617017295,11.716875040572784,89.67090206077727,7.744527313143868,0,-3.479532728142613,1.2865418525657548
36.53638173310347,73.60996961234619,41.02857347468087,57.987297691449136,0.29123339814848437,0,23.111447039774077,24.852109896646567
16.363757696743626,74.10079036436524,29.6798875968633,12.65570520524494,4.23703845491247,0,34.18009558779528,25.946709481830194
35.8729290768202,68.66836556379161,18.823453084680498,16.52733043095416,0.7977801220072422,0,25.217439248555177,49.02969090571139
19.29497495217019,94.0056499473246,43.421139850324025,48.52712440863022,13.502321271714832,0,35.16193652642231,29.861163202795325
19.17984523737075,74.11049328717228,26.917400607061463,42.493761032918876,10.87834744177703,0,19.691634146571317,30.388475781520704
17.871226023380665,74.59848243115744,21.609158808568495,58.49418446254141,14.941727552893685,0,10.733521404341271,18.45588553050918
23.70082061307997,76.10844154670882,16.35241698947944,45.10782477690911,4.532568949579318,0,17.815125444024115,28.048703148838836
12.470206252176126,71.69483407916744,18.555827358983173,84.72614794171875,13.177287716353655,0,-2.4631670644565986,8.04731773307751
24.057633075382324,86.53862361225953,39.149716455700485,52.77917723308089,9.045814018987226,0,28.362589719466538,33.45224565183193
23.709439559890114,70.17914564215,31.504350326100806,65.49808491699537,6.796881103554074,0,9.599190684991878,4.263148492799836
30.09515256554123,71.89187036346416,41.963596682091065,81.71882181139972,3.338596669329527,0,19.659075127918367,16.657255776898978
32.17584889618998,86.69794507111268,18.118895825522504,21.74975006665659,11.075882479292142,0,19.29315512190096,37.38386879484385
20.7727991590603,77.85015799396184,14.239850084711552,28.378772329482285,13.562111233564499,0,20.989214078428056,31.77507869453752
16.76766423119332,88.53048697433448,10.213063584145651,18.585492837921205,3.529625971130561,0,24.067598671001548,22.03207124999843
15.52071202219574,84.16531759543412,27.77517131655978,21.171071938392984,2.6308550246041884,0,28.30337005428159,27.150473935530822
13.644091264441286,75.42461401878388,44.94074256336958,51.006717354738655,10.443328725073005,0,21.170251317059797,37.44781374318679
9.671779883771721,86.87401056419051,34.323784408652365,35.694340717397125,14.654597440882787,0,21.969713766571285,15.96911601666186
17.930991386206685,71.37193672849354,20.79381071878011,43.85382716214039,11.24932651656117,0,13.597461505579025,16.89403580004757
15.837183071792715,83.55590110932089,40.69005040591601,88.59918654352495,4.268711085714734,0,4.290234771911653,31.295483152226794
36.026104190125814,80.677295046306,37.36027930957859,22.536347823675847,6.299331362216785,1,47.556624601346186,68.51709975839319
24.173555961251274,75.76833390170579,10.539530812678874,53.26496566384605,5.764764531875576,0,9.840813635967269,18.428477733424916
18.07103413188472,85.5161449344455,38.59011681893578,17.909692404292077,12.781425270705682,1,38.24456046223529,63.141547331013435
24.833560428817183,93.26867417786819,20.51843650334736,35.47970506111029,11.570561683083357,0,26.893681020632382,14.46798438589351
12.036704339025171,96.96823629312922,15.238571260426038,52.20207389396789,8.834631521422802,0,8.452022961331839,13.077642542124646
20.877268726863882,85.6251202935593,17.92157939079761,85.73053967722701,4.124386655953549,0,4.494490237605059,4.394551577827326
26.160795321210852,79.73647035554593,26.400293153129866,41.29825770267864,14.069827915830842,0,16.684316539780333,24.28497656429814
22.17803712198109,74.53100590626984,24.870377447380385,15.192535697173586,9.7997283715372,0,17.78612724789297,36.39350884520374
19.651585218975406,75.45578659245824,20.11105547809794,41.052915836825356,14.557149696626738,0,10.917450193745058,34.74003792255268
36.821603278091246,81.9041943663432,16.027641277246143,21.659294069918218,8.701755495630461,0,19.273580263315452,27.16010570948114
33.52912810231888,78.65105333714057,36.67807763747592,28.399169063315625,12.317891375454211,1,44.31077245577352,53.26060469326194
26.078772786623762,94.50062115612339,44.6538424307221,59.44724985319923,12.196580690917902,0,26.225411993497513,38.19012452393983
24.511943474286202,78.68056856201558,37.222705314689165,15.393909296294535,5.059931652503881,1,44.69420549931245,51.23972944007606
25.999153914912938,78.82989314321763,20.35779386850394,47.17790050000299,14.460310844358423,0,5.975388670526661,17.46208406922924
13.838051126850564,79.12250086058533,18.568313649424667,58.75692688086115,0.32912201396345986,0,18.00750949885446,12.474159323012438
19.45899455466524,92.26198610066209,17.61830566230784,43.74867138939975,11.530663631511214,0,16.802949896811775,23.46065986748703
9.14432645383608,86.87286130456016,14.78432760711627,11.530108049898429,14.483356286460658,0,23.336043039127805,31.843818871854726
21.790835087117973,85.81089665924789,29.296569239230543,88.84154855222923,5.083623049255842,0,13.657935603890976,9.847935757216703
23.74771293477223,77.690147649132,31.189013018367046,39.36926138724282,9.72165881686458,0,30.02121171085205,28.311725346405627
14.604742346993078,91.71922112814075,34.692593123209804,72.28617495466136,8.433348747663159,0,21.43339531325245,14.40527407055805
35.9568365677999,69.11255197931533,33.807467982678375,36.05171937499626,11.422609645147855,0,24.85278569532387,40.12779350908256
34.37418371718002,93.25311799780528,20.231665894918386,48.001340559473505,12.992668824675786,0,10.698047975696165,20.573834480425848
28.94215382822127,82.86974709402396,21.56088518888963,41.077091408879724,9.045668539493219,0,23.401929757491263,30.8388274108135
23.468212234195516,79.54925681103897,33.853008740481826,37.403138360768615,12.238568795721854,0,18.880290646658246,27.56915858661361
33.229105629782865,82.41785114081289,22.230667427426994,11.7481101766223,4.684283638338828,0,37.327184354048214,33.982461281559786
11.788917970880425,87.35505038548109,17.441811636675958,38.80167502836028,3.428805880572253,0,17.220401035802713,23.3961357757341
30.924784033971665,68.37019736901902,23.101765379385885,81.1591992319624,6.460015342992603,0,1.8987016416063005,10.50231027713309
11.619803605038602,93.27500383728918,19.522945515229218,65.23146708749469,10.16604899371175,0,4.032689860583151,20.90176155566512
31.032109213932756,80.95544623403039,13.090945242650223,21.633828727635187,2.8087042340808543,0,13.667299882754259,26.187470627389548
15.997259479289351,77.94602907130226,39.05486157968288,57.292400369819134,10.205282882278372,0,23.041525212499913,35.74315249955821
33.43562684952748,72.00912140338765,39.85889862049628,81.37846879590973,5.91140472858101,0,15.483947071176285,23.988559713851735
35.377220720936535,80.74449585639482,17.69126050584078,66.00272327718844,11.933629108389479,0,2.8652024022178955,13.465698722048442
12.315083112748354,82.39336036724698,12.267026983382062,21.894751388535738,0.5525372565495495,0,17.7828091423508,21.9432240591393
21.41759254689641,79.70575414031086,35.858960307291284,79.42659973875973,10.019739567440917,0,7.261823301561012,25.04286314711412
36.448633966717864,87.68114272098002,17.40350190521948,34.12352106310923,9.747335049749516,0,21.411203663397835,20.30833044669244
22.018815643221252,80.20599933401755,23.770242130290107,46.32609154498734,14.114032141879715,0,17.71432727108528,25.58274599907817
33.04287815292181,95.88110975755063,12.244733828308414,52.09142077513171,10.700513303461056,0,8.602928152027454,16.132688886379807
25.073214141808275,85.37904801688416,17.91943546654523,78.04052835025561,11.944528446349217,0,-0.8929944221417028,8.085783941503909
18.884567329668453,91.41686013390536,37.751579741537256,84.52859961181288,13.568865237797526,0,12.016431986110936,16.114269939300005
16.287723110250234,71.1713211901749,38.15387564203206,84.37223022324449,10.125778774379818,0,11.691629347311054,13.388896431189742
13.89346964149653,79.52144749543126,17.247968871069865,10.636334502283251,4.352304524399619,0,27.021717590897943,24.77569246013807
30.092147549953218,77.76858334196743,21.756984578734134,83.75107884683658,13.046606993752832,0,6.588258525900897,19.380392338388315
19.209674697867808,84.51498925596115,14.698344668281024,14.350957280125787,11.213671792139627,0,27.004185660499484,29.636559639117557
22.826988403821783,92.97229208178135,12.596042059972284,31.26189254539483,6.366564060013403,0,14.496570548842381,24.15608355200315
22.277438920034278,70.2718083150982,44.726010005694334,51.199028378226636,10.65793758974943,0,17.701238978396706,35.41640296458836
24.741091847760806,70.10466914329662,32.94578829356937,48.394055120351524,13.015333157717132,0,26.910141993669427,38.07908128860225
33.10173722311201,92.65921353657036,28.973377821941156,58.37678351099136,14.634781970869073,0,12.293491292432268,37.56567283939163
36.44144096391945,74.17265249511236,36.79244751418548,48.35569829896046,14.28527255938583,0,18.354929002328326,33.85212112604791
19.81994204864069,87.3938443790446,39.40270058907035,84.75005437123366,4.879917401462123,0,14.060751257596317,18.64257992575032
31.99804874108279,83.74346583846335,38.235016881565464,29.24390785716696,6.325405705772726,1,41.85568864840523,48.37924793595661
30.17130604498681,92.15391425172966,10.578880725145682,31.921975523078867,1.6430490746605693,0,13.058665677075766,13.473419079966504
24.632339592211626,71.6275783852557,16.538276436667445,83.65903485544449,3.7131643052706895,0,0.4779643543597407,-5.958472587686034
35.72536716474606,71.76370600595573,32.92168557412408,16.139161099620498,13.236318127304255,0,29.663962868348115,37.72643218796197
13.81376095032368,84.14773244807091,23.1515771731387,58.76486575238479,5.4127488941903845,0,21.02903061581963,5.749016421737496
11.16866209897902,95.44498094739276,44.38689278713874,64.53887616524887,9.308289878923215,0,22.818393106204052,38.36839488236448
32.76489704170724,80.03493499275187,33.28916774233889,50.443337874379154,9.989484274605498,0,16.671768311546717,32.75783920360564
20.735344682378702,77.48132090738615,43.479211805522226,65.53855030585098,11.72743912714968,0,17.289124026490985,28.11062335817948
32.56209677200475,85.59399037273869,17.050626857602783,23.820371680957358,2.742000453684464,0,20.12478102660234,38.467915307504256
33.899615950667034,94.9830094158059,40.2384959840258,78.21057862172319,4.572197019216532,0,17.845364075635985,15.360773599903279
9.811270214953073,92.27090715249409,21.24733070353289,21.20205515759085,6.725045121872709,0,26.682949614320144,28.52770897153151
33.620478126595756,96.86902471126338,44.63476828832324,42.064995545259976,5.472615918574103,0,30.318678499819708,26.418309792777737
21.001252605713244,68.65448891286894,15.519103522560155,16.020608104656464,14.743578492895347,0,18.744002575297692,38.32369473681499
22.802542181122732,71.2728861966701,28.07189365934143,53.616886305392015,12.524112048205687,0,15.831174440249196,19.72399266928313
26.1711828217031,85.67456513763204,37.74955868429927,63.57966459405113,7.1953013193072906,0,23.47041937325742,27.32773866588988
34.86509559517252,91.79671674068165,25.142486821141254,85.29773080762324,13.18902939129702,0,1.2514643660181815,17.984434573658202
8.554366738463157,76.27208592689622,26.382942106567633,69.14689567168007,5.214794213749451,0,10.118635386392487,27.766962283764496
21.828460581216696,74.93712155299234,44.522452842700936,53.28823331633209,11.787424858353969,0,29.26207071585761,35.19415391865373
27.943939230486258,90.82229818205482,24.885785260540366,84.6093613736267,3.3551339715968047,0,11.436491351358054,13.777388660773033
28.958501773248624,69.63507376174371,31.142523520967224,48.274947043270124,11.58483067839549,0,20.124200792045656,23.04858357296666
28.083440514576132,78.71209677989496,11.908888123630275,54.89645224790955,6.846801047935926,0,7.4294743345881935,26.97036537606708
11.898618752835533,82.66846745517756,39.4773528073591,57.68788221360766,1.6124898148836353,0,15.821722032378553,29.448204876876833
16.682472062778757,84.25011155615938,32.68588171428402,42.798378070925345,4.098936818333734,0,26.131627049499883,33.054172463277126
18.40275023709339,89.12983954699052,24.140703600198474,77.07861524526594,6.034119360353469,0,15.540665652253406,10.805004556170122
31.328679022705646,78.29052597948909,10.565933898408192,24.81407510760473,11.239393674966557,0,30.664514709921136,34.80867328489932
16.08403630002204,85.7678459955636,30.708408720772635,54.38737522972864,1.0947407209642628,0,20.97022270905796,28.06725260215445
14.110443952148891,84.97588726093772,10.443023996945676,67.77866049497553,9.893204926389593,0,4.633515591760275,14.480892242072564
35.76599255210479,83.88086691895867,10.042126486815627,82.31809375012618,10.740204613992654,0,-4.273417947384577,5.575745371891076
8.257035268290599,86.57401550112415,31.563449675227414,80.71347171474227,9.808820548886272,0,2.173398754475283,15.109815436727505
36.93680481477737,75.52402596097421,16.6155973567094,50.69922315441136,11.410044572513334,0,13.98282798073046,26.195949081358236
27.627817666864473,70.45481385395424,16.716064240133335,61.45291609306733,2.672529240342574,0,21.673852892917985,17.865685468880734
32.025609684024396,71.45887848915255,32.86450480414603,41.53901889034408,8.80655032594556,0,30.32460788325436,26.376241900419352
16.5439624940396,74.51288909696314,11.879401577878099,47.45422103041602,14.117174208058199,0,17.286255825383236,11.221472847894784
8.415143052344739,82.50574013016077,20.96919465160947,82.50126340584396,9.161764047068065,0,6.962232389341127,10.622798531849535
29.39821603828437,92.37283976583458,15.230116574970667,84.45631945539792,9.170045204294295,0,4.07577825226757,11.70774747953662
32.1901933130196,88.33750692056314,30.306172942878685,81.63312464536158,11.046594631699035,0,-1.4555875135590135,27.0063977471274
29.473807826652056,90.88217752185938,33.16178041545885,21.06966894509106,4.998063481887885,0,34.072542428022096,29.02870646817326
12.14265833172432,78.17829309385665,35.239754875966526,78.00672170645089,10.507138519823108,0,11.321158078168919,20.120783186690602
29.849409745452103,79.73495850780796,18.93309259214979,85.86909848171842,13.743507499698225,0,0.19718001857993261,10.439749797827481
30.29876068112159,79.41677469372777,13.12374130728044,38.899975565888376,0.16343209538014491,0,13.27559321863067,24.383938502976253
27.097674954431593,73.56432234773054,12.753927992966425,51.49170315373354,13.05169561663298,0,9.144430603108077,24.1209652695224
30.217362051072,69.77528308616358,24.915304195775335,72.32762046503967,3.2792749688828864,0,7.171187998517455,20.606872166889847
32.53172175065423,85.13656669198957,43.104554317195024,54.9662510052519,6.838849105505628,0,25.131762217901823,26.97773090315387
25.794519312886294,96.68728381919699,17.62051619864586,89.47868173649995,12.78521701428957,0,-0.8247344026673207,-2.322704796247584
10.569536705120694,72.83806144355762,18.98595604695423,46.45706921254627,12.358681911849436,0,16.057472038493962,24.995929936216097
22.141206480349116,69.35385977707894,13.531108073705063,67.1154168965902,13.378912171890839,0,-0.804960104874695,18.206036056544626
10.251830705476547,90.60641877289406,31.19495958628756,73.40729121572353,14.106251889487892,0,12.505003575266631,20.357982136151993
19.818747899940494,75.32499419385701,33.795550588151116,49.52803326067516,6.707354351576379,0,16.557887367441758,19.42058556164266
19.8060881846432,92.05967035523491,32.502592285626605,78.55870445691006,9.845457162015103,0,9.476438213250955,10.74787368139802
9.914285480067006,88.41416334400094,40.13955850656734,53.69236729657572,5.8571766078916,0,24.67906327947861,37.447399176367426
18.1157954851149,95.42453257447333,27.02490422591251,42.93206374413052,5.260750762382488,0,12.612844915942311,26.60160140147537
11.218944864948131,79.85888983694349,14.705996426847255,18.62589390815576,6.473931158965042,0,17.653193154616215,32.19894141526906
31.438821090267442,87.19712534406838,20.129179574654444,41.47308610803393,11.14614202174014,0,20.467485879098714,32.9461995756414
35.48295275296965,81.48078864358484,33.18504906974731,68.71491637866274,7.521611207123293,0,8.91216041194583,14.0095995570436
10.09717778248022,86.28707222194777,31.459269080954595,83.70291293440859,12.21089511672513,0,19.50809636154876,12.494697683495637
35.69834101145934,81.03836827422438,28.585109541003686,30.134352308824823,11.178277157942338,0,31.27428885850763,31.437215107454676
23.154721380765608,73.47033514629817,33.90375465410405,38.41884138644021,0.3071769168659899,0,22.95358948885857,37.46253399358142
16.687404660662345,82.72902506409804,32.30867976306548,22.316879528354097,9.453572356592424,0,25.523227584101186,45.868673294401596
10.229000183008742,83.32894184168583,40.84637113127331,65.2578315383175,6.548566849628866,0,21.855535620818817,18.042817865145512
22.518103774042117,91.50751159954467,30.510573211740383,86.81507440079402,6.849434837267124,0,1.9734530004961872,13.54155965256273
31.04095079023171,89.33010046801385,37.251047554519474,61.27617758785404,12.27559580804842,0,10.23195687674136,33.92546122589354
28.505507840734246,87.24995709430188,18.704750458826375,59.36612240049811,8.214119791270152,0,9.245862889000925,4.492896154870733
9.456554332455239,71.2882257710246,33.73639046061738,54.279194440034715,13.284327351884206,0,19.914193065787316,28.07940941027929
10.114153225669202,88.89787242924774,41.57679414339365,17.076459254842923,10.692083885875356,1,46.137595417011596,54.60500169861642
19.683325196346477,82.50884953428093,23.500631476494164,68.36030611435069,8.292600131460793,0,8.168520823352452,12.265288115309488
16.563424327390354,93.92888654707862,37.26864655685263,58.163963483948066,11.318069642266556,0,27.554867880616634,11.560360414161693
14.739145368625387,94.67625708978574,35.36762554184024,62.91814150850296,0.5752357638811095,0,11.332672025949815,35.802457552988145
16.149130468352695,69.59954112745177,12.083416890513787,81.90488744219373,0.40625482242311606,0,-4.221068462191718,1.9972912656061945
31.300999555609653,91.79860525027988,30.35279083684253,72.71686296488143,1.250239903812781,0,15.794516309680894,13.474586267901543
34.94761355532376,69.09322432225744,14.556627222028084,72.47322017236209,6.56347987720714,0,-0.2718893688802906,12.042557582472066
19.747978141299427,78.64791914515565,43.85617102807069,84.1747015103478,3.5317521844041466,0,10.674072799944422,15.347650383892544
34.277219061842416,83.7266992930113,38.399262594522966,89.19479611703997,14.763919416236769,0,13.05796642318531,9.40092740772873
17.323375336188576,72.2949231601867,13.840333043649204,56.50261855688477,8.134352085170503,0,4.701767853179013,26.275456592131707
21.816672603969955,89.64310056450323,14.261319917668745,18.710529282493262,9.936236191217377,0,20.85207903448296,43.73322143589154
14.554840936663993,68.24228642099202,30.806584921941663,46.73039262203491,4.1823020437004494,0,17.884891876071578,25.647348198373653
26.573805223099477,72.88937240458706,22.071121096061418,73.00809171693155,4.826953628814132,0,4.824814516087548,21.510918940277488
36.39045234006946,84.8431080657508,11.221705067558824,12.218025980947935,5.031928712117338,0,11.43391778277033,34.338095756072725
25.50129978525798,88.71723929908148,28.95745277415686,14.550995068491925,10.48103557725451,0,30.81124363063754,31.6572545951249
18.376608439292916,94.58264997812357,23.574578489004644,15.372622590625706,7.1055931153396275,0,20.939552506749962,31.498774800204007
26.786705933725322,88.45940290610409,13.537677233010992,68.48286066626486,7.7652547879511165,0,5.382769398973442,21.5871606676792
11.56469967549624,87.48159883739112,38.067213728959395,50.09333028505377,8.88004473239018,0,21.44508328722074,22.81543089358489
33.77111332769656,79.43589324416926,42.02768678475821,39.51183548164749,11.532174843573255,0,28.127752454385437,55.378873244719934
22.589434572615254,68.03724834027724,36.48078769049455,18.44936362093888,1.3555462276871721,1,41.95720788889931,55.50919193453873
21.03114251914962,71.48461850333304,38.7847808505697,68.57922001647113,11.653108683282325,0,19.78676567493483,36.904884847806
24.990078865152057,83.50208179792513,17.577169854314107,35.68158484407198,8.448526033127697,0,14.44531296647825,24.13472141245981
26.118732020892672,87.57876668948816,19.225053282151038,31.225925605173373,10.036431672828858,0,26.458231355890348,34.64398686772933
10.081498380568878,80.10600023299742,17.298463910471572,62.18553612428408,4.91327647261143,0,0.7565708136726794,25.270095877414136
27.79589941547867,89.18969133432331,36.77722009779474,54.72087140774734,6.140802552246737,0,20.83939303393702,39.907660219344976
15.016018729150357,83.13400656463318,43.1770977627074,38.99285134506413,3.467487294808804,0,34.0718483598888,36.21855940404799
28.704626342691103,70.15110967223505,35.08930223568659,61.318997664447046,14.68949996126108,0,21.532814583522203,20.524265576339253
31.853509037141706,73.56847127807052,40.85133677078446,31.697721630729454,7.45504458765475,0,26.042174013530406,41.26322934192095
31.31479671902309,92.35994847407434,32.35446832091104,73.58642092834614,14.941153736948968,0,10.060080417011557,10.874755273970322
24.022528054828783,89.02246965210875,23.56809651955797,28.345516024612316,7.346789670918995,0,18.246430655762268,34.477500731163765
23.08492687701178,93.94809762336236,24.901656522560682,22.70701563056125,3.2962689657610103,0,28.634861725433915,30.112611095369303
12.14340287884294,71.40916022450716,12.636250125859169,72.59515275991,7.611785951052851,0,0.839960592379045,16.122657386351914
30.485038361690933,96.71645350383714,11.101001833610912,66.63136245583465,0.593933576986167,0,6.83670762067231,6.017269204305715
15.870872032954717,74.07279470454807,34.341646146617705,24.611118056143873,13.57154702132927,0,31.108994726845467,28.56472767915293
22.40416726172045,68.34161641231262,25.34501122039132,19.29966021519504,12.278253767916617,0,38.724574886814004,47.293546079341844
16.243948694897984,96.92526523255307,29.32752738191203,77.07192707893537,10.88730781041427,0,13.108441866283924,18.051321620896108
11.881022526991101,76.15114267790828,29.51814366678457,72.12787857573504,9.1474007316369,0,9.064988186919456,19.063679002717244
26.257173209860362,87.37256412286423,19.70815346666555,36.18058989597314,8.697513505055447,0,11.699148454208839,35.01341961623354
9.575629009864212,73.12378711111285,26.656237879032176,62.655792657069334,14.950923211191943,0,13.152117569206563,27.032461180678666
29.7107117896598,84.82662743377512,26.47660775836958,19.932814923824864,4.169961510299069,0,26.663030189900738,32.57986387741882
17.210017062572383,94.21701460718222,23.594952742974996,50.56381272381425,11.69526548048367,0,5.5748349173904455,20.782975314076175
8.003906097130074,77.28525385542471,38.72363841903747,11.49842336483359,8.721071553204862,1,42.34302139860359,55.84412695507367
22.822745037879663,87.43736530528642,25.790740129065856,41.328150473724435,14.638208156383278,0,21.98368763655336,18.692019502076032
9.358705347300491,73.44920407515409,31.127558357709574,15.987425717712407,12.417047749473786,0,28.10577311221019,46.33171247194851
16.008917176806087,86.11906656284303,41.34320421332892,48.0117744125506,14.97787669484389,0,31.111188711428465,38.34650293326889
28.50231813621577,77.75706020270779,40.31817680006229,43.73453174823155,8.824874916936695,0,19.24694665195908,42.02289786140237
9.81799902703411,74.1250394990506,41.16477713227078,45.55080213104448,3.0681593631740256,0,30.301562027588133,45.449783517416265
32.34081627832407,77.08227947040542,19.45017487627549,13.626504163839526,7.555305535421008,0,30.206584896615652,41.640826824709194
8.11077775709891,73.18639098672618,11.2243870907822,38.92930730254659,10.66666701075862,0,18.715883733834808,27.20712566758749
15.157892206855166,94.1555671272986,19.137337996336523,70.51870792799332,11.615405792723822,0,0.5837746964983763,-1.2708091806003772
29.48621762841007,79.51841970319674,19.754757096724802,39.51314986828961,0.007649835239153524,0,19.596197567162438,23.898697617244075
17.171834342149896,75.11309984425665,41.82761143537388,67.21375620876645,7.575406327534411,0,17.40590826244943,34.96309984040766
10.954879253914392,81.00382738946206,32.72349564932897,39.55829789069866,3.528518699559698,0,17.46354624754038,25.633317079881394
18.446783645212406,77.29554883738837,12.859638586078006,43.85915531921491,13.123677498821825,0,11.202734072405988,20.813820703825183
15.841405305151241,89.58815836058645,14.73825086038854,55.111369026341286,2.293581660753428,0,6.310824762787839,20.43465398999115
32.438645162656094,96.16537744467934,15.448664393969139,86.0545549445666,9.9968437436225,0,6.511718054433938,7.947351115424243
17.08708960996915,80.70297604423176,32.06476118591231,18.708835731732414,3.9909328548738725,0,32.98504658850428,44.336896574562516
30.87904168150421,92.96996859919497,35.73949089274511,12.633101492893895,5.348132148214083,1,38.31759265796005,65.58284297180855
33.86429219951131,84.41002913322896,40.08753686978886,58.636574704803614,14.108388911352673,0,18.831689454298704,31.8630995044494
20.58070516771936,72.55983428773277,42.92227927821851,85.9277671142741,3.6067218811211923,0,13.779322376743906,11.14176326948437
34.38835117177737,88.02805952035891,17.059659508525463,89.1778506043772,1.42504142734396,0,1.4144488363600882,8.11334421118885
18.942223564932593,82.88960041664879,20.842036965341716,48.733139791360145,1.0392735216633875,0,20.83296791928172,25.00519218653718
35.95827407821314,86.86758917431101,18.411300826069073,47.44652968680788,7.569226651491932,0,18.42560313939534,11.919929464930116
10.589396211241615,93.80093496457829,22.55665486131482,61.597101659615696,9.62567223426432,0,13.056156777646901,28.553298730548605
27.92355872859404,80.77260254902534,42.01327875983123,54.450780576397584,4.909404653563308,0,23.368160957521727,37.16451892357598
22.32060717325093,94.13415107330331,30.128939842877653,60.72704460912945,10.353896126896212,0,7.979586365662632,14.124107815232602
19.241815358213763,89.76940141416799,35.83671640635747,79.91995404303154,0.9155057785985671,0,20.402360120899555,13.813472078796815
26.348644483709425,82.16954285046155,27.154173264437368,69.70449355900874,12.860019673843151,0,10.430255575187772,14.462342242835666
28.411855657395606,85.49344193408095,11.010026966764359,49.75019133494364,12.248508146088566,0,18.35415728503037,12.752595574476619
8.126534819858964,77.44185284305134,12.246842009923501,46.94915672001357,14.782444070881285,0,13.019220449616855,20.619793839677765
12.841639573668763,96.52432169242445,28.827306094376002,61.168139881049285,14.04757471352768,0,26.189632125980438,15.994665446798052
28.678335468395243,87.35318372846149,35.157616218700895,46.456502753623795,5.342957458783921,0,26.67346495009489,40.40892585962455
27.325176993767986,69.27155872240226,17.536568463505603,46.62234810125119,5.989130760233658,0,7.621481645273051,29.19362599717882
36.01537764873164,77.47203526669226,35.26683508973064,11.304472142920385,11.189472712173893,1,41.16999850068315,65.97353336386736
30.070095917272706,86.07611857901267,38.373302071922936,23.925130992584673,2.011241579324748,1,41.16343693482624,58.76362127387684
35.572408524208804,69.63366505617796,24.416411742673894,49.08109119966024,4.710220653672523,0,13.114964075897252,31.579543171800996
28.373674544509402,68.69264154825514,36.12467314954367,75.81227672402953,1.778114054634724,0,13.433349471652754,19.418259140486324
16.64351405054385,81.05070294630627,24.141048261496096,32.29816053816993,6.823296736092471,0,15.54638017638652,26.49394271194722
11.055582745274837,77.64801521108743,33.742272030925704,51.811474650491924,8.280064198279765,0,21.35630002581089,37.85154087769684
30.67289203700313,80.71065963296181,36.73989672618401,37.596966780738576,3.167407049441286,0,28.277918073925132,39.227950622548036
26.68032742280156,75.61810598652015,44.71743164078388,18.38431916316712,0.399475303711575,1,41.822873035411206,59.68832783513374
9.39739435940559,72.77681466134645,22.088883172225863,86.66387864570405,10.790337476257847,0,14.746549459811277,5.663581875762845
18.441463511128372,87.9851573524298,24.3864273201114,78.37390962002414,0.30007746639252764,0,8.99860708045076,8.127296657700306
35.7471946490443,82.92256237176622,15.796702079355995,16.27939395735251,14.601039133925342,0,18.930828521857684,47.12148767647283
22.511633225595837,73.80447212623164,17.142557044063242,67.58298099746277,3.324108851135932,0,0.1486877229667023,13.28103088960651
20.549144944571434,77.26809336153995,34.268825090943224,37.80639234860001,9.958501381744366,0,26.09220928787745,36.54313729390161
21.273288549619526,85.16242932223645,42.09659565540666,89.58798456494341,6.521275893599837,0,12.86945979415354,24.471296902300217
14.057598996149748,70.09465109990185,23.811173308143417,34.19188158631822,0.895107905056608,0,25.563226714608454,22.102424472109718
18.69250795507906,72.27613726871921,16.294555639243942,29.09907562900799,7.082754099517012,0,18.700703806059735,35.81293399594673
18.724584423628123,70.12412251911431,19.978482478404793,55.43124386443242,7.7514095144519946,0,7.391274168529038,15.559669025754932
9.5182955854367,91.55720264870945,25.926809668284854,76.81009306745634,12.820248121393027,0,18.273968394793428,27.64216257679442
30.259461227019628,89.81986776314827,20.17276152778789,25.401509745583837,10.98523604471847,0,24.644052237754725,29.754441908337046
20.07862852521249,89.84607502449845,18.17526790926532,66.75222157754649,1.1895371213007955,0,7.791423923376918,21.467752217882893
31.843216717676274,88.77343496080482,35.759457106497784,14.912526651289735,3.137440251483976,1,44.22916321511067,43.01307678354917
32.66009203247697,87.41217728642621,10.274572243421812,83.51477944883979,4.678315263224216,0,2.4530620698672636,-5.467099966084627
14.147827586261084,81.83276554596708,28.87306845677691,16.485993291783902,1.7461152969722922,0,22.346453171386106,38.674193644369204
27.063250982933727,86.62606674170634,37.78183824604139,83.138510107533,6.853486063717359,0,14.737837190574847,5.198217917737399
21.69617232072647,69.11248508885126,19.317990021111385,49.264579956216224,14.764637862938033,0,12.629003657221368,26.09115317207017
33.52454539972307,86.02246825704675,31.115202871420607,45.84728902367359,7.7191918685664245,0,24.33991465675698,32.520912991436674
14.25647969611717,90.55845346056944,33.41150369665162,87.86456636003012,11.12823252484754,0,6.645472317285384,7.965282124959782
27.65658280899128,82.51039245114731,32.92586437417815,89.23073421585752,10.244066965490193,0,6.6702026468464055,13.951514529112387
25.624811545328953,78.36788652438987,25.60473719695512,62.014250076880955,12.748671526382068,0,22.512449068233558,26.202482896882564
16.56374284958315,76.04537530922839,22.130229575652272,20.16954334856388,3.2358523569841418,0,31.168812237667655,20.48897378787599
11.961426205884006,86.64125945470039,39.25734255597347,50.4936068524162,11.307393925395424,0,8.002783322425337,24.44253967897501
26.89755305384102,88.09123476026735,36.54560849499525,52.333048076453,13.220328604586243,0,28.356699736883286,28.64852777185254
29.41932628583759,93.25806039601373,21.24393106948694,51.15571425082478,2.5726473447036415,0,14.906991128207254,22.450138327789578
17.15319296913715,77.92768839136873,13.605671805477213,55.55934708160078,5.202033296820056,0,6.594121463763317,15.52938429943521
26.7001455166471,90.32339691418198,12.513264090591422,11.497977103551253,14.551526464973422,0,17.77136523569208,39.133831110984325
19.458796320733594,84.2793189014908,13.299659226462762,66.8981825176402,11.711817689696886,0,1.8347867165393836,14.561001248409355
28.682999615195914,93.6022582296643,30.4004276417215,66.99154415623904,4.238862488062986,0,11.703070850196966,26.320082806534693
13.77724297192754,83.306551140573,11.808176154014639,19.237582014231034,8.459126544667305,0,14.49715055432879,19.660742757085814
33.81623507644906,83.01126502354106,21.792440623741342,55.61915539566406,6.064891842742181,0,7.437475387808243,21.841569199574838
16.33487829750181,84.75843536178637,36.36198956699803,55.468894594861965,7.3494776449069485,0,16.338425650820874,27.479638337588426
18.665793644928435,89.7301452991306,20.302185828038233,64.59603361523202,5.3274928708606275,0,12.389252104777949,26.577401222411506
9.684666610330144,95.97602388602536,36.71578270130455,16.83181537080649,4.189965277955109,1,43.55879748226431,61.517512934105426
11.233854157317015,70.13333727225721,36.09134633724693,60.120264581287714,10.121445620871281,0,22.788876051996432,22.92332442682087
22.959995178657515,69.5496034693395,18.60394964216257,32.460156059707295,11.678127226291762,0,19.232078807118825,34.145816293099905
15.760187625111174,95.18895978481282,35.508776303246094,50.56023923969376,13.109356841210172,0,16.052919726490963,35.02425465712268
32.22892654652364,83.36639314002798,36.17218233952353,71.86588421632614,2.3299495097728204,0,18.998530522331954,17.205744008700304
8.426108270993662,85.83218742244114,23.910887398345942,66.45167490904106,12.342832854678608,0,6.996494832086078,15.32643455600691
18.993727411486148,81.99028444624713,17.364716930953136,19.51224141423947,3.822012367155953,0,26.061757551149398,30.293808375617566
17.783020856303686,70.71606612561676,28.24447824121542,57.29478296928586,6.41004584865076,0,11.104204215037148,32.621001402971665
8.56050129661043,90.27459197414133,42.24891558000687,87.52932247525908,13.5216552877387,0,11.428277915408085,21.760313475049585
11.606683571014797,89.66951470756902,32.386585635122174,22.54155498680018,6.81755401473903,0,27.623868118681457,45.50280673627444
19.995637572640423,77.03939632329156,16.052287416954144,78.2325670180332,2.955953010664743,0,7.928397608351858,4.885443595048624
22.293072948975954,76.8809381116236,33.8964923656732,66.20384644430216,2.398029828556767,0,17.967078510182926,26.199958879659142
19.724402670391203,92.29740004626004,24.95210595486421,71.92026503278078,7.094756499782007,0,10.999980078352493,25.326683880313816
23.39719267395072,70.09836047449848,30.703507907438055,32.556666171411635,11.440086359648312,0,35.01309802757206,32.87190091914364
25.258818572264765,93.55204930234041,35.69224122580877,33.0311143503874,14.958077159614518,0,18.751870501662438,39.008982622194736
8.287790812707232,75.44318900698151,28.02315730300557,82.48155646211904,11.811129426463529,0,4.075223499364318,4.278128003292469
21.45875962415161,85.19655768490932,38.4894391100658,38.786562567404694,13.155179384142803,0,22.202808394616532,32.220131809707404
35.941477985740065,95.14383119105156,35.27544527608197,15.041231255424838,11.21748541402332,1,34.27209171180216,57.80767441949448
23.051936123756914,87.66555254456274,31.527566900647873,58.047736286356006,13.43152651134159,0,14.751864999986998,18.27157046318427
27.64872575630964,80.01846456154406,15.277748554132302,19.98541352334741,1.1444031497086988,0,25.08209603904546,40.42629946579334
17.044051879589613,87.99649205825705,39.258218881904895,73.72769931263265,13.948973984724681,0,14.552562654583895,18.19780246239928
30.445749966430114,77.97540945317473,42.756695486193564,61.33971540008459,5.946092305884842,0,21.311418263139856,36.625721276503015
30.414722974407336,76.0404940741264,14.793779333325318,79.97812041769666,13.82421334920667,0,-5.209320598047746,8.192873095636859
23.11758538197003,96.90381506010571,27.08843953017007,72.78697998261082,1.1359925618921336,0,7.725497894500052,17.354235364630952
36.304400875097194,89.77291670421384,19.06110596896766,18.969091867055692,10.728644356817037,0,21.5313318464292,44.25217234931442
11.640956228116949,86.69687934407271,36.40831575989476,40.485654114753785,11.035331230053067,0,29.270463758256817,19.826525731542276
8.491482281797849,78.30339965336024,35.257037260164495,71.96481999316698,14.95366333946659,0,7.664490642541049,20.99486008107017
30.334588140955784,69.42566404549639,14.930979219963955,43.38731786130606,11.532829060347206,0,12.17425052298447,14.040998031497855
31.407510583581594,68.90064940501951,40.6959544941573,87.78923878239826,5.7386055872341,0,19.445295762703623,5.571934319603805
11.486009644496711,84.07125640801516,16.33405723923008,68.85923599147594,8.35872827427818,0,5.283841394055935,3.893617810643832
15.701902155799576,90.09894891013248,37.904065897683765,11.239993335225682,5.498264072498854,1,35.00222787768078,63.36710494954148
8.509018537632238,83.5839965228718,25.994312586980172,80.39885532486691,2.940279679572872,0,15.273378582770967,8.359615517796222
16.505949712636376,92.38276708623432,21.489530274535294,18.064382789484608,3.727534912534103,0,28.999935013113934,41.94426017770338
30.421114343641474,68.96936945970343,15.538374193597473,21.241897934406868,3.330158014114814,0,25.74360359187063,29.329344406806424
23.02085530366479,78.63581021635227,15.866498965132028,68.75939204888408,8.232229952448193,0,-1.4134863658261807,9.742974076478987
18.094772201880353,74.87504134405117,33.16616941453151,79.19748475443842,13.5924095179784,0,20.386117910170302,15.978741093400885
18.78043955228358,80.97091607655653,29.265063578149217,52.90797023196448,13.690899391325964,0,14.893760293929276,25.70638921119697
8.039255145748577,70.09891540262956,14.272989757793145,33.12397863566233,0.8214566628873826,0,14.652106567096718,22.38485265581168
16.694215299391843,95.66981760556111,13.944425115341382,38.10524362025404,1.1984910142784027,0,12.02675364163446,17.165781738154067
26.747303507499986,74.47440663101146,12.530870117047701,37.43114636768448,3.6767858575851524,0,19.770777057994543,29.47035771098708
36.251638870674356,94.74692548902397,36.03185715807405,36.13424830476098,3.825891787042124,0,26.27666232508225,32.796749620217405
32.56476398253309,80.35090149606377,34.915872983025125,29.432773745731986,1.4233376285887667,0,31.036809530731094,36.491727977098975
8.684253974720345,96.58019986440132,12.04508467991013,58.70936757033864,5.826950117601608,0,8.789237183275317,16.749139340442795
34.05825753557034,84.0676931203461,29.609452645894052,82.03242548520538,8.815880890369309,0,9.71978865892081,17.183890116555048
30.712753985660154,94.99415306109842,12.963665433494146,34.56659304666729,8.672433008991955,0,11.377934484015903,17.69749560500722
30.630907583558432,68.15512067213247,41.63110197131296,24.935543796912967,8.15144521887889,1,52.39559078312142,65.28931727279782
21.281877011103575,89.6989253792461,41.74910967130464,77.08621330971398,5.080078873312458,0,10.431722700211978,27.978672857766014
19.54215349568058,94.18846893997295,34.438154643459555,69.34266647117626,10.59683527974871,0,18.477547250550323,24.171650036916006
16.784556136162585,72.05189644238966,42.41661225038075,84.46696252479283,12.397259114716071,0,17.75150032828892,18.643964386240874
9.905150909676607,70.7876497002324,38.40085606447917,23.24157884839277,5.194113997161127,1,47.999735808483884,55.89676726568053
14.618825541317275,80.31260560839272,38.998850157446725,21.540105129327323,1.28303038949193,1,49.977843701821556,58.370688321725844
15.151505414362713,95.07668827785511,29.939774769947665,53.314351544399734,4.444953766377847,0,18.288638924570034,18.015300656314345
22.038235021595845,83.72921024552272,20.712071937566158,59.154692386807625,2.0605298186235417,0,15.261599782364556,18.49048706763795
29.675887791304124,83.29623744793024,17.622969029074756,48.413875348767164,7.010380908407713,0,23.111690462169776,27.452945561066983
21.74048502354045,72.09265743068033,21.45200077136252,57.917330905910035,2.339027269741174,0,13.02491727929699,25.838866429291663
9.677489033967657,68.02289582170334,31.99734005311717,24.43038151000571,6.942671364869659,0,23.33738819823099,36.76028902893284
35.77590422865791,91.49406263161838,16.042978754133962,48.36910033312667,3.3150433848697163,0,11.588418713631874,27.726730028308467
35.339005253729255,70.5396623266009,19.052408282306256,62.64740487517343,11.080966581936044,0,4.208752685528767,29.713814901020495
30.770496751303842,86.38164474332439,26.382130197841256,44.616515939896296,0.41352361253768455,0,21.66519437192536,25.76921899590644
36.7485091453624,94.52387718094056,18.156753448361545,64.35578686532783,8.321194557478883,0,15.0939217052856,19.992340267910976
23.789987651207625,74.0509054815945,30.60252844006216,46.095302444307166,2.5423241238008503,0,20.86746602640124,14.08372634747888
35.920282157342974,87.29291225087042,42.31116099597155,36.68796646738218,0.014877967044406026,0,22.04439031050292,31.904482913356112
10.192546177885772,70.28225872451777,36.18312779960942,34.28840376696739,13.038001320972107,0,32.913296945002884,38.63236237831334
18.60474169957977,85.50889917129078,33.324931495211956,42.87216471908704,10.072916817211015,0,14.919321524050972,25.798961571863646
14.53605677219621,72.75401990764288,30.395251659432258,11.847169814576066,1.4841423307578512,0,23.913700995728103,57.772697382886065
13.67915943989383,89.34265325494016,27.07817682399727,63.4820110756891,9.961085515257833,0,13.60279315181831,25.03925947519859
12.083285517887607,76.73570754902335,16.52973508721309,77.60845127842094,9.174709991063978,0,6.241258388457757,15.635282068966385
26.049995605413905,81.43833925533474,41.31486593994029,38.370167555449484,7.10035030564805,0,31.257620197127068,39.23766769866027
30.658333816671846,85.38348571880103,18.69876007044927,13.682650891337484,6.288871476384211,0,24.913887007591022,28.723739546689004
24.77065358319046,72.96692890932094,13.195810715235627,88.94204779084461,13.306046443736024,0,8.715509846038714,-1.2910046624206308
12.26191857805808,89.507496739911,36.25053127300433,31.095860436085356,3.6772202984617692,0,29.12234921109257,41.09263794675297
31.522589328070655,76.77656987846763,16.146543701590822,20.12968973526184,5.97465085520075,0,27.207705438981538,27.17064295798668
26.442686507748125,87.20878393746985,23.01635998394116,39.58020063784224,4.936731193422409,0,23.5688926210914,32.6760796773182
19.25680547768287,72.59020847028184,10.989972490184291,69.08456325068454,11.568015435549503,0,-1.6947513911358616,13.940062978269227
27.549778570545826,87.95541211698415,14.797377988915683,33.51332775124526,13.746979593488092,0,16.49603823265666,25.50796482042842
15.537244398042152,71.71745411150339,16.062127076596923,55.97625631355903,12.746725481103457,0,21.85478921063585,4.467328111415545
18.010574046332103,80.33533839182952,11.904354471256228,43.24479955497138,11.965558954496528,0,10.456983099435414,31.848187396426894
34.607089450827715,75.16897613842742,32.98299348179958,19.42111938212948,14.801849183551244,0,27.292058304477493,40.53263833940133
16.42463066447119,89.7028822334173,39.295272853109104,36.42296099936882,10.457168256155777,0,29.57362603412902,57.972915851415195
21.629659776580162,75.59901513069936,23.066039222807934,67.98964045712533,11.265806868203006,0,8.793527827966107,21.211517225299986
33.814092984484425,93.56980188546649,40.61017668513702,58.96031178651565,14.742038095575284,0,18.64847190910262,29.31229575935155
28.523919157758296,93.86278613079178,17.467130109604426,19.58227039068488,0.10486178098761123,0,20.442466966108817,35.78212304497473
9.80389355877638,73.69679814146079,21.38866482464338,23.065792777144686,9.510725646545476,0,30.934642936021415,19.471883164377868
12.271788284090139,85.80153240522401,15.275794756090892,61.25866874459564,11.084572979299343,0,8.577203297278892,21.845006178468047
8.227406132385587,70.54381160987897,31.71957183966495,75.0732331456695,13.767405806357925,0,6.697440812358066,36.9710385082375
26.29673191664574,79.35457588844724,24.69543568046074,37.957959676653545,13.257664562765141,0,13.401597246793491,15.009443220711375
20.982529336902132,88.6863301555369,31.464917139466454,57.624860147476014,12.629410218506914,0,29.47902518576277,23.817143155909513
11.89397067616599,87.12327415864758,36.65862168879643,23.651487100168424,14.186869079125556,1,40.11719286717718,56.7972113136698
35.78008951064634,86.11631941279163,29.099605561153197,34.910106952425906,8.060687818705613,0,26.24966319967592,39.62232095986301
23.36013199442298,76.19368504621086,31.967062421562574,11.621616453844208,0.10380143377240136,0,28.64016014292998,59.27342059055862
15.014905529273786,78.96272353359765,42.73376100380165,71.46207582396181,0.1658159804551429,0,21.53318760106936,29.73560113086522
22.51750356348652,70.9854381963083,20.46725083630951,42.08078558183735,8.16958583426787,0,24.90603800161121,40.440579038559456
27.708989649318127,88.85166179257443,22.57073785218836,75.29004589231631,6.529083582959119,0,5.4370392396805105,14.619451692579123
10.21093732123337,82.61277510694693,35.11961765982679,66.6698396818181,6.768675800481728,0,19.851790825110875,27.563801454742435
15.966410636388868,88.55420333802398,31.395693096938537,76.29954125827815,6.006071058150555,0,5.779252791533885,20.61524831797365
31.401999235635813,75.21936221910931,16.24865165889002,32.85269356663062,13.765887136368535,0,28.382848351289788,35.15021204971737
21.330281241677177,77.40870863041692,23.165155850367157,24.808698434227622,5.3875552675468485,0,25.482648046138166,31.01936672975782
23.85073711893655,77.69224478054332,26.374330459365023,87.75245461213365,12.843404126446249,0,4.797459624280959,16.451623742096114
20.551664064074608,68.74652988266926,24.678644328893625,67.38622296326956,13.542971906874612,0,10.634084659035128,9.237121168233362
9.273098336647148,77.89038831208808,16.239618291271427,76.72338143413363,7.492526549984322,0,2.552603842823948,7.062889668549538
12.806743614784523,91.29583263202298,42.35505321244918,11.050669896794698,6.704070560476325,1,45.567799816568716,61.535558608179976
20.920707523514835,94.02165637674241,36.68115665928916,38.35692962367092,11.415309063231703,0,14.596023730795004,37.28165305643072
14.066378496829905,83.0283311534419,26.847454123774828,69.42533524618653,10.619572614598235,0,12.106297827547674,16.125780129963815
9.449391831130683,81.20954916135739,33.80213599073928,16.238626639198664,4.928026748943089,0,31.330086600581485,51.71076678596293
32.46584025750289,68.89391394228174,41.404893524743265,55.38719436551485,1.5382218888696986,0,26.529596139019567,26.537381702438516
36.45458334575936,93.4969257899761,14.766094982654993,44.32582139640026,3.9727860027372053,0,11.469582340199786,9.0101168803558
31.001143345905444,68.3772961893503,18.76305677474422,11.409320571288584,1.9654275871844846,0,22.10355064528042,27.193119098350202
32.759762729435344,95.39775232609614,28.994543653982575,28.87804616955611,4.420984136650371,0,25.79498325385958,42.804684048676336
15.017336779194316,82.18727121195462,37.96536299733255,32.783359125337135,3.927323483711986,0,21.085833170612716,32.87897274505112
35.85818228988279,77.91610031366707,11.268921340453458,18.9487957077058,9.565671358300703,0,20.666937895587914,31.966745429834713
13.710845429149423,94.80233461043714,44.44063525687262,60.52295277941283,14.317440426821694,0,14.75433549700385,30.391687519621883
35.59146450049313,68.7073388001928,25.9217311008839,29.39183010015112,10.286155984957254,0,29.747409764550596,39.56601500374268
36.84975952501258,84.86132195120352,22.573089921760307,32.209559969551066,13.899741120968544,0,25.04502674831871,29.044670029419486
28.639961366635415,83.9190432104808,20.245355324392015,81.8590878560118,11.761983879126651,0,0.934021923272403,28.75401766505044
36.453168221962834,74.36029163513008,16.102484767780506,47.369847415451154,10.918164331067599,0,17.145978225945093,34.000371005217374
24.516653607446006,80.43773550915611,37.705086812550974,41.37025175754179,6.2109291032001215,0,26.999039000282355,33.86848012167402
15.52671171210662,86.91565617236934,43.43949576611338,67.90968306517738,4.87191754295053,0,16.30179180807918,25.734882109932173
20.672880684303003,89.0868047095759,24.47756641958894,82.76910375063296,12.694160587093789,0,-2.7063287015408655,33.50518140715941
25.213267125984792,68.0207889024908,43.334724316370966,12.002906898995507,13.580898493935079,1,49.64866850561909,58.647715100924245
10.119365298783435,95.16874947263945,38.83291654022619,45.859107724431716,6.77823740476398,0,21.68731671710841,34.570941998934586
26.047954673900136,72.77123579939156,26.836789461671138,58.86250848623578,0.1359464727996662,0,21.234490033445237,22.714212720446355
36.45415726610654,74.77383259244841,33.59091626941465,35.48504785007917,11.887965883597056,0,26.22011244909283,35.9441653369151
13.5131218437281,75.6407299251216,25.224446270966205,71.79261776985933,4.276032607084375,0,7.576524322038722,4.246638610922304
30.985258372363116,69.09678396000902,29.555319287439335,87.7181656216219,0.14831797525381107,0,17.451403622685454,16.122142191546413
34.32906501960896,71.56851158411942,12.031621795647634,85.47418930002266,12.074828384641831,0,3.2557865708320475,-3.7631532823666998
35.3673461917864,96.6041477653807,34.369221635518656,31.278603150395348,7.761212832253472,0,9.525597297120196,48.16201559033655
35.84393252775797,77.1412853839413,11.848862556944784,28.10706227499888,10.278161195077036,0,15.060353752018395,15.674737327124962
23.122329522922687,71.34373161983243,38.59797314218773,86.59924248169769,13.720347317167162,0,6.398768866522442,18.9353483842619
36.341929331753605,71.10274657406407,38.87314253111951,46.69027899451727,8.117607452071582,0,21.43049787860303,19.134929392201578
29.961996006898726,88.86433906242918,18.29770506446751,26.663817846775338,7.5479110886844865,0,20.426045183608473,15.232409955585307
12.688471650871895,92.78249125694659,21.32819733625301,66.55975709043346,4.359931820223953,0,12.466414083934199,10.297551857529989
21.830103087571132,75.45161668574562,26.845863249540265,32.75362591230333,4.577907516599289,0,24.903672561646996,28.118597008443622
28.831604085788115,68.60637585772182,30.883201742636853,31.379758005684188,11.948130990444687,0,31.41703885243718,46.23810273423448
15.172869158753418,74.46961053491532,20.057378160969886,80.33992344622278,6.735438683789056,0,9.109703934161445,9.614314664259531
26.577840322917734,69.63895503310596,30.737024162117375,22.998332270152275,2.452893129121806,0,31.342747045640532,48.2897298955904
27.331413892351957,70.9984531622712,20.42254756302546,15.151435717298911,1.4179314600074338,0,26.67330468198943,33.534448088158975
12.718292570448412,80.51373547558163,11.942175237487124,31.53491521373498,7.093801752926691,0,22.944607318252572,28.7939353371606
24.387474061129932,74.66763275498735,10.088464244116814,58.5556330270563,6.9743253542659565,0,5.896159497986931,7.552498117215262
30.377180418379623,82.96243047723728,13.540287027145002,19.847028272261646,9.801874173080941,0,19.364518688218052,24.631049423692133
22.467974271542317,75.35131884445852,37.72877450574064,47.7275737821435,7.06601216617711,0,15.018248353364612,20.80028421816172
8.350990386507116,95.27558173198548,43.6500959334168,60.186968834025585,2.152135562013221,0,29.0497775355509,34.465547983398764
8.262115603299474,94.27237506986167,24.943816974842676,77.89895940745392,7.617043271977703,0,8.717591886289393,15.64129032482508
18.353850975130353,84.43737704530352,27.943938370747997,28.38956729618035,13.601841058290377,0,40.123127527376255,40.851726314977626
34.85962798452168,78.2782957676342,15.139685917569913,75.38770587062315,2.3916211743031863,0,2.9258677387857213,10.43315721228245
14.631626608504654,79.05325957900733,29.286097343805494,28.792500890499085,10.346319614666234,0,26.448189051836696,50.23802989044143
26.396546977278927,79.9437162111904,15.062921570244189,64.14132329917123,8.907888974482898,0,11.021588563412791,14.613417079220586
14.440200250106297,89.09980034191338,31.392501591959054,44.45388571859641,11.22878590067704,0,16.850585215457038,37.996733668103715
17.32842970012691,81.0975308700463,42.664053365329885,19.17449939029361,2.259004101413891,1,47.372415434973,60.65986868208677
32.59322059844304,92.84516844867102,16.849448875606384,67.1410770257479,14.12408005358992,0,8.45570849036475,6.893948274954948
29.13698182582846,95.37874879198057,36.759730131998566,27.421009483921424,9.31449641650738,1,38.63512127243867,61.11130047693702
10.766579042083109,77.74243844798909,10.82258479864134,24.129874081967316,12.706067065367053,0,24.03534996844551,26.21756533165549
20.432358608606577,84.26013995989473,23.142403446256736,38.66583428715066,3.699101455203534,0,15.452707847429895,34.24340967440113
8.84592314571267,70.75663956814437,13.876197774067816,62.26321958075868,11.091193340969424,0,9.633643578217413,15.89098662504998
21.945814251487263,73.81360238522441,22.33664045584948,28.719718303250225,11.715460565008785,0,29.8257261938749,26.3630036646785
27.210586339330973,79.99050723459465,16.073792187360922,24.692923102550857,5.961529085806135,0,17.095910383133713,37.28747121513541
11.436576084346395,73.97987876115158,23.06567465430106,10.796290057069147,5.759301793251331,0,26.80952039656829,33.422559093260304
16.377663228365805,93.42025423287281,24.613298213763564,47.73144776813788,9.866943975386238,0,29.713737593799557,30.052683664071516
19.53726213956255,72.59030142571385,20.520689297332144,44.29164554521462,1.4011152264032396,0,19.34480631088197,33.56703314099441
34.66639971502544,81.21416382503966,32.98176823155952,28.7094194909901,11.034362253262634,0,25.347070885269645,35.61312927363356
36.80439544726596,85.56527797333639,42.15982179406184,14.29217312077526,0.6433013975911639,1,50.805382761190735,72.6709850038332
9.30242767087286,88.06405333666449,24.02083809368453,44.340469967666955,2.85885451681239,0,15.867810298587049,29.45963270751629
30.06922978136637,79.1090117220687,16.73201047662575,73.0564088857305,9.962156358620508,0,-1.3754970482066344,16.78024918045709
18.779997925667956,93.20387299301713,19.475296536859418,67.22257050617415,1.4748550063794574,0,16.432696842903315,8.938859881927886
19.38128740065492,84.48125538125984,39.89002882237291,78.86359118881361,14.577631372151851,0,10.770640733887301,23.888682442274536
29.87368422706366,80.745725632979,30.007390314455176,10.76661501705245,13.02594314192851,0,44.03227377709831,33.84121901168059
34.63436653221685,69.94997838750906,25.925386130743505,87.31354534436788,9.394534986101048,0,4.321967584750359,22.608917147872198
35.576929240573904,81.47599458490978,15.237285252812434,37.31298021019587,12.285861835040247,0,27.091071971156733,10.11919081651756
24.7365549951113,91.80133938365617,25.740455791332366,89.23182368735718,13.313700728843518,0,-0.7426745531412591,7.268281262454594
18.356513619714583,85.82168952841815,19.747220117508533,30.209556848141972,3.8921347435772766,0,25.93821093564294,23.24254917185098
30.838923489904598,92.13271115814443,43.01070947486722,47.72291100625958,12.741173819239792,0,29.687112800478985,41.440164188832156
15.279040114606708,82.32633844737987,40.942453829550594,38.3142141260243,2.921906754564027,0,33.165693804743775,52.707408268830065
24.358146836172015,71.43538944773998,12.93658896398693,38.46085719954421,6.200133962232231,0,19.770150855511506,26.962016189387153
18.398775384221324,68.39555552924055,28.0828721241435,77.38256789985726,8.37389446872899,0,8.337939980708715,36.62568199320265
27.04230113752841,76.79336685483915,17.87704209301352,69.71351517898711,10.708364446110487,0,1.480247282795636,3.1952379483013864
14.9715684739117,88.24172367343598,24.37719813335017,89.37211481840384,0.4521197658379206,0,5.122375969457838,-0.2308159750513905
13.556195426309948,90.91753721430912,40.68967993880098,59.081174617401004,4.357641191672835,0,23.73563887210586,24.529538495012385
34.628933513587675,76.57683220398955,28.463008196099068,47.060528351560215,9.127786473155854,0,17.754122486803944,29.10230644410669
10.952306805536569,82.37396370561416,21.697535267976594,17.20590903575129,5.360530187236781,0,27.074764774062217,28.947700919502694
22.67277932431302,80.21244822858837,17.276092393674897,89.72491356110854,11.625375834442401,0,3.3686997843785926,-0.785949268373658
14.404730705927259,79.90516074619141,38.01137007922712,54.12245223458263,9.774782417260743,0,18.21881713651944,35.50122582119423
9.128968936444355,74.70911268280436,31.85813053775215,66.03819757521134,3.5160218058560364,0,18.092462404765,14.02539611077003
9.044545730451365,71.9547620458543,26.382291114918093,42.53939097530491,2.1889346938849963,0,19.093268146394344,20.881246188038176
13.081431391068993,73.70396818870518,17.611952385204233,53.81725665433887,9.435704903805757,0,9.1608946952836,16.250497498456486
33.136340280674005,69.60463922773704,21.698623095499595,85.40621855143098,6.757009915571366,0,9.164321673440472,6.7255849408521104
16.191883575333772,73.74579151288373,43.59451993584815,23.31355503452822,2.534355616519779,1,40.91823739909789,68.9013999682468
35.56331594668357,68.266826031136,28.2031478162042,33.38980674642037,4.895613079775661,0,21.801293934652353,27.261487755307527
24.867046496686612,86.19049361844337,24.02447484351385,22.16477822224259,4.5457012247787985,0,25.723058206017427,30.506813728364985
20.661811503294217,77.1748868142428,28.249771482191335,73.37727230438198,1.6219795850906267,0,18.98326215305227,21.670644781515055
24.822576205414183,96.22119663138035,37.2645977064863,14.963620833746365,8.20363528897842,1,45.10713299174073,66.98307055687691
22.984253171561765,73.61779447251264,21.903812777600407,16.530531988107064,11.454729508688311,0,28.634188454741423,46.531146141203536
30.00451135896243,78.02902853897822,16.25471423264131,33.879529022989495,8.632003332794806,0,16.475285729441325,29.484859414442266
16.192385913212718,78.37739360060446,30.472764141866673,51.1350544736809,12.394370474060285,0,19.503417606947366,28.742185115380423
18.23846135640877,68.24509338581136,33.28214362183735,42.50198404476692,1.9135282082314697,0,23.64609042989063,36.99376140241872
33.92873477346427,92.33703063814431,34.94513010354923,13.585304853664582,6.534177867333359,0,34.86350477576036,43.661066479443875
35.447238881361756,68.92783934418541,40.86956567681454,86.59932462967612,9.141226554871487,0,12.975147584263137,17.958636393589927
33.884188597107766,95.265215207148,22.991094224118957,86.22956162864669,10.14002341412861,0,12.326678050846517,-3.115940302938581
20.163991824762093,93.870156181715,12.637421368011212,32.34850585926079,10.436794596351405,0,14.748327733716659,30.89696217392775
30.63059958719957,83.53013556649294,43.542200427082975,68.52204922148653,10.934481406468215,0,12.678279771068693,30.196713183017398
21.813736265731865,83.76427167242747,25.225417460311633,56.2860329106579,9.77144718294025,0,29.440881878808543,28.06011217650196
22.428655712236964,86.95955976572853,31.814012838559595,28.998135600449928,1.4134213341130146,0,25.570722284426058,17.778480001614724
13.935723162661235,79.22445034611172,33.32068630949023,30.973724139329235,10.429585164034446,0,33.93407484840308,37.273210174707614
25.142778794496977,86.76944621853781,29.12797980454212,49.292253944836034,10.871739851615814,0,26.800267928619043,21.768715760147433
13.39794103484709,69.29828327196611,17.184013540769453,43.53895531978881,14.902199015004406,0,20.256391735699992,33.40436353028778
17.61537627294862,69.56738119314207,36.43000675406495,33.29834625850114,10.40043655051689,0,27.23536340149512,42.838183957425315
32.79587584697812,81.25968216896679,38.131319100642855,74.60092770441192,10.302455936273233,0,18.118805338369565,24.678068254294868
14.005198467114802,83.93904673207501,29.354145510610394,48.51703341099079,7.72219935272958,0,13.749411685483322,25.182143156582747
10.063590270029552,93.74671156973875,27.099640620469454,62.38784499113023,13.018843628776708,0,24.78420568198704,24.085104546751104
10.001220185771672,71.03515838332899,13.987836409479486,25.14188001343004,14.952521429417374,0,15.192324209797384,21.83865043466894
35.282751094590125,91.85678988862279,12.938308152492434,52.68061300131894,11.685673052961482,0,9.395465362146156,15.992662257167527
22.700692700893203,74.09137278147001,21.884769594723505,35.438083955729724,9.187505667867127,0,20.805892045844093,24.907084465630273
19.87295008269353,79.42842580679093,20.87961544310876,52.11308883159026,1.184322403973523,0,14.268682297892504,37.547961318100995
31.515478849229634,77.18147060999497,43.37797578371449,72.46606667287425,10.901086975944413,0,16.664801478528002,37.32999309441487
32.23895190940496,79.60450291309657,37.426795985520044,71.51305680730093,10.628423528729256,0,24.231176210843188,31.292187256271465
17.633539960352536,72.36436944410498,33.0973503340671,38.337654242742076,11.633522217141476,0,29.798775311652328,24.091171348264325
28.11492366674006,82.60353215770309,28.117683115616178,65.54216936637113,1.8683308259923397,0,16.006426769525216,26.702841908809624
30.36256165970471,91.24763510510965,15.857863575432797,85.30319603154216,9.805987501892153,0,0.3402076982700022,6.707106458636374
26.984869919112683,80.80448630098802,44.24598352644993,60.05354639399251,4.4358585742751195,0,29.42830720424957,41.09039253488597
12.396257169202881,82.22779370104777,23.12642443840735,21.872809870610972,11.404068651042506,0,22.67902609413256,37.3834963806886
33.40060942199465,92.61425997315811,13.742396085653567,64.3766903423276,3.6056093104719933,0,15.41015014181758,12.447737852192967
23.633742029344255,88.47568532450289,27.282961350051114,18.392350907944905,10.25968015230616,0,28.67987998005922,40.64932652120862
16.191700364730107,82.22317784707376,40.58993040645791,79.76883270344217,4.4248942047596955,0,22.51322302705988,9.80699212114006
20.331617377693124,75.47317379748621,41.05518506220653,51.33283966415522,0.13491439226146706,0,24.558639000938783,28.728152266487243
9.089561621568315,93.66287565850403,10.383807061975654,40.81125890492636,9.50036867959643,0,13.30619176971464,22.519129446137754
11.70813723545011,84.7335916490262,41.020351066298986,14.56052757197539,1.6990362473838356,1,52.26912256885021,71.7637181198353
30.200855764959964,74.41328069321011,19.501947612495048,40.46269876736878,9.889372091823212,0,28.581789935059113,21.66263724636469
8.000337407905619,75.8044728265023,11.364032738894807,82.25653343326316,13.884141725354063,0,8.806890426992863,3.630158110984081
20.080409025986473,91.29085957915113,39.6726594627006,11.678639702904254,14.538689013166355,1,50.718410917368274,52.92519268373093
23.152795251482065,69.28022130053621,40.23533645958729,47.97185262254439,3.538846309914189,0,28.672529607818312,45.167636520210934
9.584398180028197,96.77067342383577,30.86808779448225,84.49264728884978,12.138798414759822,0,7.551506259288061,22.519985886781278
36.21926672619765,71.78019871172896,30.105181505372542,41.58727998120169,5.303299153086605,0,24.05255546385293,35.99291524071323
14.557634606240487,91.08598723651119,38.45920954174968,44.25405499697203,13.506856091219735,0,21.388142351799573,38.221547039677226
16.821762869452144,79.4484841863788,37.52083434485979,56.28480441592959,11.812343529440607,0,23.75388651607489,40.86642229657162
16.81433285539579,82.27426931533654,41.153691570494644,47.034986686174676,1.1088257496864546,0,28.666603082862785,30.243143328623898
14.682083201403147,93.53886674647276,29.34616066588462,23.488135299004192,6.10705490815916,0,17.8224140359001,31.820311385642484
8.042740840503031,79.97442449808719,43.867648245648304,11.484443125588832,5.059767390145112,1,48.68218423110603,74.15745020094846
29.150999028551894,83.58731885652381,44.86513908266684,58.78493263829613,11.777715310849155,0,26.87146424529011,40.36530406623853
36.038519494179276,69.42969020986592,14.079061349952141,83.66452696062497,6.154285659797386,0,1.5216233010934697,-3.3728430769027664
14.504511015266306,68.06807674215614,39.73403158439427,18.50913064217325,10.268825964796257,1,46.104520793828016,57.717247522729195
27.22836856229925,75.09919631705006,27.493779021200616,26.87621754022027,9.036528833856606,0,18.97541303175266,47.56943231417399
29.514993481802737,87.73690969464425,23.564821840494126,39.61835886599788,14.634580786464507,0,16.017581732646406,31.173220855408644
32.60433599362521,71.51668190741496,31.457530845895025,74.69937832168958,14.066774352024224,0,18.4936427422603,24.50489780498839
20.256246713394667,71.29909680533193,11.958794504170246,31.540825317678205,6.41549272108078,0,16.520007985010547,16.445620777725367
16.78499626357245,79.9178576330412,27.726139156847797,80.56435234230148,10.85367317461724,0,11.393158782308,19.00645422894833
17.433558886667903,86.78727411963857,40.481169950933335,14.396629972005313,12.441901409718326,1,43.18899018032218,53.59325916136171
28.66601865985687,88.65008777518999,17.47115306486391,85.27652970071479,13.483286307932177,0,3.2500877386018012,-7.48666960057237
31.686604528663445,73.17506954885287,24.92364631692988,54.85976622990119,1.0220139566472553,0,4.493832388818587,28.09804901946353
13.266805064941476,70.30805627378923,42.88183107002064,62.70221427901636,4.531181989102452,0,26.860310943409246,40.68932911784726
18.75728923657519,95.27151398442078,24.999734323199405,39.41516180290825,4.8034506145278275,0,29.714982815489577,27.457273342512167
34.15626570572535,75.55932509430095,22.54286713163394,72.55954284088483,6.51668926829818,0,4.178482967478318,10.676048369645223
31.394112071147436,92.747048430653,25.418782684318238,23.325300006752485,2.5389712607312855,0,21.010140402585535,47.89709020161454
36.5608936801118,93.04125206342172,28.180846828114472,13.912946022278962,7.443088199250122,0,32.12093909856095,39.979846104154845
29.87319953078034,90.40315516111379,32.11969704460141,41.64135544860457,9.94821490947684,0,30.93683834025306,32.1548949824182
19.402660829809747,72.89617459292454,38.02424803208559,78.29565711848316,7.4604588032507655,0,15.512940293583117,33.35398655694044
25.128497185844495,91.83224231837181,25.823577201751,70.39414693101557,9.986896427964236,0,5.646954417508306,14.8613938574469
27.16941337317229,90.30826621800601,38.61183272815491,51.37247763911664,0.9966244772685046,0,22.851086889153095,28.03991531583223
10.275218673196594,85.30496671308029,28.68022314732282,55.771019773228275,13.139809975611154,0,12.459145240133966,30.60828354806199
23.79041181401209,77.77885901989963,21.84681786287922,20.391426103900436,14.086037881516026,0,21.4617496359256,29.968527195513545
28.570304025705678,75.61274952372978,33.028278984179494,77.25452068940658,9.26861136177973,0,11.817577789501193,17.90294834788979
12.852317816030752,71.53478715033042,35.1202789160222,72.95677463713575,13.220864979553454,0,11.02648412566224,12.655347282773628
30.63831980534116,82.78295494012526,29.531714147032062,62.51763151095542,1.9716902497231863,0,12.12103899935658,24.00975550247266
24.92941063490924,84.97256538978554,11.98152405971532,47.29528290631507,11.961733801144653,0,12.174847159074355,18.74748368372481
35.614431785230245,78.42083072495782,15.945900630628872,87.156741462361,1.7872229020889097,0,2.901106937292287,11.480985716494928
9.23024664799986,81.78541296274518,19.98542023115799,80.32255775011768,6.12015347246305,0,-1.223958878561147,15.863024795279834
15.694457989108543,78.54191926370873,19.891896208302256,61.55443948116948,4.857278018374125,0,13.46152487234697,21.173987991800633
25.4450624996949,86.58917566230033,33.56972800864047,39.74407981738303,8.783877378306814,0,22.951970743448335,37.003994727698164
16.600237453971992,94.13651702610034,10.642203158577141,59.44178229452099,4.522718028593003,0,11.089874508695317,12.095830181071497
28.718300758066025,72.7536875993614,36.448862196733195,56.03527412245323,9.55970444500699,0,25.316336465069924,33.72209945202925
30.011153193136,79.06085548719058,19.28698661824266,41.539359026793306,5.510809337279367,0,14.458979696308099,17.170123144545364
10.97296295792776,72.08518951457498,20.850764617563584,34.53391773504609,12.911855715456968,0,23.135945458456632,12.25412917353955
22.901779461996263,86.12336934182713,28.47684397803735,42.56086337898579,9.508257603294172,0,17.285382776828786,38.19518473371834
22.75782611214062,89.13724477516928,17.557396032863515,55.91291248267183,3.2294744598216916,0,18.62363458580666,22.88839586238477
18.709142336250693,95.02546924532622,40.95649597514347,44.250787576887554,5.041941330421306,0,23.207330710223143,35.984677514371654
35.05482101452049,76.08728586156798,12.987907276429784,31.08595905611071,12.711313314399836,0,18.931913964509246,32.88027100253549
31.997683276323414,95.55612497009747,25.55338268053727,70.8770654208647,5.797196249811877,0,10.575525990787828,11.860721521350788
28.219072075379465,69.83461748279957,39.72977943092115,52.51739967659304,8.036985983484678,0,19.025197241294663,27.892460063333417
28.71547243631493,85.48740203757306,31.55453630474325,15.414013058047997,9.73412903928499,0,35.65764304388377,36.85815249376757
21.389768170580453,69.65684886095657,20.23153305449217,39.46532045009004,5.217144743788752,0,15.205511347885121,30.32614547847048
34.7088411118007,93.9194514450964,24.726607272176125,80.79307657695948,4.409679461371025,0,-0.37498016189131356,1.4380271920186178
28.143267390345276,83.36446265503157,34.734303311988015,70.41892249599616,7.128823539120429,0,1.8314080913550121,17.304281741320054
29.140450788018676,87.41110217212109,44.06412601773648,35.85974271552057,3.2232145813918365,0,26.89891672207221,44.1225836870866
32.98903620983302,92.11564385140312,41.25985514328018,85.05465216356073,4.263158803785951,0,21.993074019066736,12.304994689085532
15.94807609092354,72.3590080520351,21.985148293383187,16.128232668656814,0.9311772604805413,0,32.442796683612855,32.11762306893888
31.405056212134387,69.11915529620588,44.93692577507501,86.89877631137512,4.559554139565082,0,12.80583798238731,6.721671900693011
13.66197748573827,93.48755323147272,10.12266322358704,29.65640739877405,4.8105614004535395,0,14.292134818654407,28.451681520453366
18.014916615101747,77.13306359630904,10.967041453294527,10.727534424193541,14.427497494369796,0,19.940695021609088,27.474364748903355
17.73270317382544,71.7403883298878,38.834418030991785,44.704642921466146,8.845932381988202,0,19.338655411808208,27.72382489902053
36.37723858328508,81.58537587552551,16.98119403915682,38.717634374960696,11.810736381237085,0,12.131147348973489,15.636503591799789
32.83957948868988,85.35087619518454,12.12692439386843,53.127120416543505,0.6806587917048368,0,15.031073668975086,13.09781188426796
28.33392598611753,68.89814749925279,18.300182563277577,73.74182884558763,1.598050404125579,0,9.5469819848595,0.4222888914914176
29.084646086846313,75.97197408945554,24.913505389330105,77.39446417203577,12.218054412938885,0,10.603857735703771,27.586975304824424
24.30011103767456,68.95119635402999,35.56981946516917,42.09839996893535,9.353243241264536,0,18.479656683599682,17.809319371344465
35.465629346147054,80.18972628666947,31.851743429292192,44.387659496508014,2.8647304581030437,0,23.113089935863577,28.20164821046668
22.391503833588487,93.95790084292108,18.316742614614714,21.854218426357896,6.071931087926074,0,11.08288093195988,32.99670670326445
19.035013586226942,96.4969199333135,27.614465683520454,13.80380871049308,8.080087499724343,0,33.880103684914964,35.619502896959155
12.72802477101614,86.4743790516052,42.417493688949904,61.29719921880198,12.654147437061626,0,24.11246158252007,32.41653868690096
30.799963915570682,72.68749311975316,38.52527219443152,15.155010044215382,0.9061798754174127,1,37.989970823452,56.45594827434963
29.298874030192152,94.26963230997987,21.31164246911277,68.70640955371647,8.950834340510436,0,18.126026155891644,26.015082905693113
19.14629611719991,82.97118687280175,44.37925964744937,53.1272116017798,10.75553882380026,0,17.270643047347843,27.544532048989268
8.730609004817651,72.45873005098463,34.801714015229585,25.88663825808667,14.668377868656892,0,32.2863964414368,24.067805516464855
32.33092250382231,94.73007341409817,12.185727448337362,53.16183548101197,12.107401174382765,0,12.9201719247584,6.957203323424377
8.331121520168136,89.96660247096999,11.230624965102354,24.639817328167908,4.143409703479101,0,12.0250150873384,29.587911471490237
28.407293609242476,89.21945290897139,15.894278215351049,45.09897660083296,10.643687908173977,0,14.228192673375052,20.671505632035394
36.13745618205566,88.56624041003774,35.47495538175514,73.9648252993783,11.449168273904657,0,7.363890890299764,26.963973465176572
20.6921785162979,73.80985481179682,16.430862404484976,46.953543472850995,10.946032498775928,0,-0.10250342124687783,24.58931237052735
14.81422874488263,74.11919405951825,27.902036922309172,21.89594546380386,12.30216101927805,0,22.042853687355137,33.52888151978754
28.44125929125807,87.9604969543904,13.264104206329112,67.9062945458356,13.555949643204563,0,3.1770390281038887,7.372360248894393
31.69671611845197,74.37195975320151,42.23101552405683,24.94147330160071,1.4764480348401037,1,46.85434667560216,57.664718564221225
23.846479166257573,80.72147920728841,22.038621475424865,69.08398994960876,1.5714578652167828,0,10.631154178133901,28.779999489887985
36.04402298242824,90.6780529422243,41.784621979622074,48.34818313726666,11.94599983155969,0,26.85558334556177,40.567256135678164
9.498392928080872,90.73462302483739,43.07064746686905,46.29934072754413,3.785587147822063,0,22.57341339875336,50.564460483353315
22.639072350831317,81.14459140324993,10.214502655978828,78.11480302859798,0.8781213292511691,0,-0.9772461007969131,10.7682359885408
28.835164472353952,90.9735082099821,26.24473155195562,66.6882819472535,6.018437714709087,0,8.466248142455957,18.62644238782111
33.01657366332619,92.32003208974365,10.862961949741251,12.63286375639514,12.298153677391172,0,15.51675181280304,24.329101258387038
13.19841274532591,86.98849678724355,41.804246820601705,33.69394516812819,1.8984753572097057,0,27.825442724926113,43.01560772315096
31.20010097114676,74.62434971694418,28.144264065710153,79.67365286799189,10.077629577067013,0,10.542598097939184,14.591013086715725
24.028505195837813,75.94634163118087,12.623040444447389,11.466093483615891,0.05423792657351545,0,20.00849958001791,32.33185587585458
19.500056777708934,77.13039350685332,13.85968548967984,53.62027570095763,1.646061708186749,0,9.22624668742777,15.404007475130104
11.819735828793714,71.3873191242846,23.422815857245865,68.22605353391552,5.262755186527302,0,14.718165923005229,2.396029147747754
33.09357700835846,75.92162899072841,42.90819675055113,59.74848683876607,1.2540342153662105,0,21.025780230192225,40.67140203056683
12.560923037211746,74.07605750506343,34.25182030488283,70.84257616835491,12.688525011556694,0,9.203304146995485,21.860887291066508
16.983847917063876,81.20453374444946,40.36666031661963,68.05534791317967,12.961057547182033,0,22.58399339236211,17.09808521249942
16.41132042691067,94.34468888829568,22.825982621899286,65.36245561224906,11.333560546492864,0,13.133502869816347,20.922946291755462
33.271006991534776,71.02992918586479,11.51247948424994,75.72318887405217,3.637194470934262,0,4.68258057077089,0.6273589606833987
27.508386832058044,88.88776979447448,44.10111730215449,61.65525347596307,7.848706128599697,0,26.683175895966876,35.733553351702945
31.103760518549798,87.93120712798071,10.601054673182935,42.19347954055856,2.762827882850571,0,14.925691110963626,25.654836211273558
15.26356906498247,70.77687176123737,43.16780785783811,47.75272879316701,4.219176751096662,0,27.40172875332548,43.937048632121275
26.12134888860297,94.7545997422682,22.903709834720065,67.33798261451605,7.740079382606867,0,23.20772344726568,15.680615768441875
24.580633511168713,84.48569386254778,10.353164175765853,80.10448237334352,11.025207126911967,0,-5.279606355629899,1.2736614599924825
32.15208092685987,78.54804011293484,34.12050311035779,31.777504067182054,1.4198157059045875,0,24.594913942581485,33.38253171748916
34.27652475395655,89.93961892136389,44.318910641097396,37.36614367768566,4.4504504644212926,0,35.78628404063384,36.58699629436069
8.352546372844218,75.4635982936474,43.79690029931574,84.459151708993,13.899320228578834,0,17.27363609743784,22.373869046515818
27.546577652704986,88.11178527434329,15.632795392084645,56.28094339275563,6.436849766728322,0,14.721729848271826,15.40189844140636
9.503238174472141,69.15162501959517,16.343673212315423,24.316945370800084,14.083045108639716,0,21.725535142602045,24.302299068314056
23.91690128724332,92.34283309066889,29.793862011688105,63.09561111299062,14.871008123282035,0,22.838530427746775,14.63157948519628
16.34134914226667,80.99695456361823,32.30566892499135,89.26097244315037,7.899897391671239,0,4.336988451384337,12.917719731924588
16.896521386142094,86.46409451638031,35.879626978305296,75.87628515763201,4.320660146772759,0,21.889227388896593,18.137878798323555
18.23579660011834,74.41589677439383,16.336762616525164,69.65929092411221,11.861652128588686,0,13.12557649705025,3.9487723872971525
26.017481022438695,87.635137667095,43.56524803675521,26.643732341301536,2.3896610328752246,1,37.73805874483524,66.29565297948236
17.687449004394306,90.39496800090502,32.355873970123326,80.09118277472058,3.780702895081058,0,15.303909202083855,29.7817005279625
29.24827246711813,81.72318241964756,39.64664216046942,52.06310748284372,11.773198642489234,0,23.989189174198646,39.70085980103373
19.73129418164222,85.91408079779204,28.902300034946013,81.14320176575644,6.5046888709804485,0,7.075279392150751,9.842783232932721
9.9822428089888,81.23345179084956,24.49968966564589,36.386226353990345,3.0230690548150014,0,11.890880978037243,29.79371546566184
30.72903543203911,93.92864970847752,44.201401730824855,14.96408421083462,9.766886174284867,1,42.55740724657546,76.31821001597328
16.286991413188474,82.43820623491526,30.374247978694264,48.07807749277969,10.991427920725243,0,24.304261442436168,20.77742029066223
20.550239508378617,92.41245256183575,40.340575397971264,31.587008385430213,1.8760685917585362,0,34.76339152965935,47.04770777140725
27.877872613435144,91.23920968983721,43.36523387282015,67.21834318210385,4.154703899624012,0,20.46356157889806,18.995220593842614
17.64122855731265,79.90463981910234,33.63741194530307,86.56852422848259,3.3191513305834985,0,14.93307441982318,27.34330086780811
9.640984028254753,74.67245026386678,29.212853748153623,65.27793209212511,5.697819431436782,0,19.749347635909963,18.4043377387852
18.843710363371592,79.77638184423336,10.122879781872772,80.95471437673628,11.451673433640966,0,1.54822537104724,19.29514819009584
35.389008898134804,91.96030389748138,11.40068742586521,46.24192108809651,10.705621534114863,0,8.216099267252629,30.440090610773336
26.610297521658186,74.60134353876238,17.029792561789073,71.73125897562414,9.937858655755559,0,9.200789152285516,10.780358379754066
27.472895311349,83.20865402987474,16.510295114959835,77.44347493373627,0.09428318802886804,0,7.457028615653353,3.892949483708515
26.336182455491556,91.37680569086167,18.916557831994588,66.87005020668339,2.1321497007058414,0,12.766985805743827,15.965342919759792
13.770772029823668,78.25084677872299,20.672712319418128,50.62218288556517,3.349463236531002,0,19.47671764405071,20.893641470898864
20.131682058966124,86.62407947307823,22.60229227427549,60.069288769229445,4.079337690582744,0,6.469536646762806,16.722691111774363
29.77725415253623,75.12331564741562,24.71881915241068,66.04055965431043,2.1963981247335003,0,9.997595453083498,6.808274847674154
10.939814029041615,71.16910391567664,13.460321845960515,30.24675225771415,6.154733272108345,0,8.163028517226916,22.37561711890854
16.057730506601658,91.03714252769284,11.48266761834737,74.76634087319879,1.1277087752103887,0,7.046411738990785,-0.7902896305647724
16.013254145509755,70.8700900788525,33.58805571755582,86.02596311738186,11.25033285581671,0,9.924681683661271,19.603982128557398
20.528548900240672,75.87006045730796,28.80671886950772,47.21914521439488,11.815811809441573,0,22.391686223922473,35.33387245212865
36.43069348732337,92.79817323792577,25.545047077704186,66.0853746487902,8.614000344013471,0,5.5685174032642415,24.07766641457161
9.957573853830837,78.04760932528134,32.20539794089233,68.96207246322831,1.3455731556295176,0,22.41898147994293,24.135035406636632
23.042328837037253,96.21831513591067,38.968779252123916,62.979803801718425,13.35124754320137,0,14.618752662450053,22.218996560600665
13.201575778354103,96.41229570844193,24.96925181906716,53.769208666290844,14.484537430621717,0,20.22667983155862,24.911673033137326
36.14961981688258,75.78000459315314,32.439181276819276,80.53183636598484,3.0354534048268405,0,12.649790583076896,22.800130225208257
11.285801637096462,69.18836844524682,43.37502783423056,45.914136741511555,10.569597291610796,0,26.96605900703092,33.5557129831356
19.704429068486146,88.446835241956,39.386857355154625,14.888236518928286,12.629079459637286,1,43.87615718883796,63.509724755286506
29.398664560203578,81.07860857680197,24.91002836758433,77.56451005697282,8.097652838140535,0,5.99534612011967,12.901981872872005
28.432078412795914,70.92183247482771,32.565089323516005,63.918501785324054,4.849846492901233,0,23.582975010664633,35.60821956725337
20.259130469924035,88.51816175036325,16.197482267057893,77.94069011997172,7.178380726205289,0,4.779598269298643,14.503050259097716
18.04920087062883,68.90407236424572,29.618276471328144,21.083795395575542,7.68403126176678,0,22.13789196522531,43.601565006805416
19.530758978033248,93.23570402427502,44.3464901898455,12.460235240777306,6.009555662820419,1,46.51537351251535,54.606943879838326
15.66401163160054,72.0209233442858,28.14102903208828,84.7499632306001,13.947637404505592,0,9.287220682878802,14.194493414386013
13.954655222497195,71.69204448365502,42.467340471655156,21.818264468045943,11.15824666413753,1,49.177217302640415,60.668004493302725
22.00815122920781,73.09449664108895,24.256722217614126,74.77218656563615,3.6195246338244598,0,6.673606536530182,13.499558930324904
15.787478925960613,95.84772439626992,44.95956895146209,75.85679537445087,8.783357809798028,0,17.033863084373046,15.689128911905419
16.336388282020252,88.10191144736153,30.272701232964526,66.69641604392024,10.330337263967511,0,15.244586439043218,13.870673966127633
27.045925840762155,91.23977452844547,11.479414798257709,20.500976887429676,2.102346325531954,0,23.956538432636577,28.211135708642274
36.087582619296874,79.53141458624984,30.53641788419858,63.3918899648646,5.376386135702232,0,9.406869274659766,30.76558519190653
25.505478816221878,77.75306909764372,19.610044348785884,81.12692666614925,13.583224224058739,0,7.993717329506897,5.181583953935868
10.232404544884023,74.80003619671193,11.136846271256315,44.04253158407066,8.507596502778023,0,10.03535100976368,16.26552403939565
10.191924801767943,81.93879282105986,38.729865664313216,43.08134835028791,3.254966190904753,0,24.818365418327808,48.47302402547622
35.59127340452142,84.00303327249088,19.650537294326455,45.42866476635353,1.8417719717872616,0,26.20454794290591,21.54109974587961
16.621432918912674,86.3214704659299,37.87919939162745,16.581751254096517,7.773403402123166,1,42.982728196827146,60.1932924663628
10.669942596391788,75.45643661596215,20.087615403455345,81.36204552239788,8.215285845437162,0,9.408662796551209,8.701037558751867
25.372293027361064,95.51096834618673,16.8014223855821,79.53462911844083,5.016216770319185,0,8.134891643275543,-1.1515342408586466
26.085814570417718,72.92299644800694,44.08774509365496,89.8327457432229,9.456240426286778,0,9.193929253368077,24.522135622809614
26.806639783441955,96.00394206822595,22.657586471425684,56.81465131987308,1.030270293290831,0,5.057426213636399,16.298558524815807
15.754658807868697,68.43082755271762,31.048167400510614,70.09533091611087,2.177095398992109,0,18.6003948875066,20.38027375458385
8.438209842219775,81.95264506268852,31.349352248506506,26.213752504584377,8.194107315168889,0,22.392819410635347,41.43472109819473
35.98544571417968,77.66766730538032,29.616571876072562,63.402305457933565,0.9272354076668093,0,7.466679527801073,36.006924065717854
15.275898325041972,81.02457900397727,42.01435102324251,61.978627900591256,13.213631474866508,0,27.54439821566487,21.1927691418853
27.604762353523878,84.54927279044288,33.6054374978404,82.096698867329,2.1321955568477517,0,7.076575419843538,23.379458247236208
28.492266226482577,80.63208558236856,24.130655143672556,76.46341782712594,10.108798111268047,0,5.263714845276529,19.97408874857093
25.690215095305085,80.03055865874626,40.18331345834959,85.07731700942105,5.868051625716379,0,24.440327401794956,15.611557861786416
17.0743144321958,89.2489790469859,16.337201469058755,79.5066778161286,5.996816213133727,0,-3.982079417217056,12.196176691347677
15.861791359157907,87.89041197750748,29.048286516364612,79.49551159190815,11.473342929167156,0,4.394059573575235,27.134820332098748
25.33238019837839,92.16486717903959,43.269263018031474,15.097866135097462,7.4919320125937094,1,44.806780956116896,59.56761289229281
33.116773374739054,75.24881045594537,31.888917045814445,77.67695621567647,10.884831954657995,0,11.440087459032174,19.75285632116416
35.45527813877847,85.67632678286785,38.59389576662067,58.59827156024945,7.577868431291538,0,17.24874000464724,32.55063838345112
11.071268327708971,84.97064877639276,32.87462539408175,40.4355561412769,8.893580121078951,0,18.51337036804322,37.28980476461314
12.490029765333876,78.72239651530798,39.377980223826164,14.521169951044985,11.410719418044962,1,52.88261074875924,68.20336247888979
35.397351504709306,82.09566871517775,43.057075794583525,64.21390198144374,9.10963114381913,0,23.57929792338222,31.312818481937832
29.359521621708986,77.09968215586613,19.552260463645787,36.256140043009395,9.23422664083183,0,21.825131939966017,30.822953565419727
33.60682092006342,72.11348753089257,15.93813784398516,47.42210119888278,11.838293871413917,0,13.056312679535067,14.213726675971918
13.87634638992495,74.20023510921925,26.939676261638898,64.53827496441075,14.236302237290598,0,15.555630385791908,21.49652022669594
25.039990262172655,71.05989574563483,34.56518493884755,82.94196376193143,5.6507423090300515,0,17.064511646392297,14.22793659877236
28.333048238106734,87.80901768051359,17.951693861377564,76.03495324839987,8.65675735838927,0,1.1838658834421487,1.748232681387977
27.723244677962207,87.1610944001654,10.143550765055847,46.04777032828799,1.294097366003184,0,12.581624266631437,14.103010481660007
19.836399035134246,95.56758477581631,22.002729054284686,41.02265259571031,5.382058208533004,0,22.174780315468702,28.678771139673096
8.446451859047945,89.16067399577,43.9100767413726,29.182379107523797,6.18073838834079,1,50.92431137035046,62.72367533640539
24.90485564732363,69.50932932392782,34.32386112120463,39.79414009407746,12.528559752360765,0,34.963143431387884,25.797446788632392
15.339944636208653,93.64311004393967,24.046390537942838,18.883710983351865,7.700886031885153,0,26.707380958874666,30.310612912350862
21.05737313814382,93.01757972542605,16.740163407139413,87.68844066918037,10.965995599476868,0,7.756744251251268,10.041315734464042
35.76984943743071,80.85628930240826,22.463138581416146,55.913395516766315,0.2851110003850704,0,1.106710968820444,24.6695615904542
19.572024211630605,84.99002846530972,15.944380165543677,20.224467423617032,6.967390044424734,0,29.6662644025703,37.686559764203864
32.35424659326837,96.30627164170305,13.7207037459533,38.22448074127246,13.519764977453764,0,11.763589341990896,32.51744294129891
13.467677566728284,83.43682655159682,41.735983040039386,53.76313148965248,3.3647086395867767,0,23.533564828184495,37.301546995296825
27.501354442725837,94.25433302290661,44.91776184314158,52.63085093126957,0.4728327796066939,0,28.875148064025023,32.99466334318101
36.33320167872936,70.4081239764954,15.74400538585266,12.840269497490588,6.501131005702146,0,23.252710007101584,35.11424163908878
10.954899925315168,73.54050419255181,11.90828956073979,86.06728273832891,10.56647730971393,0,1.1162268567118923,14.337340347603984
8.241278324588569,80.78189335979822,21.540588750117433,32.030054517995566,6.816952602622043,0,29.099742860790766,49.463474427369945
20.573900986345816,84.95794744178184,26.158071326649537,11.294773514551295,6.899674702668987,0,27.769503382229523,44.41860795036572
10.686139008489649,91.67060770402121,17.168743647654907,16.115520716022598,10.047075618574793,0,18.31509652651791,37.60391687386305
29.70314614061071,96.65960133915242,20.54987191294955,56.41559225983816,3.815832124245735,0,22.41757756501608,24.84364481281638
34.52191125160821,79.27669339774937,17.03047574920802,21.02284165400775,11.278346874629662,0,24.842206463425075,31.975698708657255
20.586608208554004,69.37505344806246,37.09911989513579,13.337983428280262,2.2967029635860015,1,54.15935979565114,70.07125588216773
15.502637622507788,91.23397359556442,34.94022801365413,40.370117313016905,5.936259079289815,0,29.67722836581651,41.87240693211567
20.597696251191685,85.52704085340143,32.22330305163436,59.82089538721509,9.84012162706377,0,11.547410949585469,27.886258806136297
28.97998671765003,73.75774290717784,23.552624997772167,18.94718438732899,12.425535108452966,0,29.319080541471795,34.32656190169239
8.262570685830758,82.35002524202119,41.81643294599826,35.06622657210524,11.87296606747583,0,25.468608171954784,30.418494427116897
25.09416569505622,89.526997120478,43.9336389537257,43.420853729963376,10.825283989615468,0,28.977722370072176,44.118736713549815
25.785458861733993,90.34194182499067,16.07737594188942,22.756807822941376,5.386445753045866,0,20.83307360602351,32.03371064253983
26.492959159982128,82.4889339479641,17.805442449415732,50.48591187733681,1.8345647444058577,0,5.668628638341543,15.32452660413601
15.018640319445439,76.85122137373692,28.39708598001294,16.81712695214167,3.252513265394859,0,25.08935245655504,32.401958952188714
28.707528977965676,96.23853487911632,13.193769924878584,13.721479707605493,12.972507218647275,0,33.50637755095315,37.05770001756772
10.650353103621516,87.23751571773829,25.27569395880895,51.58682937241078,12.859970551989893,0,18.35368519188706,13.3220303750023
13.778839757537224,79.83888806104267,30.362694267219855,29.831757820070052,14.273412788085237,0,25.353839114274148,38.38240174441052
33.44663135297998,76.13343350193492,28.27257498980666,17.6299046318422,1.139829778433124,0,37.9117672050553,45.81643600532937
29.422971371070425,89.2019865071033,21.58180040773091,43.913006999010584,8.052136279161841,0,15.635821553816434,29.233127649950674
8.398621066329012,75.02331992221926,28.985603212702237,83.21125916139158,9.730245673563504,0,9.072322048088047,11.371679842555633
15.202911550724206,72.97958968023696,43.558033399059674,67.9353957323324,10.659860656002849,0,26.352412260444364,20.215040355178452
14.217788006801772,83.36518277990004,17.21060915019816,75.2492732277622,9.657948525156453,0,4.026843613688669,14.335790877580344
15.853383513072204,76.40963438668011,32.91909754379013,79.75311910069092,11.550170848534231,0,8.801009344925284,26.25387252967165
15.179233338116706,86.23824920278483,11.518884295461815,87.81021931171351,5.392073644340123,0,-11.852405722586733,-2.2218906306095967
9.813262576542527,71.42022157135277,12.324574156850222,71.05972588113384,2.6914915820322323,0,0.16187774717115033,12.519211543706609
21.309274981307787,86.99329203245233,29.313987847825477,58.67263375515837,3.068750582256578,0,12.32506506741716,35.1899450377546
29.249270768798787,76.21559931193336,13.672871311478232,39.23407042417978,0.17968034205246508,0,15.859048005828232,24.8820242923063
25.595220016805655,68.00704509860087,10.782137594940007,24.531458924617286,5.2548280815933355,0,14.979339791445938,23.878537972972577
27.513278389344315,71.68114567255111,16.002954917680775,64.93278991866354,1.376160763199659,0,19.311735537527305,20.914631763585152
10.353326177550935,95.07484595721773,29.769720984985106,89.59599888975535,4.822330391852863,0,2.717916174391916,6.860506215984235
35.593230595126826,93.15328453434537,34.61693340816264,47.38869476951352,9.423151157493717,0,30.09509170751429,22.727338031721008
32.316263181447724,74.77466192905086,17.0867497449483,67.89434944742462,13.417170833802299,0,9.27383481388451,18.780558406020987
31.347619236374218,90.57278523181924,33.389080302286104,49.60739599945249,12.594081764857746,0,25.846191529869248,27.34735393720572
31.866530346211256,85.64857620204525,16.38667158847303,44.55467386907813,3.7901131793636536,0,18.557031607192425,19.794486307426773
35.04860473585008,96.15623663204622,31.471009932094,42.82444908479321,2.0112471329707042,0,11.79699258904696,27.36424187648161
23.783365017297236,78.83456412648772,24.41858879635296,50.36997463453581,2.8960841069509695,0,17.040538612932952,21.193441655118864
13.808178518161151,87.76235776299796,32.88298282667658,39.35165294923,14.564799778554104,0,23.32485484240013,43.81036250900201
25.886724627723694,69.84253595029364,44.826846336773656,69.90186574574463,8.242117195282361,0,15.777972971207104,40.57285286425201
29.543563316370232,79.49117305767577,42.82359378313967,79.94176212732133,2.7375333450086226,0,19.72739843945278,36.28230187196754
29.399604407266736,95.95071217445724,10.149861524263628,80.63082453161473,12.611192320302226,0,9.468384982034753,11.468431450154863
23.122021700839525,83.6304453590535,40.9903567526807,28.215897074066074,5.927868664688324,1,28.6653910347002,61.57175404039465
9.985302860673764,76.3485055967105,12.327177831116828,81.67273109851926,13.48833227962091,0,-1.01057879320597,-5.298784884269404
18.762275214473707,71.4878579307296,43.356630515594574,37.3240985484084,3.910156902517298,0,24.252254872706654,39.771665969690936
34.702231645437365,88.40232186526438,19.863898768488966,34.74461323882381,5.8983263820635425,0,19.867454543785808,43.11777538592967
24.949018382965356,86.70082525946208,23.37121906439448,68.14048459185886,7.574216441851268,0,9.615357738889601,13.717186550624561
23.61162635441569,78.84422269450947,13.207337181150475,34.37570720690316,13.389230011335474,0,13.262570364718403,34.773130749334946
15.796751917083611,95.5772992041092,13.929546541511836,14.237312448776809,13.031361474075837,0,26.141113677768168,33.048053678610195
18.68501867758079,68.64388157664766,35.435919783026186,39.88942178482464,8.61532605455817,0,33.93203986135119,16.558786454913832
33.96503658544191,76.80799169732295,43.05162825119021,67.71724802866791,3.3266326467133602,0,34.517232975783905,33.2274766849297
27.327428378278235,94.71101510268787,31.37619732340083,36.15667362161412,6.050354576068127,0,21.142951332873242,43.22683181864302
30.83422377581765,77.30712771126377,35.05475054343839,60.36472447961172,14.634495980482582,0,10.31358016874533,26.543988753734524
21.176017268962,75.31533218179995,36.66894106090037,62.80955554105043,9.116598358161031,0,22.28758603852676,35.50889945151795
26.27716936422858,83.49239188800617,19.198499609352957,68.69888093810849,11.71646632686295,0,17.042009199859947,2.3647547894487637
15.203124653553019,91.8902507476956,11.583037082207522,81.77043730487492,6.7479704304212955,0,5.32883718484493,-5.457302519921043
28.458364078221102,70.99125606547247,10.0655460371709,44.60515994147451,7.980109132002095,0,19.682960233794653,19.631313802312544
20.40043867739678,95.34760057972635,22.272724903390653,23.314566132996568,6.434311683488161,0,23.014559258785763,37.37761158355848
20.833819929627623,91.05711355425376,18.45124798697256,35.51405723455115,10.54381497092952,0,15.523534624255293,36.361177978509026
26.83034741272957,73.256257410995,12.181120376721498,44.57338041391887,12.772065208303161,0,13.295725601191648,23.951791327705273
35.152138022598876,88.64823087474672,16.283490237278336,67.11131754624904,7.610453148368453,0,6.355583917930016,4.5701634983120805
9.856184051650008,79.16380295648915,14.357461439378174,11.04977004493068,7.2130118795433855,0,27.179269812911603,35.68588820017533
31.91755388306322,79.66654566421325,42.020743321607966,35.262830675190315,5.104297006475954,0,35.28036134826434,45.31240583990569
16.479110201953603,90.71541268072713,14.909352471070912,72.38740648154534,2.6564504144112573,0,10.978872613931284,-3.1289891008554935
20.873664180684955,95.92075943144124,28.81769623956877,63.66861626645563,14.088715843126632,0,17.86122659386965,21.517736948992905
8.635486534475259,71.67302031256862,30.75870842892576,68.53919788684841,4.741195780192575,0,16.046706481784852,18.690468095048516
16.730336257195077,80.19827686948577,29.02213101980218,74.94486155513557,12.010371953614282,0,15.999740489614656,12.852482473606862
22.576306036273785,81.9473066344448,13.466975197559579,72.65885751023698,10.730205319312113,0,-4.879129192554911,12.508081476709656
9.629106243075732,78.91304269169493,21.157942661269292,64.57465329222225,11.863764004171935,0,12.259429104637679,8.817133593967208
22.24177615211179,78.53248458777053,11.794461636210364,45.17292258964724,14.051522000581537,0,12.607744327063266,21.925664529892863
34.88620823689439,69.5157913592863,23.848446993371063,88.68786631025232,9.350561403313458,0,6.383265583467611,12.75035957638397
11.05640332512635,87.88061999631607,16.60096259450572,55.5258556472059,13.46925515073067,0,11.204606871819934,25.336578469647886
30.168781114189628,80.65021809648131,29.657138664953294,26.22153674950713,2.515459843684405,0,29.121385774932588,29.44173365962089
19.880460547903787,73.64902027667388,34.24829378471852,33.42502840838275,9.400688639351815,0,24.223623762174363,26.64232537899618
27.000037721205803,91.66497156675999,28.624195107164727,65.4849964776376,11.58413419371919,0,20.314215757559236,22.932843724616884
15.546861341571653,91.27426169639722,25.19828438139885,83.97916521595708,4.074616961162611,0,9.773641512979673,9.523405905382557
12.62527561369939,82.10535721457792,23.556669729984236,24.297610336471802,11.111307019379474,0,25.242481053469884,54.73350954085787
12.653415813865568,76.65506917328506,39.45921188339513,16.58771965966291,11.677152436743553,1,41.265707190618095,65.24992859987243
10.044266423651194,86.50468904809712,17.677882277284453,80.52248384336049,12.467819340246672,0,8.758780411673607,8.804867810955743
13.383754442136048,76.35641193754469,35.697641883510414,83.22223831302675,4.693243688938992,0,13.91544794031964,16.91989411516064
27.26236216468008,74.84422997938765,36.511881365904166,32.110347625271956,10.224098852524637,0,24.845419427685915,30.53655685135757
33.56902774346173,89.18492496676348,24.672000254475705,40.18285794969919,4.563799251146431,0,19.9978350302619,32.67722784348793
31.609644882143694,69.16943195190757,20.405520972897378,62.81503979982867,11.08560581247683,0,14.503661642706287,16.563281479911375
27.86889498636004,70.74828566000322,26.468952011609133,36.394401667397986,6.9446049771856835,0,25.074023199684298,30.77541475600024
11.202524038921977,68.1968570466841,13.262487406244448,80.17269666160423,8.963165617908299,0,5.014479543681729,6.54951705759556
16.386435942582544,72.43535240778736,11.60755112801815,18.60629621710902,6.237599721458533,0,20.684543657581756,31.070499899388
16.9843993843516,70.00071025260333,13.906111980816213,13.038577676815617,2.4297439039473643,0,28.170580353872904,20.953446596340825
15.248751445531015,96.87826866561764,16.550076101177915,26.67889653942316,2.670442944080455,0,26.46035160782006,35.117648089534
22.93516413158197,76.37548912866859,27.646188711831506,32.88702225639752,1.1635336089320174,0,27.6436007573742,27.507793700828433
23.531060631510506,72.32877236740818,39.719782265639274,19.034127303110004,9.271090195824927,1,41.21239656760811,60.25199305585917
18.349693279962196,74.98889148188162,18.247481619989045,15.255234347251738,12.729575969295889,0,19.256861919366415,43.84772967774976
18.259885603356643,95.14764157466391,42.73067037613723,70.44861708014386,0.31255239393121415,0,17.511051229167485,39.91509553951559
32.02811233927636,83.08464646770747,43.42177681272512,23.14212527218059,0.9935925313253025,1,54.536534564591996,49.892754908378095
30.88949260127088,78.57972479292785,43.56166116958218,83.11377592530432,6.862004884543655,0,18.25517737633656,23.103200125350124
16.926079118741626,93.32835227936737,39.314695713671334,39.43997291584768,11.06581104252284,0,38.457565119713294,39.72322055802598
34.49986487232452,79.45471784592195,22.733876427920222,63.64846477770763,2.36561467067927,0,11.67140706271064,7.6282297623289566
35.63163549307268,77.71524852877317,12.543936885091806,28.032169181504017,4.074769793237908,0,16.568249335630092,31.931634009380627
17.475533718871183,74.01119315394233,29.90865561182732,29.22582147934935,3.480093019227107,0,25.816298678888494,37.06870351725586
18.27832351499859,78.95610789337293,29.553850537803182,55.97673622940603,5.985768280067312,0,17.523033999813265,26.700733000784474
22.663390449236807,77.18384632449086,39.749151848835844,54.85143401167889,3.374980155263567,0,19.550891161575638,25.48604707623641
35.29250356347653,87.64181481964609,44.85968678311368,71.4983382409665,5.288980178171295,0,15.23610057843351,31.206683277151047
33.41326356112704,76.39789843545108,27.785505729605166,70.62506445554128,10.928138979929162,0,15.211916664044512,24.28884535027615
10.974470914924105,84.73879264625428,22.082141086392447,63.65502117309289,9.165138726812836,0,17.219067779255173,18.678361368679845
19.38919155487107,69.91087278592721,16.506559904469345,45.93044527147928,1.2177255808753933,0,26.699052874122895,17.934206527348522
24.047764502743384,73.54738554419892,10.167993868607976,81.25123090244938,9.566184993685766,0,-1.4599368698859339,0.5478187338604799
22.590841703994663,79.81475287672912,27.81897923711077,59.8062792177039,7.156157573388202,0,14.204328418923836,24.311645805066657
13.622028970169888,95.17152836335217,29.44315333459085,89.21587923698857,14.018483620607082,0,4.100666423943764,12.32112195462349
32.905686363876484,78.94030758575516,38.872846793608915,75.54958543474869,4.339564756560799,0,22.400184913247685,29.437628736101633
27.631282706908284,87.25814951479519,27.66019387624802,13.544784899066098,10.8924962954874,0,33.8415987423855,37.81639435345321
32.299342870702304,75.39752945022055,42.076392203311975,35.64751256642542,10.962912345668549,0,25.959269422355725,32.45816607623125
32.9041641011347,71.68397370322371,31.982921680000242,55.75005731767614,3.3225117151378103,0,14.755453209832567,29.40543262217321
29.70231975630645,69.69756140232145,39.41176833773791,67.71756302971897,13.548354374564042,0,24.153189052932753,23.217326819764228
20.737107436241804,76.8569914577398,15.190560718271149,54.02691982095532,7.367748006444046,0,13.30318516889102,22.989342145835124
25.70585589544731,72.57216977711033,39.93676456058101,72.89043379697455,10.183250503339536,0,21.893195706253863,24.858655630761994
12.65059677747255,73.0463029924676,33.63003490553469,32.61245222058757,2.1878333832525683,0,22.617439394896515,41.71673248563954
27.535717106772324,90.06201994322154,15.958156135341568,24.712964098626003,3.8670587548795385,0,11.176564518531949,22.589488714639025
13.198344416439141,68.45930405740135,16.64172453511038,14.313334703181608,8.791606769058342,0,19.65203677319986,35.26340468240233
28.124538124794547,84.1764936463276,42.42752166654775,55.86509956572176,4.785409025600242,0,27.893064613613483,28.215630721952532
14.658346661865092,79.00438003721048,11.12753761576305,65.08796165403962,7.495393778564601,0,16.592670204844097,2.098722336308441
11.40898770435638,82.68994999734787,26.188723015349712,36.09197736954893,5.610077990599339,0,20.119448349172135,25.248687714893144
12.793250214145765,84.32207687922349,20.971635147693554,59.08673478847013,9.60830694966072,0,24.139076546690067,15.13694753079706
8.057771921353037,77.08766313926107,33.27771039994498,14.17257846826634,7.307180441712133,0,36.536180496951026,53.010456541827416
28.843448917752376,76.55815694534428,39.387028564914715,17.94346770374429,0.0691490395975225,1,37.345312462789934,57.458247261002505
29.239630422692994,89.26865363071227,22.613234254479934,66.14038178067986,9.74521256918076,0,12.534671782091168,8.211006088468451
22.933067147484522,93.26703265551356,24.9415730562993,39.445576417383904,6.331823355752726,0,24.95698499499379,30.1070552243027
12.679521230606127,73.58486734129731,44.3671224575495,63.706722488240445,5.125475107353343,0,10.944129989539183,31.34184910397724
10.423075787810003,70.83094405551932,37.4370778387721,76.53768962239344,1.4122012842483533,0,18.97948782223493,18.4027997702345
8.554740026681323,94.03607838536875,41.4021445826127,78.20979499808935,3.305545358497372,0,23.101739690995103,22.42880448940899
12.8066971319914,78.14696844577456,25.356677722807042,23.773411637156077,3.3565843737128014,0,27.54065599091241,42.538231580797785
33.834810514511254,83.98820432922162,18.192667139444033,48.90284578810772,14.030542491070936,0,14.116873779882585,26.049402326217567
15.00456840934877,78.4267511910801,24.415221288525807,68.71413789059892,6.4876946211982025,0,10.728736362076189,21.25308906499203
18.273868489299254,71.64826775403549,35.06321712410298,71.91844770135283,0.6309877082275506,0,14.799462613186527,13.984799702279041
11.055019049958663,85.09061770348411,13.830064169259277,72.77407845831021,2.0822502336498134,0,-0.797090471698974,29.39424355023874
14.448477837696938,83.22908470131927,19.46641869657781,28.253386750446758,1.185490135993681,0,17.819574163630044,37.73726198968753
23.057512552625948,73.88681321654472,11.632256516155664,25.402785417901868,8.83304085310817,0,16.112322404446473,30.437439684868757
25.624827809773926,81.10420229491606,25.132170841834604,57.200997461895675,2.7993223735024007,0,15.973257913477314,14.048721099562023
15.11521711082012,91.11147761645373,38.960600759286464,69.28686381905757,7.478364604226639,0,15.910167445640628,32.2957257170876
9.6742326175284,85.12235699012885,10.863229090430378,35.531161242735465,5.550930943049633,0,10.426619959904901,18.797573385068738
19.33995320469456,70.81060248494285,33.63632343825081,18.376412548993724,12.05814565716299,0,35.10409225005652,41.47133341090124
14.79189775686369,83.89262341964492,42.637355607980886,67.3397106328062,4.807344558980434,0,22.969834473887857,16.881074179251073
14.367063773664256,88.37941067939802,18.292475152891377,33.97582651040036,6.873982235952124,0,16.257341939377746,18.694772885991114
35.836021278690204,90.9883987676418,34.277219425467685,23.309017944937747,10.819283228967386,0,32.677296686690454,44.31254996909545
25.872714091846,86.24440978039374,44.12856653850701,21.817882271770532,6.5002681039595895,1,43.25312911929267,69.79362974128942
24.14947485199078,72.42708677168272,43.679732105336214,35.19276380213731,11.898233040197836,0,31.597362059467518,46.92506468091205
20.057478002176335,88.59502473111466,18.222521756020015,57.41424527309964,9.925265343549974,0,16.762207569694453,22.523547921572796
20.439385669474184,87.64291353636398,13.511586862422405,38.67217909550533,6.15793670920074,0,12.135434236728287,22.184715280533368
23.686245111304345,68.70837960527837,15.189888826357059,11.652948127474527,7.55972888529544,0,18.23700193576746,31.605804937260938
28.19646440404711,79.94068236011705,34.57124839687498,17.752674774224886,14.508051837632902,0,31.234148851063313,45.66394513339279
28.362236789273055,77.65555716190883,35.401560640864645,33.24025977588953,9.924172447625885,0,20.911377306738153,43.694690735864896
12.979123323458037,87.41294986335566,33.59827965698696,62.77635857176735,13.574928389584873,0,16.5789897102084,25.082460150020378
22.503269810222182,74.2679385570167,21.762743570978333,17.881205877482707,2.6813775520659657,0,24.11382262567707,44.376927930987755
19.946784755988958,85.1352857662535,15.942192891534274,54.85254828005455,7.248542343677279,0,-0.8030886577770389,16.118811576186683
33.245282021812145,94.482972892611,30.32663821832886,19.59086966592034,13.629925047675759,0,31.939234028110878,33.497682517556825
26.311148715332916,91.13626879404963,26.92881560152533,26.92922618795052,4.8391809216212645,0,24.472191110970908,35.31306319144799
23.44261792606347,94.72227435027938,35.50919514928062,23.77508220446102,14.514962972196312,1,46.531555177161685,57.537290155600935
11.346444623188603,96.37667304104801,25.44760275399675,15.37829084566484,1.4561623571048616,0,29.187974022269334,38.54303484319725
25.563498790378933,68.30943368317872,21.852389314026393,63.706385390927224,13.540067554125553,0,15.492321891312772,26.593468358220772
11.398913264726769,86.05949701494686,20.271750207565503,47.072283790882764,6.678181830987881,0,21.96438373255314,28.971250473254468
17.77899069140681,79.97234253500828,17.401461201741128,76.48427527178706,1.10616247711741,0,5.096862605480717,-0.16942030802211683
12.142416979615625,92.93578021971854,19.30112316653315,17.911267198585357,13.192823888791311,0,24.273065479371457,45.15673611987374
28.0701357637067,75.30262635826482,13.319065359543547,21.57863466704578,3.7791031861367017,0,12.318226162706878,10.17006592310361
13.981311301248425,96.44985518433721,22.139995382511135,34.516618508036046,0.33375188242837805,0,26.912700865015957,44.53452043625974
19.363921822452753,85.79753111676867,11.279943432703536,71.26927895510465,2.0371065835378843,0,3.530701031212599,6.249115882682126
33.97456855094458,91.0125846646361,16.52448465082144,34.4607058524559,9.886721128496424,0,12.895377817934037,24.803434292949998
13.925175118570138,70.48238703186028,36.136965561680015,42.67349659989541,14.667172337072923,0,28.96504623330852,34.19266702423436
22.726346854804596,73.32027865800708,21.391414603681795,34.12828530377317,1.6719320937527522,0,9.55831575088769,31.879972670581076
20.158878173814635,89.9937065179919,33.38829559420704,16.417943344082396,6.929220721871429,0,29.62239367951291,43.46395761002336
8.525597190326163,68.63760913914038,35.09094614590471,85.154689831695,2.7095482642129873,0,16.54062132950306,16.058925433003957
30.98998529361157,91.6894615909197,30.341486995623974,53.88311936569511,11.175548011523881,0,16.817198428273926,35.814072616589634
10.002331283123393,68.40452154206544,43.55442094778895,73.02665505483974,1.7708834964272124,0,16.279604202699645,30.881163104993416
21.753395608331655,87.05644633277693,10.750395331808964,62.66856737482368,3.5976262272133437,0,4.493853467892626,4.6711832685605765
24.259670553229547,78.58772368672237,35.85284277058497,51.140342324958006,2.9460895147360704,0,12.534672365462214,36.24028613271785
26.224367241823025,85.73335072885678,43.557532537914284,17.17426053275041,8.287796705504668,1,50.203880268047186,67.93356433193179
27.970317249928392,88.1849108026843,40.179510527352875,61.418683621624346,13.097761380009484,0,21.04971996730457,25.723316788693452
15.344899122158736,77.93178135640282,15.876244213175466,22.42962847494657,7.666353017346278,0,19.84761051412995,36.098864122461784
8.289384523095032,71.13091099521424,21.438710718810622,43.15065354850213,0.8736517915720687,0,16.43081621280947,24.499956803324242
28.979866208292446,70.01973016469971,16.03581439567629,60.32905147843443,8.450833958952469,0,9.98959074663074,13.938153741156297
23.53404138107978,85.0791446543139,31.045792733514645,72.57832003776987,11.96281498977014,0,17.016587208786696,17.853755802970294
32.24741339301021,83.09900525828924,34.92657936928223,64.80361405668957,1.9823429595648405,0,17.761887761637997,8.037675600226713
31.820262524120135,89.52382926451284,21.097581927707036,63.722682324370304,1.0906682151688756,0,4.623803525643369,13.482580896333886
32.45645886584861,82.78232979011418,28.88273008945034,21.9233767340166,2.817116663363536,0,30.74193263224053,43.552500054942776
22.067745139406664,80.2509279108955,34.18221995249182,37.69028320572703,11.191294842324412,0,28.276873469548935,35.276339988877936
17.675223479269103,79.54452816885069,24.746893581386693,13.432981812815532,8.875206292980023,0,29.371187237930993,30.478638414715547
30.95518787514973,68.76696017533236,39.89054356594107,67.55815145411717,8.108919809426233,0,25.054032881541982,33.663484344262045
21.087529277848393,77.73115884920306,37.0042477350736,86.20687850539353,3.742198419476525,0,12.791953697983528,15.62959612208298
13.3198236956996,96.30458456821033,12.263294034769974,31.128831214326063,4.983548928702891,0,22.349878098033447,16.355415500500904
32.794246567282755,93.33311171058557,31.739385468179016,17.015736732984745,14.488275194150134,0,37.80102682158607,57.679423819410616
33.59423642639807,77.55196394399232,18.23639428359124,48.045606140292286,3.6093784009407854,0,17.616079727330348,14.351385952623538
21.522982928064934,85.0460667469248,29.513139263354635,78.5358578502055,13.524681348826327,0,7.456144167225979,22.44998099693055
10.195292091983838,92.57160562052933,43.49109549215382,54.157935621742375,8.707972566866049,0,24.844238467041993,29.046284340613113
19.246956607591006,80.79695576575199,40.76717015932876,13.742172015209064,1.8494469955687172,1,52.45521364539353,64.91422113153038
31.302592124415497,68.52077804875438,24.15807410902961,87.94177924223568,7.00968567232602,0,-1.7916360485034328,3.002866024946261
34.15144682784063,70.16080339274056,20.20298504205237,76.29199279700805,14.228230760413139,0,5.254126341030725,2.9298646375125834
13.90070953243028,82.8013889191125,18.204201054289065,20.527526164120815,6.278483972060379,0,21.22901849567457,36.366927979624975
9.942234748732874,96.11374189460048,28.638020441478204,83.7438205202807,12.950798471840434,0,4.869811062886223,16.522317872715437
33.44316314085232,88.10307672434716,13.998695864031971,46.05506308841509,3.8464304197756154,0,17.54722375508539,27.989738392586595
19.292743230387384,70.05656955171851,29.2246252844887,39.7518392459953,8.563832277005595,0,24.570836223649643,31.39336596022406
23.711067963759334,73.49146539796402,10.046677382177721,46.88426644217506,12.657780873029607,0,7.402766975433883,32.816762411322046
36.07390854947201,90.36837115328865,21.334737076104567,76.76575654967577,13.810326617545433,0,10.665206174328748,13.972966297851675
9.930377109512463,92.4017530387311,17.697700984070345,62.758374262942866,7.287350507269511,0,9.229257039811221,19.482693653925544
26.801222216110773,85.91314299946913,43.99265764862737,14.739876191978203,9.595321532181435,1,43.12339310060851,55.99063939663454
10.149057254671146,86.68827191926468,35.45348118494927,86.60834968929368,0.04470196173496421,0,8.179643634472196,12.330158629394369
18.888598925528512,68.82178606111816,22.23786831617832,21.822730678265422,3.7983496127008443,0,26.752370328489235,38.25138662201266
31.310621810609955,92.02737752786375,13.249578028571719,69.64543613882809,4.180681556204187,0,10.426207565246624,9.501978024716712
20.570694749913397,90.85998103695405,28.08802081417184,60.890922434250484,1.402395174816462,0,13.342892512036844,23.81022546004536
36.91828826318556,75.51201917899706,17.47067584641148,25.00224383572487,4.19542520035465,0,23.95687144083334,24.76605168355759
24.21271926345146,88.5516248789997,28.775034106442522,23.658566089043973,4.816830495872087,0,35.19871801439548,38.65522284254927
17.313702426442653,74.23078358632495,39.237682396261235,79.62620749637536,14.5314905935229,0,9.436626167366745,22.521947680348745
14.38322845123784,69.16957467049387,31.55273932354849,43.57559387996777,10.029035708412565,0,24.482040861977033,23.23836090294531
18.16509549429869,73.83295973512094,32.18259468407508,62.36612113393108,6.390076191245163,0,21.534739458335252,28.860957269636746
18.803464939026973,73.18023742587468,28.9360601171984,50.32568030853386,14.82081691043264,0,18.894576883044888,15.330909318479707
9.992696653994868,77.79469190531057,42.45429714209932,68.18828136607677,2.298484803519168,0,26.962080215504866,29.486932303012665
18.71765178337642,80.13503541808828,42.61659395472112,48.33939000314644,7.140767908957269,0,37.80066516772305,48.593349228352594
21.462917072437524,82.74762785343353,27.945312037574325,32.99039322044547,9.70593310573574,0,25.792314794585035,38.33488369909998
28.959394814925336,81.82586238974152,20.701582050022655,39.070669679719714,0.8337095172611553,0,17.461641459705415,31.512776080385436
27.04515505692663,75.84956357299339,26.085545205780537,78.72621555602741,10.754982871246781,0,14.309821974391827,7.878854176416561
28.554204001645473,68.84594938864817,16.52952692684655,47.44277543381816,1.4980102938298483,0,18.242275135167333,33.32404035465069
8.242546774428856,85.54794704487738,32.27205103613313,27.075946579568743,2.104234628995154,0,15.419086769605013,48.16987865206839
14.312354587835546,79.47660006557328,27.503231752378163,84.76843104618025,2.395342686931261,0,8.307408781879433,6.6894364726858315
27.188844363595837,76.66149256423894,13.615516723464797,73.72803651987016,13.933347399832767,0,2.716350072075781,5.354752733426671
22.035691677212668,93.14129024208486,16.917672339186538,14.45329168449593,10.248533177072517,0,26.106377121814074,43.15187904420037
8.154090794382032,89.65555592614663,26.78711846698344,89.91543695844142,9.831412516546562,0,5.450636744490344,22.6791279450308
31.33034463052285,92.87520090280083,41.06561467516004,65.59413571520818,8.332402446974882,0,20.428686161662565,19.548912273380736
30.411477625419785,82.35450104666137,29.823675222088408,22.821327923246955,4.392089980426542,0,23.749375436764712,31.739698575882226
23.904155726813315,71.79700631167654,33.853725007296475,28.973414503887717,9.313345568990272,0,31.90748424460436,37.71636190786761
9.92743644751189,88.1904216475169,21.86599924103684,65.39563849932375,6.152245798329597,0,19.589519178064954,1.7636859387949961
30.228936436444954,73.97613961817808,29.9993987565482,72.38088442232976,2.1812422513892233,0,9.0470743055,19.18060160646298
24.927694044209556,80.79566040365978,25.65829379233236,29.12287545198449,10.343959354915997,0,17.107009144835963,42.046030692815506
30.676839337580816,69.88502287951776,33.06954694181063,30.557508311941668,1.9437325189488408,0,27.467537076460133,27.548265726659466
29.80066277947937,91.93394367026649,11.770144812765363,34.569655589764864,2.8600287153175987,0,15.370897424276905,24.123973406578884
31.287060086777277,71.65227859037752,27.26550756836357,57.84146918693094,12.265489677714088,0,22.134976958704307,19.150321931278572
23.02223392573412,94.18982770442997,20.359741880038843,23.745294264102156,9.90175644187731,0,16.910307898896114,44.197349063659864
12.069411027611935,93.06268746558516,21.416477144726823,18.3394559107822,9.464867313204635,0,22.516625924008267,31.525560887591862
27.46356672801097,81.47290016873814,43.63211010453215,64.30912712684108,6.273041765140861,0,11.784800717879493,41.088566826222944
25.993739766507147,89.58667792481573,16.394318444898396,72.3278351834536,5.944207773590567,0,13.373726848472232,6.723271497879002
29.525342428773527,85.96390714072645,20.89358384025089,50.074352353320435,10.353939137781017,0,16.677209355746133,27.904640000161265
12.926549175471324,91.2891936277946,27.846240150580513,39.10661682147083,11.100083079135686,0,19.873970458945024,32.82871669029887
13.654280797108388,80.52234792279145,40.20594318523683,44.56341708211811,7.6531980354646585,0,20.122589075027104,35.33029041269474
33.82187599936053,90.78844604308615,24.583452912222967,41.07262670975615,14.539038665227894,0,13.817558152298384,22.787321080053488
29.749356155110053,81.41124769488928,36.03528483108599,86.79879265901403,14.33549338378308,0,14.049339116795744,19.16332178427123
34.33862617230936,95.28800784744102,39.97309343751809,71.44719241753123,6.1864423501913794,0,13.015263765496126,22.32123225810398
30.002744313753702,82.10479092392927,20.850572453764713,26.646977188008822,12.309333814247305,0,22.951220186222553,27.02318902339833
25.317503873718753,81.41595888607816,23.74625642385485,40.73513216431841,8.14901762397623,0,29.867312868307053,38.262760178215586
26.969849373808337,90.76708398534187,22.47946782909247,53.52098330904879,7.6763383133576175,0,13.445500807107496,25.911998966288554
33.78470979426029,91.8257530610643,39.149953301627235,59.03886896509508,0.8244609206797776,0,17.0560937414132,34.37989705828872
24.785395880846274,84.08018431531396,11.55214016837604,47.454711682301365,8.609620657024653,0,13.449692606761428,15.20820979781924
26.339348405523236,73.21413659135719,20.794738109003802,74.81013080095673,13.508668958447469,0,1.8253711103062464,11.250942115436457
12.537824764104418,81.5649886977698,33.77929951582955,71.40848155665853,11.702007737926381,0,24.067027942564234,19.964150415376526
21.74371538336698,96.07410258438067,29.790522484786994,50.41263349025334,11.79475717048893,0,26.78956953795917,30.0699324822777
28.77551624678487,89.83659959813637,25.2701275752793,78.35435094253843,2.398935578645088,0,8.307900410109903,18.312960331049744
15.857338251174596,91.52371551249483,28.89818795274845,70.08716243539087,5.376741707003455,0,8.936479338635872,19.092288205311718
13.865371235211512,68.95193946575796,16.91546050399114,72.28654789765146,3.498073749753537,0,4.6429165188233315,5.68614218406961
17.100977438508053,81.56792441639064,25.075081756280362,86.51206235467333,4.738729236834539,0,5.105594111311036,15.764217311084726
15.00351821179217,86.7520128760691,27.559604446172216,31.317355296736213,8.693090152405881,0,26.302431292600566,34.24264762646719
14.23246647405548,92.07094782521416,41.541619268411054,31.411852989347935,5.471757200553719,0,36.54541538390673,32.274375713910594
20.32067444317452,69.42893595390038,19.12923069813917,81.11618045525121,8.41046726196399,0,0.04719805870127125,-5.915997013774799
34.327316902622485,92.72072768361431,40.37399757577264,71.77810987085437,6.577518724118655,0,23.708113653343737,27.598434825345155
22.704729755422832,83.90362716551545,32.54844902890937,84.1236433148502,4.2992333767459145,0,14.12555958405612,10.073295499261613
13.449691043644368,73.72210514670574,10.711929087366034,15.050412825956245,1.4310515130773793,0,18.30189324186311,33.424427227812295
10.232178412045348,77.2004012770413,35.36209679147878,60.220566180927726,13.37757686017174,0,14.18131906307602,21.69970344046864
28.18852820899983,76.17595700079526,11.244315714216928,21.570267049875795,0.17060049006973,0,19.732241328608563,29.05078301604489
19.101164168655245,83.3949119943658,44.90833943848346,50.31177586340661,0.02478732212956747,0,22.06269454170933,34.171482621992794
31.83309745097542,69.49888471742283,40.54228406919192,22.45975454827554,12.40196609645319,1,48.65161991592633,72.60491429411806
27.125812290582335,72.59754859649779,20.4070311639016,20.24628071879034,14.95216410488685,0,18.510217505652673,40.79791601555533
31.091002065699687,91.56809825789769,19.00939305688469,10.973467630562652,10.906542415704843,0,28.95118720508927,46.447327083220564
15.886435143135014,71.84551573165751,23.35043787369631,60.41910499063235,0.22910757094327105,0,13.146405615583038,20.01095511179831
28.078408751370684,74.76849181428568,22.465843786005507,38.721809335206885,3.4003534000277003,0,16.81325467056468,33.74730911132472
15.657797556117846,81.14774756252056,23.031823643488337,18.415062790317734,14.577340503929419,0,25.477235453052394,37.0946196131739
35.23298590405845,82.99650575528658,21.139679114181817,35.82702221850479,12.129063782607522,0,25.22164873971048,38.640138153143255
26.454854164467857,90.1447039088106,31.7396692396916,23.515527316126796,8.501997657070666,0,22.853889380038815,39.129656160570335
17.41084220508492,80.97264037331945,15.749228230221838,85.33558652013275,3.5529106416053846,0,0.2131553831120101,-4.4671230524455545
15.815844006475906,90.90607401003062,39.60934523561046,35.60039086090785,0.2155530889012347,0,25.365837536096937,25.535100120225557
13.536870967077661,85.93204290431827,38.43408694109604,36.71628186315119,0.3129220895611351,0,28.009073243859092,50.05211725634875
28.144587807918107,71.27989244329085,26.676912274934466,77.18864027196685,9.1797129529534,0,6.75845959331391,18.48022257522996
14.342752776939893,72.53361171339232,39.84554878474917,61.820460902880335,0.3274781452863468,0,12.536229909577415,32.98894285998956
25.263794711897184,80.67397803804336,18.650077451060266,66.81372859224011,14.90445212888059,0,4.005232413196289,24.892089929781186
15.674415780835364,79.50979239958215,10.614790949638843,60.880144319116845,2.7507575024060715,0,15.232127271774928,0.4546722360548827
27.19709939902219,89.56278381948154,31.672277376043805,85.69570271588523,10.66061042803916,0,11.361068929687697,12.214876832649535
31.633252127675636,84.8413770541232,26.02682924376504,26.560066524643613,2.3258958211862013,0,26.10720493352982,33.33958212909635
30.562732051194942,79.25585934906523,29.850759120355473,89.12313934046365,8.101401316465719,0,6.7753758079954505,17.45712636847693
30.06468859699267,72.95204822006119,41.476879315644105,76.47649420452106,1.2091693269932635,0,17.53736427591989,19.447048331871855
13.44394976507531,74.57827596743935,43.94739507480802,57.11780711010738,11.501676367998648,0,22.689295790214892,25.111697996238327
10.563163462551042,84.6895295356027,32.20585989144611,62.989729951699914,8.773816420872445,0,19.840653615418407,15.655183397207947
28.269516026134184,80.27972534209398,36.74194564483534,61.90607012004912,1.2925004010212255,0,20.3031960576998,35.32866587278569
18.68206920003619,82.93289775695949,12.93329517205075,14.671697924732312,12.728792838000082,0,16.208797157812604,26.6935732767157
20.538040565697074,72.94964562376478,15.625045471202696,27.44131988255509,8.20527922165053,0,20.848749286355787,24.5343769394469
8.90332369100834,87.2242813179924,35.662168173354175,86.91767076197993,13.82388465019977,0,-0.5379267582746436,21.07171965431586
15.527717028976426,92.72362348482304,25.097790973580068,52.74915430875034,13.74935060517169,0,18.793445192553857,19.0663950030036
8.976615712359457,75.48024569682012,25.608784464154198,40.268288260952964,13.807616842298737,0,13.6771214696086,17.323316414821846
33.49638740543618,82.25391254912297,20.80126885724028,70.96307707112601,1.1667780030070196,0,8.631435876431958,3.0236222698194677
15.058503813337385,96.29029254160615,31.257473421721034,51.96151541246476,1.8143664263178516,0,14.06714407114014,27.572226111038507
24.162777917617234,77.6640104759711,16.480776589567093,11.053021714551807,14.815587145742969,0,24.93859777808349,38.948556280476076
9.130400299172782,85.25634400278908,31.942069775986347,68.89900773720943,7.31401232098059,0,18.192725163211453,20.1899220637551
27.338574347864085,70.61567530580709,16.08295999973339,68.5774048042289,3.573210792437215,0,14.982393984845924,15.231913004811952
17.36779302686872,85.57443507190385,12.233911214839976,23.21189696879795,11.54496732747987,0,11.446598241723212,16.765725259331358
34.03965642177231,70.59932142583392,21.562519104467135,86.53280707393706,3.9642783181872296,0,9.698782208408124,-2.4927361536713075
33.75542747908704,95.81782762439084,18.08991197034467,27.912650523289145,10.908235320279635,0,21.32692435507295,45.466438386950834
17.433427932490687,88.75421691009703,41.11470734947163,46.61994939057594,12.559286667746417,0,24.318033093439915,44.65033455840936
34.12786597502357,90.85663385593548,11.923370885401932,19.178876900873174,11.76395065942921,0,24.007304897736308,34.86527501418151
36.88857253146459,88.41902646237747,16.181479240094298,58.26258555604707,4.110717122969031,0,9.432339697806995,11.785780626496678
31.937054259594493,85.10214204621751,29.205186195406732,40.036089604577,6.0242786111885565,0,26.17941879833366,29.84263254030008
32.50126908490164,81.04747065147966,26.837351679661577,38.25387697677644,6.198765048499145,0,16.981164181157887,30.789118997151167
15.221253347163607,92.89282801307081,11.604820643114554,76.15815017767578,7.369093771567077,0,-0.21001989322691816,15.700055110814088
24.724369566874934,95.74823435874883,10.253834980530057,10.76493702803826,2.5105927731020405,0,26.61543664582655,34.66580554221837
9.950421505053669,82.47204901421836,44.582377968640245,73.8357416713938,6.787050756215136,0,27.567469100754092,30.896526721641226
10.752620167828422,95.01451642550259,33.059214512559336,55.715885259846296,7.661744857732195,0,19.639682182561533,26.37559005777458
36.96788574896543,84.916654389667,22.78921458155449,88.88788107841593,7.975634948715786,0,-9.208201659526434,13.667031785446916
17.472538233351415,83.61314141999657,26.465128668213445,57.15545764833992,12.298506449766874,0,15.090680626562477,25.13315337361101
29.697333449416544,81.17999925570534,19.329254215900043,14.430330731836634,7.760017477192428,0,25.49765847751118,36.13357936602513
31.393286537777676,74.06934508437348,22.07058242926234,14.051626115498106,3.461758837705128,0,25.65593649651588,32.42010980605426
32.882674859209644,68.10787016372372,32.71655635438749,80.65223890974656,9.946931073662807,0,13.844299312597434,16.574036054022447
36.931220624662544,75.00368057882578,40.89841296035797,77.29713164088425,11.959712161299377,0,14.875517349927105,16.063466193401396
15.003398072449167,82.78197197650339,16.44455080784147,37.671206046561856,4.790574996573927,0,21.115267893342313,24.517275024171454
9.170173978931292,79.01883861553283,39.412652688486155,59.44259873449098,9.679588935264078,0,16.039980360240577,30.492931625049593
19.924554021842994,81.00607161207638,14.254482033139418,49.16730856444802,2.2040699391901897,0,18.561291984006008,2.0541371018602383
11.772339425039462,96.43879836735744,17.524727825593693,87.37312441088417,5.128894568670961,0,10.30082070933706,3.953210157299017
8.6503507856996,78.15789874941049,11.301135081737609,85.99687207015133,13.638358943244512,0,-4.713792770478127,-5.849229211250119
18.452377987103098,81.11330524144313,14.928415173254981,88.70712068326196,13.669622447438561,0,-3.7159277463664084,6.964676109265063
30.728409281181857,71.87195098923176,42.10561009124177,79.31590245074113,8.629868681145954,0,19.31151087928619,27.997123279305573
24.419240045527054,69.39077424067264,26.08035613164325,82.7641272620081,10.5352719129766,0,2.2748378385047436,9.558184050525483
17.070561687100266,90.48687592318234,12.718305162242373,27.382302301370913,12.81023122808912,0,15.681447535198313,30.521216786650466
26.97591815928887,84.54981207708738,43.59043933136365,76.48054311918196,14.378297779689401,0,24.36369151220731,29.699514905490833
14.72852722895551,90.06043937527295,40.76473077155275,66.70856905634197,7.348296604346542,0,24.057828491258597,26.167399964512484
8.417061936090466,72.34602116770999,36.41388823038494,87.02292070624561,8.423636049390515,0,22.001049611766735,27.779173482858326
30.166248206656395,84.58303436429804,42.671547718164526,55.70094627540955,6.234623499717454,0,25.479410714460442,28.247025561689384
26.088549461056264,75.35563175589989,17.704529729251746,16.813373336844506,1.0797290558464312,0,20.75406285218159,44.19692842558541
30.10677611052784,74.61379269010058,39.27292525535302,57.79191129497224,6.342052086732276,0,22.55510679744994,28.870594630940477
9.129202483942302,68.33425440753658,34.149691872400716,64.92647424170302,11.859410090746158,0,16.843961966646283,18.615940954177447
32.27646920708891,71.77988098350309,40.441573734869095,27.625682296994263,12.073282469872929,1,41.25029663232059,55.75383199149307
25.966259801052797,76.96877523349116,37.89190480099204,41.52907068101827,13.385656718899495,0,26.368212655711876,28.427790014082646
24.338465170666563,71.38948405713724,22.127327211188877,57.8802731241344,0.7720005776395361,0,9.040748124122938,25.61619214878398
26.113807395321416,96.58989477191719,37.10394879560394,39.92845898532045,7.9073188437095085,0,27.984525477059055,25.071602836707257
33.06856415918256,76.95034680719456,19.18597060447116,39.99581737909311,1.611367319056144,0,10.550923749714691,35.24051528742723
25.021158690208306,71.77939445436752,21.50072570598192,20.64693113382379,3.01113274748615,0,20.97215047330325,28.090592557834412
24.8475610167572,73.77338707201078,13.776700102804165,85.25973784621328,13.503247535709097,0,0.7160348818390094,10.018698526118865
36.72969555490721,85.04339362190282,42.72768155931641,70.03955075960772,7.451868876445438,0,9.054208988497933,27.790369659170036
29.945174844988472,69.85726219207886,20.185117719009853,10.09947510928816,11.378173813449205,0,30.907674008443067,39.96698756903782
20.826520358082924,93.01058977409355,28.221786281000814,71.24906272177321,0.9657615889302124,0,2.4704017747309184,14.303143080949651
28.514513000954903,95.88349069787728,23.69664927631674,69.1835994126287,6.252397558872779,0,14.441183268860652,19.01420580307049
19.287683679061864,75.15567519935405,43.59748422042255,10.77847681244184,10.113604209965066,1,42.101152616837915,67.79191982713284
14.63738841202147,81.05276278913492,21.726720982846885,39.568343809101165,2.0010972191731997,0,16.968263895175596,17.003317588882368
25.308704429745024,68.64189907985542,37.249103749794116,58.53981522604245,4.887268186585247,0,23.65826054183147,22.19603613892668
34.91728084530459,86.58059651708942,39.9395654120913,46.22005214864287,0.9682170753582486,0,37.0944646588502,31.689333610728983
34.94504608044842,80.00385568352507,25.246227411833807,72.23888949764059,9.770099113042656,0,11.533706745161478,10.967205021158904
17.91525306505922,75.83169551694512,23.236013505852593,44.03666661075472,14.563368885871778,0,8.493875128702344,35.096618076895226
23.302646520429157,73.99827620788164,36.17110373264198,22.30903755630696,12.405682367142445,1,46.16131626260777,57.828146503994894
14.137441058525976,86.96666925210405,41.95135931071819,88.11324994190629,14.619346752113485,0,13.382112648492118,14.474816176189222
36.87330217546762,80.07029389993711,36.42261065752834,29.363199422083728,12.684071926475948,1,39.751878774433166,51.672897857662235
36.45241932817014,73.21011938186744,17.949422795715297,67.41538484330658,12.82793709295468,0,11.539411094303745,10.272258155277076
26.83575896151597,87.9841633631179,41.09077116031969,21.452504933125756,8.657657930570139,1,32.982744315693544,59.05711441890605
31.32800773064673,84.38709620806412,23.56535836028916,36.32100910271461,7.773784671198149,0,20.919060688006176,22.083505542050453
28.737904677227302,92.90148959295539,30.1680294122277,45.3622086744339,6.093813996417413,0,19.4268826540202,24.258416403381826
25.201588352144576,71.4068010674183,39.10024667524489,25.37856036216511,12.2714234256882,1,48.04572975900051,63.674972238430364
9.547091912678033,90.78433145638922,16.593816859017227,45.99676610948876,2.731014184170369,0,18.133447413355697,22.85498539518323
21.18816593402717,87.53198681770051,37.45785474871436,22.573025839339998,0.843373737362898,1,33.82201000864745,57.37913968771121
27.568802762854904,71.33531716801484,30.86569792687371,54.72052311887121,14.218407340270126,0,25.329821289520734,26.649569229781434
27.648416802626855,88.1498011662799,41.26695746396629,63.09706020161552,0.05667277805215587,0,23.951986112299547,29.20242510170569
18.820555934249125,80.80487137751508,16.018964064524003,14.994742722240861,14.652439828137776,0,15.774851228323648,32.149563616696554
35.30906761308289,95.40455878111945,24.723878296432495,79.69056968657344,10.932800548106487,0,8.733533759708086,16.57783297418247
12.85335393486665,72.10672916791908,39.14950825033931,24.81127080336284,4.927483795467414,1,47.30550345344008,61.667316529793936
22.510423940251258,86.6421683336564,10.673109620986606,28.028994025625906,10.467297646294654,0,10.857637239938564,14.189927349751091
28.03563531997386,79.07742131842544,13.927047836797499,62.90798720664504,12.26812735777691,0,14.979014435632324,12.272098518055778
28.21693837086247,95.74762544713545,44.66978244648571,47.500084834753125,3.6804308397965384,0,20.52172190217929,27.261099738604816
26.81052974629565,77.56927196341802,19.81379625066227,49.95164793368525,11.563435249193729,0,10.965267861990638,26.356659001113208
15.983358190103946,95.9033913752622,44.14401178033837,20.252398765050614,12.065544375123602,1,41.281932083705534,68.75911346013476
12.529990491912038,94.14308968192172,16.388604285303586,74.45886575011266,3.7403194518801812,0,12.741311075561303,5.77416398764521
26.442269477974616,75.84111382400903,22.638305505256746,59.3643396883368,0.628895315669753,0,11.05477016338135,19.019934740476312
25.379761368043695,91.30271152796641,36.350430557624975,20.83056346475648,3.0618342683714648,1,36.11196122608055,43.697950868816676
13.201324298387988,96.87252185230167,33.02224425333625,39.91994936204768,3.009696133340917,0,26.76119171262413,40.65489550582686
28.449035221546335,75.32722706296718,30.339283997516944,74.83279461880241,0.9786068126322478,0,16.025708566081345,23.238168732749017
21.199987760276038,80.66653791037626,28.546471153175265,55.468403678929654,10.890110769827938,0,20.97039494687939,32.99111805249598
27.365057156491435,83.08524136043603,39.52041552826591,18.691902330634438,5.699623866876123,1,42.795941238812574,71.64129736706546
32.28364531333437,76.55300293831206,18.223199699168745,39.82216366314294,13.265792511807875,0,18.43762225582623,16.436289303406646
12.922124428730772,68.44268034973486,25.486482444773145,29.415551876458768,3.7825665849777894,0,20.66741022830251,39.74197812774947
8.555201171908264,74.38374808172827,15.440830225476006,51.39724429229811,6.7984824764989105,0,20.67525021472722,29.060731529295577
30.593975005477816,76.17616964591099,30.857955850574655,77.46889030975916,9.585261433901442,0,17.90933662564924,7.065172289236477
25.681225329425864,80.86439133822742,18.769054849496207,44.90137078435359,13.16197424507667,0,21.328900334645404,22.10240611303629
28.28954751904153,72.96197187398866,21.6844722520185,44.66736242946585,7.869316524290622,0,21.412607070037225,22.59992449681879
32.306494274670634,93.3243763440585,26.493775081823486,82.42807218616295,5.602869417185742,0,11.117132415037867,18.913269223969394
31.281517109910514,88.44242284920875,10.936970499609474,56.094833000581794,13.005226177080132,0,2.41822292888126,-2.6333383648755984
35.86668426093591,70.4708138492302,13.217827757229319,55.29528699179255,4.653696370314158,0,13.186833962355136,28.524285731245932
23.54211728671143,86.85268108305802,34.00752272478769,30.95279135003115,1.1913554944886466,0,28.2892501077011,37.235637645498
22.166373347137256,86.956037815763,25.013949325112755,58.617819826970106,6.6756316126536,0,21.238449139219938,27.973902478399626
19.654728796831172,95.7304140356652,40.26765776999634,56.07283739339171,11.77639959746988,0,27.3490735788928,31.309799040799987
12.45704024248193,68.08760526932868,34.31352012754698,41.74811762734912,0.4617124763028463,0,27.38422712633386,37.33374038244626
24.60560975357865,75.19004104436841,10.283532957656286,89.25564527193444,8.78823367484388,0,-10.05605109040297,-15.782066144493054
16.033363205453384,94.90595290188415,31.58493157684972,80.55127719584694,8.916960727908542,0,11.18207994662843,14.036271458166087
34.71791785417629,95.0318835465502,13.280370312090074,69.96690320614525,13.928126451410725,0,2.860652894683179,15.915789384201691
24.91253332403583,88.8970061617485,37.3326612926673,52.98764707304004,4.2969722571753275,0,24.031866145337005,33.22566437338022
25.192365234735195,90.20713631037866,44.70276908974757,46.96478415157042,4.182549198160443,0,26.18420794218944,26.57786014413307
18.29281516543329,70.65300577995977,28.591957798452903,24.79179161785595,6.607254770095173,0,25.47871253340314,37.668432289065656
9.507691207353517,82.90239920856878,33.89728250679457,34.458997921169896,5.353723522072728,0,28.906111401579835,30.823574054578245
8.92056919581667,74.71590674738098,18.305995631316303,71.91686398585682,11.045187940339902,0,5.417248052057228,5.878917026232986
20.276719180442726,73.2553232647949,25.315921031382775,46.29991631500411,9.626281156973244,0,19.375943319060216,16.024726179610994
10.452395964819898,91.49879567457664,39.963336628273424,80.5815613255601,11.383815568593995,0,8.21014046209715,26.076295800089916
25.598561710664036,71.91610596373587,15.859803171118791,21.8328909076423,12.300626867980338,0,17.21802692946641,38.5738266471638
33.54821716355006,81.59089747289516,19.293746196481674,50.66776768109092,13.844716991012216,0,17.726760629928364,36.150142584592544
33.60452967904294,95.21876894799496,25.590178635011057,61.7572547217047,6.464050976769714,0,8.116952317511746,10.332866550124255
27.112316893834738,73.38912961139494,34.928711214540485,51.34787650463408,14.770460842073243,0,28.288618043895006,35.78968125545599
14.125723112714999,96.36180928840881,23.15593841784858,81.13815132679898,3.234912201054791,0,12.108520587391203,17.270502112935915
33.02690810940729,96.83435158707071,42.470629792405134,89.16506254633119,10.715477429209928,0,13.144646455604278,15.752820116384548
33.69670962408304,84.11289748578969,13.305996794405171,19.26677266730958,8.010139759607839,0,35.866637124522036,23.853840311853958
13.702953963635803,72.93413946513758,22.97814691406966,20.39639232615368,12.253508920273251,0,31.585673648430195,28.028134971211813
29.38535648734964,77.16704175028597,34.81339431999477,20.425929084809688,7.15155780909639,0,26.532520901025805,39.026192253851484
16.309066918886565,80.31029214761952,17.909536798152235,64.4941676856422,11.759079530436468,0,13.337388361883697,16.36640617562611
31.27656905823496,76.97040250638847,32.97445969803856,39.81408763966704,13.95253071971517,0,24.872318888717956,43.37982483650401
36.91989909720448,76.13843181641896,15.747593537957108,68.66517290127248,10.98441399210131,0,3.3906844442997537,19.719855328336084
8.870754154552392,96.19466156727437,11.959309970159023,42.4377178309583,11.641414293274865,0,7.898793919960979,8.892580239831457
34.023610107937024,72.44757999505663,14.23555008620271,60.20853770656509,1.0076314689878418,0,14.029680405573725,8.936012228892011
26.056285474361083,89.266509352789,42.549467409694714,71.58864045431147,3.074364933484209,0,16.808414245433248,35.99170688425853
36.228095955779814,68.01189839373608,29.311280902884295,53.85727285239365,14.614556107553906,0,17.98907682053879,20.92620957260764
21.4852760082664,85.28929741266893,37.872102141787714,53.160287236000485,10.397805056810917,0,18.382835258961066,31.060747246801196
32.57424998656984,94.56234711466752,21.64290753167679,17.058746022850755,8.42173525966507,0,21.96304027249022,24.225223567567177
9.80942798935004,76.35008872870335,30.743052675990633,42.86253943275479,5.504645600946751,0,21.878118507811525,39.3720497410831
17.723092452270578,73.38025328247386,27.323324679674705,53.66217225799501,0.6658350181037687,0,19.503922126059603,11.5398884636471
9.943479594785089,86.89871405147439,43.10082857908029,46.9584660533128,5.537038619462025,0,14.521078655789061,25.57743666061672
36.28495087089304,88.6654408116534,36.16511226189387,82.06256001507404,7.483693099343639,0,13.548387122258472,26.229762776963625
31.692243310883264,87.95288504960746,35.568992102380264,82.52245056955915,3.171892640803301,0,9.297155817397208,31.772846790570398
32.723875216133145,77.26018952061985,11.622364430199784,75.75339044710094,2.5970518691074878,0,10.096978348220734,4.637784886205086
35.20099171158293,75.31386966262059,29.23843841512919,40.0238460298496,7.626248270362753,0,37.3258286286369,31.205484954097905
10.468001097473776,95.72164519889928,26.34470088656352,67.38393213500274,8.788563534413159,0,11.16077562801236,25.21120459641794
19.182330182886666,94.77568573982795,42.474479331216806,41.623076885568786,3.5987687828178725,0,20.13917379637179,40.86159154738425
10.060011782276062,81.2621816868918,19.00696958663363,28.607487918060723,8.810842116843196,0,21.505623267491433,27.348659329119236
14.112999944950829,92.53962211847683,19.4441708651883,37.43221148407053,13.505099458114424,0,17.465275339906967,23.295442575784918
14.651607534092498,81.11738085139459,24.397118710852514,15.677170662842839,7.097598870320307,0,37.352161401579856,27.399817258979482
21.604109120379782,80.3072815241028,18.51793996922316,36.542200720371774,12.86085254380772,0,26.629256485377766,28.124476098226722
15.788302856155635,72.54612548037954,14.521437123306232,46.859377380893726,13.909071667999777,0,17.529780200367817,19.325693567139915
10.928365097715073,80.36577563826721,40.00951963277803,86.4384715824664,1.3859104340562856,0,11.1397479355858,16.365399892891485
12.857241583729124,83.5850912193944,29.539678354137056,35.072846897569995,1.4371736948519547,0,27.636817938701544,26.68196468451751
12.270991343010637,68.6526254954319,40.14769516347984,82.19628313644165,7.140662743314021,0,16.739994436148944,14.906387870457227
36.21922713945665,80.87927715008678,39.089716789129355,28.308662065879766,8.82153666476554,1,42.2588757912977,61.4590036906726
30.019482700635734,90.65933033346082,19.87148241763849,25.277511820739953,6.388251966975439,0,14.561338419757908,37.98353026115044
36.0650824928173,87.72133563485383,29.17081055134959,51.51963651457319,4.896761556262545,0,24.438491013571067,24.604818630946156
20.752474108729345,86.41955267705411,12.912619595902466,63.80090954379248,9.614911741892339,0,7.855078576369668,9.199850927299831
16.07268596821704,94.37710742467887,42.03381594107655,13.546580064182514,0.031222685248804005,1,46.44872721356064,58.8261212126735
31.150502719066413,68.52292828493167,24.149195027280356,27.685269203777338,14.521099212956138,0,20.76823427746284,39.97314963987708
17.461363623193257,84.15437999957479,23.77866643611575,46.454693320105314,3.4811863228203324,0,13.984842723759392,25.90229292121867
16.682117837455102,90.8331166038815,20.59643797162836,36.480346878654515,13.756481528745107,0,20.940407828612734,30.341030886806063
14.742673774027104,83.69872609833675,26.123231064874634,67.00968634786575,1.6352211680175899,0,4.212895618787179,21.379355010432718
11.760690368502825,77.392971024831,18.81157852909068,50.89284768330535,3.5713077306685888,0,18.08542875780395,18.77589670039471
15.437428769486214,71.95126638766736,23.11982954788816,22.828728448312017,3.523105516312506,0,19.44076905447205,26.58288565050414
18.304272705742743,93.73932908266954,37.99814670047087,81.55723034520724,14.942293563009693,0,4.2385008156468,13.203063792398186
27.54583203622618,81.65210937924049,39.19894262548102,33.432454038668766,0.0690081858882663,0,38.67921168076998,48.04158268835326
9.814380424364096,93.46534071258534,20.646386716998066,68.49048871715388,9.594573139552438,0,5.485611496624976,9.91184633938328
14.104701250294946,84.98971155056188,26.415505069347578,72.3932623284328,13.045298715912793,0,7.878978028535472,14.019461871996977
31.461685568458616,87.55157138183502,40.58369216980183,87.05261602048817,10.08410481037105,0,19.848752933794835,11.58843514608735
12.260735783929352,91.32357347697504,11.8435666140394,49.88059732192811,5.441007273254162,0,20.229758613024476,8.641435407167549
17.936709249153125,87.1155107934039,41.12007366985249,59.26684123715457,14.374640440544024,0,15.114976570762721,25.5811527278486
33.07510873388606,79.54359037968919,17.671452097831608,36.790103478362695,13.402811318835615,0,13.017854704153647,37.7056801570651
12.492834023159837,82.89536813393087,33.74887354750315,64.25434347296532,6.509323803742767,0,13.184739621058998,29.153848477662766
10.399368232927507,91.28832021560052,30.38930937346101,47.07067886930558,8.599927389167451,0,25.7474593394171,25.717791976389016
22.051601857320314,78.83585859481654,29.352926186623822,45.01218917795378,14.51278781707861,0,29.368466979573444,37.18701760265675
16.770165827077555,79.25552224628642,40.07760786634875,78.43740232928843,14.738405428897051,0,11.106320426497454,21.605511675018754
24.33884257003177,70.77501336568203,13.555025027563143,14.013507479895093,6.747349135769284,0,29.64718695965415,42.00799235352271
31.310341824020778,94.52294862143069,22.14598088639726,80.55699422654948,12.710250422146329,0,3.3607216175902774,26.546903293992052
11.977306156429552,70.64005313341781,28.838846122066798,78.16558702628456,4.529703404309045,0,12.650361467875893,23.234205037589593
24.840273452074264,86.79806614600813,38.39510988811139,50.50930028494313,5.57719309395997,0,17.68749636143367,33.49520250544762
22.659754051306052,79.98263988528113,17.5755079194085,49.21622833645026,2.472328244853394,0,13.413233390859185,25.75398253167951
12.178284794382787,79.76296231740783,38.102544448099664,38.94458944283922,3.1377688916509543,0,26.812331820834487,37.38918942669959
26.09595608034049,87.70700326060783,23.98734688728775,89.53390333453875,9.853099533890383,0,3.5577109117058816,-4.273141749268147
15.935572117962378,69.94571824626648,16.61198497517934,18.893546620307298,7.661724270106213,0,24.562783408095967,27.827394437500377
22.147195237776362,85.2174677055916,36.56452541552189,57.21721885028856,3.466977909384043,0,16.081942728411754,22.39068653962519
10.385897404034795,90.38892179319829,13.181461551609175,64.53452720899335,6.0436442454247885,0,2.8117561221723735,7.357528754552054
21.32793765919507,92.01816997871123,28.016858092640504,84.74640065735555,5.597751897955226,0,10.773869573860363,25.467254621118194
16.88744057324179,72.94538129241948,12.235652435166095,72.41627974854092,14.810403068030013,0,11.103118947899418,16.2299277616659
31.849055124375276,94.02515245226704,22.474624930522566,61.507776224923745,12.80348755817069,0,12.670911127544546,21.96785807843557
9.65238308292368,87.02823666357583,31.037687965223743,19.344985344969814,5.819495000757364,0,32.23370224643179,46.57101929430582
20.139610972631566,93.57378922379979,29.464043952052457,39.89868134651739,13.708748683440495,0,26.552817623557715,18.474159431283525
21.294511299811703,82.07314079619574,24.16293962666333,21.10733140383882,5.139530874422567,0,29.901796335347477,41.15211720608917
29.02517621267444,83.71896700781886,25.01667978902405,80.4970185972411,10.018522691022891,0,3.591610686156506,19.388570647933165
24.654339677616118,94.65211003383146,17.936934367276827,69.96969244509144,14.499749950231687,0,4.092508299086461,-2.9039466714814637
27.349157778631252,94.09737675728547,25.955890594843602,70.60294294377834,5.854182959828284,0,8.34668944457062,22.68901445585061
30.534429283900927,80.99666532770105,43.363919950229196,62.180521421883526,10.198274476574007,0,32.67097255301936,21.17762790271451
33.003886236087475,75.95796631743477,39.76585212243266,50.563482954936774,4.438857165939498,0,27.25484587059482,19.844080596362662
17.102389404951644,79.40194260236366,15.083150417672034,21.997684757079774,3.9946847339696196,0,23.25884838363717,39.53504386578836
23.602658455553186,79.24516552736274,11.042327556232232,36.37559093640414,8.612349996473279,0,16.439665263113568,15.02581682589129
32.363134274736794,76.31913937450102,42.67335094508207,20.953263398151243,14.688968970498273,1,38.44672943499817,57.21107803209811
36.69408279798664,75.78880852565604,28.436241245826167,67.99305142818746,6.797007730802549,0,23.51115754834204,26.79175597552213
33.79606002026913,92.97082515791186,28.82432381022577,22.8183020817604,14.06455455474871,0,29.962608934519565,36.0306055476645
18.772550616106926,70.02599569985519,37.325129849728285,66.16908401373485,13.715452803671425,0,22.42764028401845,24.666286688239452
13.659828999340862,87.65072428088823,21.01411408549643,65.38043116767238,3.8064391851749213,0,2.065321247867491,15.041687639163401
22.192383584791074,73.01178149223712,26.866764909260077,46.74435831930311,6.027291106264911,0,23.308294220646694,29.8555070146583
29.507602103245226,77.99067090842783,43.90320196013582,20.818292329444184,9.649537177412746,1,43.925051030596514,61.43026332956908
22.284503051845633,69.78474798991027,33.52520404263425,35.184066090722936,7.7706882661708745,0,19.593467320469053,36.84037850980508
22.012245036096388,75.8292354688084,15.381076119852509,35.60744872604411,1.439377947947615,0,12.239485112754036,21.46075930360492
32.308682211372215,90.28421106240002,14.662936179452366,66.03081065146347,14.905470451907375,0,1.19775385202031,14.848174576241563
18.480709592948404,93.6654444118705,17.149266541655187,19.099441553097947,11.2898100181692,0,16.43587982932516,34.846684527085905
32.93404556953772,74.42428740516864,36.834908604725115,76.32549169728726,6.565410573370676,0,15.822545894997429,34.85594934770944
19.797339227599984,81.44288733850874,20.33819513442156,70.88058321487311,9.27252824499437,0,6.971108659090592,11.181927146987775
17.518760064671845,81.63939739017898,10.748609633627792,24.904553453941915,1.3135922589934519,0,19.57328559143826,25.19818577396505
21.16570742479127,93.33368386703229,43.046102722698166,67.53315054231115,7.429524805344149,0,29.642985553995757,30.48617169825373
30.110961801571186,90.12117253339835,15.939969573821873,63.48105451742575,13.962486237262317,0,8.278149863546522,20.92260944752586
11.654058808055835,82.87923933267345,10.3345365151824,69.8496640088741,13.449014370824674,0,-7.012077414863164,0.6197602333193899
13.696157260288505,87.45166881368144,18.299606083416304,25.114284435895556,5.060712682247185,0,20.405726653200404,31.659085528117036
35.59189994422967,92.57329656337164,18.22600754913468,22.607225772517488,7.970517957320082,0,28.297808224801454,14.337931968088341
13.089257194059364,68.2766296667408,24.77018377960031,28.91871887382034,10.460752861314702,0,23.279778865169902,31.39389930117528
24.464092220000584,79.6838109004514,42.21364410250129,39.269736251918054,5.10013900361858,0,36.972554444133735,47.12938117142908
24.8001195331962,94.31005185103528,40.77147212226843,73.4931984828641,0.9731882714090773,0,20.602484481964076,19.98260682578419
22.1991093994571,89.4690778944746,25.99130942438498,69.033914998308,7.581624850767071,0,3.0941315407131444,19.21908296230497
26.69761220872774,83.74239985568816,24.381496674713226,84.03612738228264,9.024536037350046,0,7.52782137486361,7.312108031229654
14.664975048130934,83.35969128401887,29.425318026619795,14.690364727889236,0.08762400182265373,0,31.790556066266767,35.763229540680406
24.027205765525697,78.0853328305287,18.5208904190118,10.924502481134848,1.4336306030779595,0,31.384873471533663,43.54313524682985
18.793024402160018,83.09509547560393,11.826474718822698,65.93110637606392,3.1093596539122843,0,15.232088304650011,3.4066314519484697
27.18835052924648,87.00611278444015,42.872844765992234,32.342999663533256,5.220784304864012,0,36.27215008247963,44.837264051223684
12.095482757821333,80.132528114435,16.534464470701046,36.726311642705404,8.115768342458706,0,19.45173772947499,27.388615370701576
24.55544508834481,88.71044124537305,16.944025523600075,53.74416207316098,4.407643781394979,0,15.729705497743478,12.706153865625287
13.372840306116387,92.97573459055118,26.536111509888165,18.19304985014388,4.142757216097556,0,26.970106767653085,39.73424376457874
16.080648830336056,72.48586059736097,27.206467069411573,61.41555332384398,13.040240157196227,0,7.864178353515445,15.213024049833512
14.342584209383913,81.0948636617053,10.645197339525968,36.011795698492016,2.175759612021394,0,14.72654039132968,25.634943248682884
13.302295616195696,79.83258264726734,15.178415857088975,60.617209944079335,7.431901997585404,0,11.230496582615217,5.655545534121391
31.945617595259343,87.93647931744212,23.235418649625963,76.72055304587087,14.29237075404204,0,2.5832552814921073,10.87579144908434
16.28551946216582,75.24615649247995,33.93057427286887,23.688906666994374,9.375198736740687,0,36.49172333383583,39.11338027931827
34.88658967406903,86.56727653361601,17.994645989117757,84.46984743316162,10.758082198416577,0,8.68342384202255,14.799535987680692
36.127869235010536,93.44718801021315,24.805505618461694,52.455051284995506,6.468554870859107,0,9.807430347292852,24.88158435906206
24.56655362817582,80.12581639401506,29.50707726507634,83.83422121391747,0.2989825067957935,0,16.432433712312296,20.855652304263227
12.147032557306066,94.41945529939738,41.10073731181522,26.61840657614225,9.691955525508082,1,41.0232748370157,62.89591709606139
18.861899058007857,96.80174842907087,21.412467581449317,58.365013168339004,9.478864221421862,0,9.304272014631218,23.339596287804298
31.134235637098207,71.0766694484906,14.674539305221924,42.31096938588838,1.6564145469499962,0,20.04036730057708,19.556803497167326
18.65433113221504,74.7585424515609,27.124527906416287,71.93777529248106,6.932395704369473,0,11.725659301663537,24.645947811531553
10.523499330780874,95.5610127929807,36.135256058942176,58.47271545706371,13.729934169984755,0,30.021739996536326,25.798874587425804
24.14676241691745,95.79150290796022,13.84509149684567,49.56123655666548,3.076272479579627,0,7.789734561989437,6.373781915930456
32.50850469338501,70.833510986216,24.863922209393614,83.03883251448069,6.916481319511655,0,-1.1379762695106699,10.199310140575644
31.08186522716157,68.43495651093697,10.62247994418692,40.169365133734416,6.916547778007806,0,11.858239026142428,23.480076745526862
13.078571063780243,72.67190067443624,11.17457135765379,27.59841639185452,12.161422022214575,0,21.253873256572902,14.418996226860768
27.510173817961533,96.8843707180852,26.903367712583297,58.64809494816733,12.368638054941668,0,11.221540444163738,16.487066137240348
14.394623639633766,73.21998888170992,20.43690543528253,59.9222749738251,11.389041294950879,0,5.591268311494339,9.67911419039799
14.328018502012995,82.57388059493867,39.578755465189424,45.127569725750035,5.481812387824106,0,27.395743828383477,41.203245121776376
33.34808142585037,92.60411406648483,31.0754007144259,48.92880349515059,1.0805538752778014,0,13.540623257830191,40.78375748968277
15.240399629466674,68.59164670995798,25.887653661004663,86.764273143992,5.242244658360212,0,8.4480083853718,9.358988859513484
15.634173049022325,85.53018048549532,24.27773798690037,68.6148553117441,10.196868019070095,0,9.851297143786075,20.8414132089204
8.018948332077688,76.03373801721911,27.403591806634715,18.84814011860616,10.541198617336146,0,30.51968630949738,42.44153459783643
33.24940198964001,93.00771257675221,11.415359092443147,26.970405669648876,14.475003142150786,0,10.6974138257039,36.937631812686064
30.985249583064906,76.2203733286583,41.2477674747231,88.04613075484471,6.804618471655627,0,20.70086026812766,14.962337855227727
26.19253911762966,87.91591588817536,44.94061045068854,68.1172443034825,9.486533744104355,0,21.11995950933107,28.178315795711857
29.757707154226427,87.55236934097451,16.352049370054452,83.20361009157226,8.087863060837975,0,7.032554997079664,4.144405039435357
12.409408455310263,74.42331291692956,14.213403767111691,34.308917119097764,2.2592784016985608,0,21.613404054250964,25.33204609290975
21.291384243039687,69.00917679618216,15.025211220700832,69.34934880692738,6.918037081982041,0,0.9205762064424237,28.805604824467206
18.185362233114645,79.86823763977652,33.13594703820285,67.12021668188092,8.172527320334913,0,20.843196062577533,23.249159356550535
10.719519261453478,76.38660140701022,33.15042934577711,33.575198835150005,14.261244090633879,0,19.377321146621924,30.477203505156847
22.097784071232798,91.46035473879755,39.677345679744384,54.06530603605643,5.498085816134341,0,16.7683923152558,24.09880440517223
34.701449859936425,91.21056146520502,36.31392359491886,60.19320890162362,14.701486546619666,0,29.918995306914518,36.479585647493195
9.16171445247014,81.25369461358613,25.73913856792689,48.490544866197204,8.134501110361267,0,23.881672668087404,20.032483666430693
16.45236649132002,85.58885453437335,31.449937654786158,76.17429653264102,3.637038649545863,0,23.241000744769543,23.04535269420895
14.0186871499654,85.52352596362083,34.08996346288028,76.62952334383915,2.874965805237117,0,12.20505457524884,15.044329435382107
14.906252956305194,91.98758630440108,27.94577645998288,78.04804386412454,2.1254237589034766,0,11.070618391144125,6.6813991742577095
34.34460200450188,80.32507000957273,26.647784455807283,74.27388552785303,6.793993058601795,0,13.678500303309551,20.51551366445591
21.574002572794413,75.98795371392477,32.57841059749286,49.04667817577157,0.32889644683384844,0,21.514224013045492,25.51316102084237
21.522682975254746,75.68601262607588,29.51160921414788,40.51506385192057,6.675679249722981,0,18.87060534801825,34.478919462392746
30.05669363120319,83.54957609918392,32.53798068675686,76.51010269714965,14.826070382339195,0,8.835536044833294,22.413727919116557
12.480273916142849,81.02529787923416,31.449917088717736,49.216116684501344,10.051601935833999,0,22.029434703153214,33.00736029451738
22.130695268901473,80.76350235856314,35.171879617977915,29.709711890238548,11.39679181800607,1,33.33872703360586,52.342202227089025
20.469571209510733,70.64298283360151,32.49812280740066,50.5874825857773,1.7850808607739381,0,15.59849916613288,34.06716554566243
25.310410025853027,88.83950848001567,28.190987025304356,21.34798575353937,7.096512922351362,0,29.65895784236333,31.91757361463028
36.98717339426272,74.19836395147541,33.86288839495353,65.33035924790391,4.293346515385709,0,16.856539665677516,7.006957580361611
30.314017928379364,73.71165527605292,25.731868781489982,36.87370252991251,13.41146291983544,0,26.489854984679663,35.63788546876974
19.53810538750539,79.96999128804441,18.458492909041034,30.852703875796344,2.719387080208688,0,17.8488782413674,29.89314772896837
31.999038515947362,74.60557190691624,10.049637704687042,86.5206996987796,6.880999907051129,0,-3.837670807168033,-2.849044964797409
12.950542536061924,84.93188975193245,29.598745150104513,72.15047966066462,8.820715775184565,0,15.271995657030232,8.600985891971545
8.883446902959843,78.77243684069967,30.672932931302434,72.96556021791453,7.710616373677989,0,9.38667402750772,4.961487579768248
13.92900280146392,81.01843995519091,44.021713767150004,59.89775754233467,12.45365291955611,0,20.750890993091176,32.81612868081894
17.87193512731353,83.57791032651684,22.651741693299645,77.13382484082376,3.4717975697946057,0,5.093451442505619,24.279016839759947
22.806841966327237,73.90253015197234,23.79466349899091,70.7329984930705,5.660866656355369,0,9.628921670096544,15.013696787149488
25.838745075694796,72.51679706310037,17.06298534697666,57.901896330689326,11.881264448609288,0,20.023106490761045,14.547684969069445
34.40756579921823,93.53223518333454,12.468700333306266,86.88995214813738,7.921071176052072,0,-6.716579602573867,2.554664443257904
22.785766276963273,80.57798738211122,37.04815725016092,25.32759597475384,6.031760784719359,1,47.40333774324161,72.3522917435564
22.53699369414615,79.95071467934363,18.738837251876376,85.47037751958008,0.4416377211724726,0,7.417239151513748,12.318480929865727
9.457047284866482,69.0327523579124,31.311670136051326,42.11505295990919,11.30078136023414,0,30.856213416902875,25.405954135764393
9.01243502703049,82.4413127750344,34.072056244091854,52.27191867211893,14.582731169501404,0,37.03788276202161,29.731193604922257
23.983638895574792,84.070921926719,26.49328405520767,19.819145563544716,9.30430514232765,0,34.458163462479696,40.295370585791304
20.70717978420199,84.20638525768533,40.67232395595171,53.20859511374327,12.848118310331918,0,29.001918183392178,25.725584262021798
32.336231454428656,88.50390391036365,25.53281943429051,58.896540148655475,7.753136147923892,0,8.53496591442352,27.075031957510035
12.65970795664351,73.14697321473935,19.971801806461777,89.81612334468193,3.4752144813504686,0,-2.8900474077289013,0.33197016599381524
8.72417820139444,75.31447089268795,41.36054330365678,88.01539288572212,0.21663156352718205,0,16.076604707937864,9.033548456524723
21.022124269973652,91.51118349168198,40.154749948748474,87.31178334994298,9.800974013849839,0,5.393459229793519,19.701071506150342
14.886878145815468,95.46794788845843,15.741398147674456,37.87104480816459,7.39663272372367,0,19.58658188784395,23.721329948906344
9.438816826826287,71.94204967365229,10.908635642387233,89.30131989960347,11.731472206314022,0,-12.010687602492482,0.81750011017209
29.01335031858124,82.43183708065132,13.149494472236725,46.43825212760887,10.420236261529569,0,18.40443852565878,13.961883508658977
11.236196998760176,74.21111132944802,20.029158949383596,78.14690070095205,14.819285523098472,0,4.962007704738195,6.382946764152047
25.64126550022538,69.7421218822945,44.02909306095987,27.30559752151776,7.654688751180597,1,44.45585200137555,68.3943434505526
16.150442754839787,77.43959680565793,29.548065360628875,50.46665437252819,6.40762184509514,0,15.892174886453567,30.629776772371283
13.031385460295638,72.16694113034217,23.064160621024406,87.28096769020843,4.301095341589424,0,-4.144842047663188,2.228886760490278
19.012794164660207,88.58805912959315,41.10506331144612,85.76251175387421,7.152919376869117,0,20.997254525532107,6.703155024377242
31.241927510465658,83.47803699647189,25.85977160174749,64.69879022571413,13.093072171843831,0,20.19875570793308,13.235432055977366
19.37071373023261,72.17119965871902,21.03335199403574,73.82514580424478,0.636595886876119,0,6.611693429725946,14.191046379844863
29.772319827120615,68.26800606375991,42.94268350609801,24.11413572819211,14.66850070929283,1,47.54674885826141,56.696433783900865
11.63910260717537,91.43655442170217,39.73311831674373,67.7326839587326,14.89960791461697,0,17.592296869700068,21.779245970315454
30.410371170287295,73.10963777876317,39.52839313968043,59.44406466682978,8.967320678818526,0,23.373426391122514,25.815286944561706
14.87106642229281,85.58028262440222,27.929966006757457,17.324138860099687,4.973163055431021,0,32.56343733994937,39.31937112086058
27.64440076677731,77.77073547922562,37.63034395854092,19.052720527174102,3.345734524830357,1,45.874780443987596,65.44951355496335
24.407665090388893,84.97909221113603,16.277367574259316,18.675489420100952,4.147355935273182,0,29.240885028146103,32.293290348895354
34.945196799138934,77.1539551824874,30.062803514468527,67.94855478638685,0.7515813975745778,0,17.24123869984489,21.291819344749925
19.232353021284105,70.52124726007537,44.4346072996641,21.337216659805797,7.126664377250382,1,45.956561737083284,61.5518551686964
9.918790476198772,74.46555024817485,20.18354506812866,47.418581689157634,0.8598640629660875,0,12.05910318792993,19.647196540130967
8.555509080986335,73.45369842789319,37.80233152366863,38.55854447022062,10.777113221638878,0,24.941075519148526,43.51766722535243
31.97889826820984,80.41256122074967,27.166744252282353,54.040331261617425,5.578941832992811,0,21.421529731281034,29.880728521631816
23.21733349218153,87.09022971935856,11.393198912773057,66.51811897755223,2.9904709762074475,0,-1.7679688314497337,24.54563118030529
30.482077503213528,75.65037617344437,36.70567892354836,64.77780297770656,8.172803367540576,0,24.448535085526196,30.386236251771166
14.798342400333926,68.35002812371792,15.899920053723948,51.24159327315013,14.606389608645205,0,11.171763414844268,15.554414470322074
18.00742861988378,83.04918356367796,32.101574849646255,47.14678988883084,10.426965735276275,0,17.813720936134423,24.069669790484088
8.87301229412825,85.56702519141018,12.998246791644052,41.825247609780696,7.376202751562403,0,8.45792822898048,27.739465856055464
35.88327741264925,95.92324432605248,43.14035891235877,78.95279586435035,11.653714488817593,0,21.25617962511622,18.598188811504354
27.36816929432359,85.09465328970415,20.21033605131263,36.4681443898116,11.06214707848483,0,19.091517939696246,33.207100680517435
35.06294754501988,81.66400422196611,17.926264208708822,30.749265693399586,13.376031915866905,0,27.682178512483635,23.136654290617155
15.699395815443097,84.62864715103342,14.519774142321701,69.4652394924217,3.0700342139092123,0,0.10493697080473474,13.369877374935305
25.732444725544163,94.90911826599879,43.11007676686667,38.78107693573811,12.88316364388098,0,27.029897187402586,32.93535678176022
27.676499080486497,92.02296622244774,34.91663098544568,77.75988798058148,4.515391305625483,0,13.66924330791133,25.305220879359386
17.208941307470063,77.36638326755043,35.958131105133106,36.23109749097158,14.114983917376456,0,23.35045258542541,28.446738078126486
32.59516781545327,74.88037654605698,27.47915964830856,66.15558596596705,4.215977234201028,0,13.923497355073176,21.935962709145226
35.46768242410719,75.61637475861613,26.61547248446692,13.608720502826888,13.902728147440143,0,30.822623923462988,39.140915749960314
33.660798413184125,82.62821015174117,13.850743504701683,40.8450304088256,14.4568607169612,0,17.094283825351862,22.68507899987459
29.432942302241802,89.57743408562875,29.594438345439713,37.45841399740412,2.182370361855214,0,31.090530627920927,30.00267056917074
16.046475712023668,82.5933570083059,18.642077328807666,75.33429914207387,14.617498248941745,0,0.20338677787376813,8.116707108858112
16.16686522106332,69.96609547901527,44.20008664801421,87.3644322582648,1.2858445264392344,0,17.57951524620422,22.657747513570996
35.9374492929351,88.98384031275944,37.880332900530156,46.870502135436915,3.2785167991878295,0,21.644301711693174,26.965030239514356
8.29825038213507,91.37313373145767,24.454722106751063,75.98690217230065,6.6625317130920685,0,11.581357301803262,7.2219179634636435
28.76544922402219,76.39543808847188,15.296944054203657,65.9755760765892,14.90396048567565,0,10.0124601358903,10.278089504417625
28.481138714102602,87.25964643921716,37.48660918985744,87.39087901309546,7.32844576748069,0,7.591443974838422,14.753322930643229
26.057996687544126,80.37116513057741,14.27188184784606,74.88868114742598,8.256141647677287,0,0.16357486652479913,1.5698814031066197
36.71315653651911,93.78446131609584,16.626681372397467,16.198245277098444,10.416374242854728,0,26.012082420417077,39.96621356300175
17.044503637148033,92.51154118666146,17.40321812104796,67.06253779057889,14.524403374094272,0,8.699870277070964,11.275601827375986
17.859184050004195,83.23752795097963,29.491172339558304,52.83997723378989,11.750271001863666,0,17.795483795984165,24.97207708924624
10.28924268545011,88.05366082859425,37.54698288966282,11.314884634586173,3.362310066355479,1,48.66896020333043,53.7095375981764
20.841145959768387,93.61714132964102,21.001020755364227,30.105036698035494,4.54486395996532,0,25.12759174758212,45.06004875628918
15.570407260810594,82.37579329226999,12.96344349963513,83.74041960215143,1.464423594127866,0,-1.2885546943363781,21.271370027804895
17.958214363151683,77.08427147417584,26.25884622335467,84.08490982294023,9.666785462471097,0,3.6436844765827656,6.658553756006269
32.2025819174132,89.85631799937786,36.183858440597746,73.90803681605075,2.7111045980883235,0,9.60992329129544,30.72970500612203
35.12905089229737,74.38192138875606,17.758234508058592,88.54236826223915,3.8610733271904856,0,2.4836773763649784,4.595299713776358
13.386259088150382,79.26740329217522,17.697359181378097,74.5236179699364,13.321704827705657,0,-0.6242071860346918,22.03535547054404
18.802759015050512,93.10608987609702,43.15294595713488,10.816334982819615,4.901335129980228,1,48.82871477486672,68.91886518595578
34.93028630134643,89.00824786781014,43.39538044917123,33.02674722412094,8.499700775312505,0,37.87385001447153,43.52486456122615
9.792445359987456,79.71051915217748,44.66630062215518,12.44993457902103,5.963490131837656,1,46.83087108593986,49.324919764354625
10.678455315229977,74.22759056984236,38.26808605511731,17.528637499004756,1.1104693110887038,1,41.19443037515641,54.7991548194817
12.720938686980652,78.32308333413486,16.586445920878095,27.507265356062085,5.442957448450576,0,30.030267221756144,29.09260609712662
25.261172189679368,76.23902032759555,17.41935322797415,50.2846837060418,6.121023045538962,0,21.172780598112766,21.728402223295618
12.363695859173927,73.10658935037176,21.90788345328372,77.80256027696142,13.435516528672773,0,3.7901842907763634,3.51986996362397
36.074215062071275,89.55665449340404,21.13463859667218,78.95734049256865,4.866759804695093,0,7.575183055860369,5.996446260241894
20.95472129049709,75.31002671865497,43.478471217730316,59.29614868458372,5.688616796431018,0,25.593782215230455,36.242752377560436
22.544020850154823,81.17085663486515,37.61758940085927,84.2540751252988,11.743451530085018,0,14.55087427647089,9.186448482262541
15.15309985835679,79.18992395824716,35.340307725654384,50.00498612721665,11.38434976817397,0,31.74202526322614,32.13829825057074
21.65784732060727,96.4802439804333,16.508712842034612,81.12288353065613,11.974279149727362,0,4.353640823917573,16.121749013381702
27.195495346473333,79.3416750802984,41.83339457768153,46.32522050656097,14.30656110114006,0,28.205305515027558,39.26823594776728
29.78413697166724,70.31949200110589,38.975463282716085,32.17800059375058,11.933362475921763,0,33.277642938964945,42.86248493429126
29.862174398587477,70.60494682459044,15.72746444647733,83.31303344803422,6.114123048268364,0,8.819420769066735,-8.029794855571634
24.75884226812856,85.13185791923888,40.49096161863404,41.03480605430954,12.322627753471378,0,32.619534964544684,32.127265114531326
34.22643347482186,85.3815430004097,19.528663772966496,50.27232870755693,7.630119481349075,0,17.373057205774366,35.98767961589441
31.70482757187717,80.144010723997,12.830441104123711,36.30885060245418,4.16571048777848,0,7.729066344356058,18.98059099867103
29.954395326260137,80.52346707704886,32.98878072799735,63.02700802325838,4.543756021965185,0,15.145599336729033,33.43379869432454
9.612560128733358,69.56404490238526,32.883163078451574,89.60249800048284,3.357635828450975,0,13.65793817510729,9.613012421383825
8.19946090436983,82.97984880128861,13.322620334796634,12.041083909181571,2.174894367296301,0,24.300978481040374,31.232395126639105
14.160971038668716,82.6374447860302,21.159813312780383,81.98784048056811,2.7673561778047553,0,10.11419768133452,13.509859712915611
27.242184223490117,72.3369302381514,44.74850617894385,10.314084559141232,0.9476707493072906,1,58.71585803008579,68.42832099566787
19.92472717759383,71.0113421972169,33.744933345305796,39.13823049169689,13.326762973985796,0,19.24618149984721,37.26225496751228
19.66978151968004,71.58360222738523,35.55263083111652,23.488544503161144,13.965117144736848,1,46.41930293863283,51.207428914316544
33.6530197586588,70.9298191482465,17.452104996150698,70.5873424538041,8.801555887408433,0,5.898032449465964,4.282434689887479
33.971322595823324,85.68153767056603,12.757372485137001,14.048867260573878,12.607343349130275,0,26.840775160769997,25.83377528611914
34.36608265755399,73.69799691968464,19.691559140932817,54.278796286746235,2.753566539797207,0,13.356036967601952,16.377189979624628
17.102464218935793,75.29147441343645,18.71144348176172,33.594090707625014,13.525107378404776,0,29.912517223058337,26.18426013160515
28.040618569438593,73.03359218039175,18.20904352618186,20.69361990917617,7.595423394457625,0,23.54687047164677,39.90890581651739
15.877362256956719,95.77722382900659,16.746401266046384,71.74545696821127,1.0074748890833263,0,3.6469924207799083,11.96104816451866
13.527685159159045,92.78390643140322,30.116449172939152,27.393346740420537,2.119691167412403,0,28.939593678302256,40.504710525155375
13.354341263073707,74.6843502831941,21.48362165446376,27.894016964395114,4.634646911802258,0,23.993319641504694,32.723773294981136
17.921121005044228,77.49942252374166,38.71207552666357,32.00614281103384,0.6533637053212715,0,35.44468039057387,32.61674841688317
20.46877097361483,74.08689242684491,16.43815962465844,56.94134110624219,4.639400670261654,0,13.376941473481189,17.20724601433773
32.09752596059698,82.26440282436388,26.26194748039906,62.77327453525986,0.8989564967833769,0,26.674314575468088,21.563333445476243
11.476841710708651,68.56870544175335,10.4780242749128,11.408201896107597,3.5404140778923776,0,21.25953089161276,37.04299635589379
29.31284957445193,87.46967225800708,26.858881285931723,29.349570889103227,3.985046337846624,0,24.12646962733252,26.895383928413487
23.412192511489856,83.17158634471161,11.954337730676603,44.477667400422625,14.915534645501909,0,9.61443839494624,5.098659622198387
16.35041493760378,94.060528920732,44.220322915542525,36.55815617289865,3.5332001064549665,0,31.571056297672552,43.14277798635954
22.291767951451913,72.76738784552401,37.67072450276445,80.73365268087089,3.587796734078705,0,15.770562052535727,22.785923640428972
16.698320023533658,91.31916813577281,27.153901682275936,73.0166984709135,10.301834525375774,0,13.077993949643313,15.829967976780821
25.286376701910875,90.96686941953476,13.030557536277259,60.071217243106204,12.890362177746779,0,8.829851972676762,13.985993929611407
20.581473762802084,71.68825448728973,30.7355904276645,37.04339327976318,5.805831189031298,0,21.205671146266802,39.77540359477307
12.767760343287483,79.5582175001797,36.55673127456571,66.05378758769278,13.134270299110387,0,14.053903720563252,22.30088469396975
11.380909162115206,72.93442659319099,16.675103855166086,77.49104102766356,5.1021303112163565,0,3.214370995106196,7.058160006924171
23.854174780091775,75.38689451326891,29.887291927562178,57.586430188718936,2.9552381942252897,0,23.375405208340972,25.451058193346555
34.169977965297,75.63413907008578,38.49738144340038,72.75691735147034,4.944582364915853,0,24.20561394371648,15.456959171266687
17.97477291017288,84.13085542674742,36.88867221762107,69.92839691197983,9.140345608919885,0,17.08099435301441,23.098563990446426
29.257003109456072,79.9309170210535,38.10472062535035,55.738984892825776,5.507147389681107,0,17.62275001249032,30.121035196740458
27.101179293253242,95.48425131618285,40.77631987044019,34.97465734572088,10.09340705983933,0,29.489894679919875,51.935224484217684
35.01509251497495,71.66473411646315,42.818873575581456,69.66257264010174,3.554038191337236,0,30.9689921721106,25.73948548590895
31.808449501675085,96.23707191065577,24.19324043212376,26.543709308608516,10.514893409837232,0,29.128346600062425,35.29853921544212
24.431552508258427,74.68852056621365,29.906918588300705,72.3590677177227,5.211575448727,0,15.999452436496277,25.43084730361954
27.053884448789113,90.41334415507374,37.67308341159638,74.36373537140264,6.838025574029017,0,21.340845679640246,16.995962821223777
34.053207530937016,77.83012785901182,34.39989348810241,75.77159036562985,8.36617710664344,0,22.171302691068814,29.961482654742667
19.58604475302111,72.1493604671021,44.84320798925326,47.83327767827661,10.293375047789905,0,22.307289683408047,50.119705346642256
17.477046469875546,92.87878637214095,10.478717788662545,25.398461421633733,3.5807053777310056,0,15.659621124355537,25.925572091003307
8.313521425420694,76.95696607785743,22.429662536052675,17.9778880052855,12.539183061162158,0,23.177856702256612,32.49065988930174
31.969981151552464,87.10680672257843,19.835977419457087,69.46890003903394,10.827641246328596,0,12.01289068337328,25.503862406793388
31.228440311697582,84.42686686751217,19.18105475579371,80.90091076238505,3.511468785359992,0,6.120808602379328,14.71768465789924
11.02918102490439,81.68093297233536,17.788542387461003,62.06706870695253,14.624618439043656,0,14.055707035091784,16.420082382342443
24.72886405284831,82.37876470680763,34.81933442853302,21.53280483106957,9.971954865456876,0,28.415389015609524,52.26638546200189
21.455469246839733,89.23489950867634,12.966581564636265,84.79171588140592,6.786403297000584,0,7.9055362712921395,13.110207906064621
11.442563769764233,70.54541450957977,35.956309188016846,89.12816116314556,2.362909883302745,0,10.893037704318248,13.568722369844316
36.436478584760984,87.37723919677924,34.26990447056957,44.670288794793755,7.998315034621971,0,27.206593356637576,34.434936137518285
14.226180736437307,93.97855094055879,18.778144637531376,57.5860231419017,2.471638302406773,0,18.090297870809877,22.270024941239836
9.949791222626274,69.67585771357606,18.849182410780642,72.17828160013262,6.442375180467657,0,13.346728302825376,12.639307015630294
25.25057400555538,72.07894683777633,32.01012048705758,68.91118320400358,6.130687841092783,0,17.135847324336698,11.905504874303148
29.42713363685795,88.7823261643589,36.67598869192872,87.42297535467594,10.799094665211902,0,16.207836271474306,10.46858654739913
8.940859935368422,80.68116779909391,40.67699645805779,19.19064728630311,2.885747718363747,1,53.289607362999405,52.22209946209184
27.10281152308364,79.70291000359697,39.82488473490665,56.457989291424454,12.328070323062688,0,25.54305174989947,34.76220524554223
23.43646440259218,71.97203240178284,43.77090479573486,65.35451357384737,4.891984905242487,0,18.630866315405314,21.830271228035755
10.994685257376403,82.69633118081586,30.34847133677789,81.20787393501361,6.659829404531626,0,13.727127142704289,17.0728597237833
13.0031924314445,71.66981402469494,41.802944646912586,79.92877021745205,11.585114633307638,0,16.736435168122725,35.93358548509283
24.471254622166335,81.82199323300567,38.29796456411438,88.23998348490319,9.380885995702721,0,0.9369815645645119,27.677176638892377
16.59437079188536,90.14484366988805,41.31336685099048,50.966276315014326,4.62038027702906,0,27.676790649506408,21.539593056050702
35.21115613088817,75.48966637872775,10.406931044987832,76.46086934505813,5.7930438681882155,0,2.8484579690545124,-3.2910994064275982
31.743466655037473,81.94279887721208,43.806604715303386,44.182536650186215,4.586802209844152,0,34.430630220083025,33.17533319984854
36.52344898889623,96.76846311250824,26.57355569962674,43.78511022848258,8.921552509157356,0,16.400776493827063,20.246923503847437
15.530454329562005,87.91286227726708,37.9364046351195,30.26786915782872,4.989367998102596,0,22.3592932583146,29.077994476688072
36.12198535114133,92.39934636785077,14.45214417682233,75.45898296153838,10.885465421747112,0,5.4317814970021985,8.411810943401356
20.50578222395518,80.03058059025582,23.857938353489093,88.86520846508125,8.696807378755892,0,7.170293575247399,13.704383471976907
18.078045064098884,90.2679667706498,19.501123205734682,30.507338267780632,2.1855991762126346,0,21.067524849460995,36.175976887388764
9.460136282111243,69.17476601529833,20.208056967532798,14.490527041685786,4.654029280198237,0,25.86041378968768,33.007290168638704
9.530192477928477,71.56442429372511,14.313946698280862,75.24339499352058,3.321711628652336,0,-0.759679919947378,6.587684119351141
28.068326422452987,73.88904719468181,38.20173413900524,59.618404202780496,5.8546981882722795,0,20.520760123793853,31.563419518164235
21.27994083858681,79.65660581384137,10.323481010337735,86.77590404408035,7.739761293140447,0,-2.613059855577313,0.7243280556964588
14.569127155047067,92.52660147144714,20.93769099448209,30.17913752615618,7.601442859261648,0,26.77864794323139,36.16520701889739
25.805138883431745,78.04171547284999,16.104369012574526,15.682212640102486,11.317855148449334,0,25.244147534409585,36.402290391345325
15.332885429253224,86.98401461194842,30.616362921291916,49.39538086932012,2.8375779540256403,0,19.099581591123943,25.977534440448895
24.751320875988256,88.57011454930102,18.898834091509034,16.837281837211798,14.197092439461702,0,33.017656876704805,21.607933538446595
18.41705366249802,84.9992882685619,19.064945908483487,30.943200088216596,5.1426766032325295,0,18.904974546701716,39.55490874817741
31.883014571742752,78.36001707693396,27.091835039836155,20.07822886553346,4.503732703742077,0,30.311382479688852,33.421233451578054
31.8001886622366,84.73454690969278,32.8441163769324,27.930574372806298,10.277678672703296,0,27.208279208677894,41.03715059714874
21.843161545549638,77.92570219090264,14.245664659780726,18.491572225711348,12.082749430245938,0,29.731123237316982,17.73462822455021
18.17375417071545,70.43233841800836,16.142900836292366,86.31247995418283,5.677076472204801,0,2.612005310959389,5.0815324364016545
18.51423410021374,96.79131536739442,18.651116060808114,32.28501707597884,11.202704623409657,0,20.222124047063772,28.978496532128727
31.365721244378317,71.68829115534281,44.08118749412862,45.511806879405235,13.25603934204082,0,27.68769988937917,39.28420425254871
17.517205001130748,70.09810313124567,23.900337498002212,81.88894461073778,11.502054978104361,0,8.366044995785847,32.68117763353219
14.062721837498534,93.47739172700753,30.964653172085928,64.18572703691794,0.5129472835624949,0,22.22429766820713,18.48667247193035
10.455961914383899,76.75320516589396,18.453998445059227,59.44299844494195,12.410533670492823,0,15.623318912470467,23.0398492777556
21.534100505647842,86.85861224813172,27.166083380512077,66.44505522886698,11.617214376815511,0,13.789906027176801,23.38425510222609
21.981830868675416,77.54116616020475,12.594171103508533,76.30578056843055,10.03935357229779,0,11.911976913508369,2.2837174860597926
32.38635260168431,79.35217385303966,11.215975107281443,80.21354142814087,11.400336286318552,0,5.908853331911308,10.283854315379019
14.415922196935856,75.6012761884871,26.405673438751105,61.41117365320212,14.691380937479083,0,12.588579027428175,20.12868804345419
19.048746936383598,77.94827616799729,23.95307506314442,81.20058197552461,6.466693317275245,0,0.714621170245139,18.018314770713836
31.443766427917037,79.91031161700975,14.790811189213969,52.83180219403815,1.0083485243189672,0,9.47079592741269,31.468504199865123
31.885084711720232,88.89206600367794,34.06605001222568,32.183268501473876,6.91334954441575,0,29.44478834842194,38.621914841184555
19.15372120338428,82.83454963280896,44.751622181474254,80.40613671070756,0.696504830865719,0,21.239971930682,22.720642021122362
21.314596675313744,95.36339129755234,23.847638741884936,53.31782619304697,4.413756121326918,0,22.724159929538473,30.342346054585065
16.795290834629206,69.2145314213245,31.859552257108806,82.49100700537875,8.803196876951384,0,5.709744151345777,25.895900713654168
35.04409147416005,82.58898135632882,43.704157982756996,13.213425116046498,4.644343393892345,1,45.692274786830495,59.754321967491244
11.440669206505829,84.94251887611983,39.10372403564064,41.801260123298846,10.28092868864308,0,21.123270631458105,33.57103074529831
35.07873326704263,94.68571259615395,26.224327815594002,85.82440146899745,12.329794915285817,0,0.6708474092005359,16.13279900464625
27.832127103224952,69.4255971850214,35.812131956097176,29.97200742066422,6.306587689193053,1,35.77537002208273,53.57425213248958
23.415592427915204,84.63148796312126,14.484726408768342,85.32289968307941,13.502069269395053,0,3.47855452093045,-2.1186481188782667
8.94711276275038,92.75526792731075,27.923634941232972,86.31219689033999,1.1975839702560032,0,11.925130577966073,16.014166003871548
21.792289562838242,75.01590411545786,19.767109701297777,80.57138513806888,12.601697463006747,0,0.9703687761198543,14.332139775498518
19.82469504507924,93.41247810719419,15.640729076365638,55.0934436074639,12.428597181589485,0,7.245951859007451,15.006359711554992
12.675345547278553,68.55225886895447,24.919831718908718,61.75515592645108,4.8299084449014735,0,5.034253204901862,20.679278018083448
27.03587850151905,89.24118424487816,14.585509405176506,79.56935987598953,4.480727806869225,0,4.493707781176373,2.8875502100872543
36.16337631368029,95.06028341389094,34.464478786106994,72.07176659113475,4.5764247173026895,0,11.950014905859383,14.183318653826486
24.303475520871228,87.0587321875618,25.968401541866744,60.40750795643292,12.170905685166163,0,23.17710527506273,17.938585496149575
28.72784501687443,80.73184807543299,28.590062139763234,88.58075262965622,12.474802314152926,0,9.769849279232727,12.239262683226798
9.985063124414486,69.30154947770882,15.123157853385496,64.85413090669553,4.945836882415014,0,7.248110937400211,2.806617799068011
20.112342878692846,94.68330058635624,14.892008138272306,88.0385593958209,8.888855211666927,0,-2.1711258873323778,0.751690605869908
11.37439606977038,81.63859045805567,30.419540234104343,14.591077968567259,2.0839984416068176,0,23.35909562551085,43.03010386718488
25.7710792305588,68.84090558574249,44.47534117403062,21.116829659376997,7.0316810742153315,1,39.06326280447505,71.60109221154164
35.21598258821048,88.0048110685341,13.368770413320396,46.11670768003925,14.981892762833073,0,9.73866812978775,17.38643269237282
27.191554241677515,81.97328035371149,20.000599999802343,40.790356870745214,2.382587215593703,0,14.268678528556089,16.962900800818762
10.227288401118225,71.60601420582991,40.43106907882606,72.61878730856222,14.213439599400884,0,13.434039132614393,23.743506434986646
18.2853199445674,74.21388246999753,12.529520428933292,22.8491221175363,12.363820829475117,0,21.295497216417477,24.412078281714823
23.969238003784696,69.87022973321955,40.656000247843295,88.08761432891909,14.583219764194048,0,16.47304378732022,23.023804302539876
19.693024927864315,84.65451265154863,28.35000941811629,35.20527002087312,2.6936814091579953,0,21.320261716287565,30.562560357984914
32.175676303779994,86.03885489830827,24.289337087424904,44.313896619212755,3.2027773566504636,0,28.526260899275215,7.874077253714944
31.625459136589686,82.66652665230788,20.838819752300957,31.979602595201833,0.25300772602288024,0,12.091882265009469,55.552822321684474
25.743099582993423,91.69596185707583,20.399100534474467,56.34908938612378,10.870527193734084,0,13.585642946261418,20.696367607371673
18.830280408848452,92.96925581793239,20.703090385731755,14.690296033806716,9.661420401542784,0,24.851555362284238,37.17007639007642
15.40475483913408,85.85310750381068,40.96810783360685,21.9742004456359,2.6709815748709813,1,41.13828937327637,50.00131471793053
11.07035522818075,68.36993791151549,35.332833056117494,69.66381627349793,11.867174483131079,0,13.278957415944072,13.082188462540035
18.29203282111007,88.16166001668434,33.44030527409027,24.920046672384313,4.4879325919758815,0,29.20933922076805,39.45252179178921
19.982002999023866,80.1219772906902,37.95622021332002,28.84115612453303,2.0249335399595276,1,39.19812413269146,58.59046900436028
27.598864828018133,84.40116701356521,18.999013205145076,73.43857885798701,6.338439975290222,0,5.508550309613639,16.938775354129504
27.08663490462963,86.82333745854766,31.63149842286145,17.46409426858029,1.364547726402841,0,24.08292275590977,43.655324947512575
10.033136049596452,78.15686181548523,26.102318363528283,44.997905821667274,3.9486548440986997,0,11.461228346211467,19.360633267273123
19.462520147503575,94.59585664998204,37.38545723200677,11.845070959778159,5.570000376410192,1,43.69662495209211,45.161979691732455
13.271587149303496,71.88527113574365,20.823963866564995,37.744591945432305,12.777962617712248,0,17.078123827170153,26.694985096118636
12.547568454187365,87.47384241115009,32.51125159044635,65.91851220886036,11.888231119398322,0,15.494887831180929,19.401523376459764
31.99176234238013,68.12642781874084,40.87743441360597,17.208262377378265,6.641314286259274,1,44.73312950414196,53.805153628426275
9.215541284771469,94.81488205675024,24.075266666822507,81.06677014230081,10.868625866285813,0,5.105090581306918,17.814859511912555
20.15630340116152,71.26261986390466,12.33177305786115,82.75992343525728,8.529744542685075,0,0.2758723792623625,-6.733942783646135
12.877906017229027,70.75164267427967,28.061778781962747,18.399230010010807,5.112627826171021,0,24.243478847460658,43.796157141369406
33.50057625467575,77.65722135851509,22.109037073245908,89.25859491006213,10.888115152429272,0,11.896669109420731,-2.3089815451996802
24.15417488497602,78.83342229513333,33.527888319151124,33.802364271639114,10.25248731699567,0,22.62453413733398,37.53440808191835
14.710038454928593,74.21470209736349,43.286152366201215,16.728133690528484,9.28641663290403,1,44.76973252861536,70.81825819763968
22.570391327824915,84.96852816688661,26.996291129889645,10.405369159780982,9.26933281564876,0,26.757590871441124,39.670093804805475
29.21310443139036,80.84450884321694,26.316658055443686,42.68183166110901,10.244729884904652,0,16.65087182836462,40.546701010370356
35.78542225866358,68.99109208219153,32.91046800670111,60.38479885648941,5.768182689638073,0,18.463002179593467,39.017565540579426
14.392934123117149,77.26990980540371,13.622412625774869,36.57433999226506,13.036137226015535,0,15.327733265792858,25.20393657869648
33.69927139175101,91.50255449362194,18.872716612375513,76.93738923796982,2.4346176824469126,0,4.05783958292076,14.338371866369286
35.09481931085722,88.00134451099419,42.16427639251395,67.328502045204,13.25828194858731,0,19.46620762492422,35.792127081642406
34.576195791429924,89.02125475381654,33.44799146773182,38.012922557442614,5.134227645479916,0,21.72105121166677,38.67461046506047
26.427016348995384,88.24539079842218,10.47054153941957,68.74477332868837,1.8754742341293378,0,6.620466959734078,11.8451181153662
26.264798978606525,77.01821762010796,17.161891539565694,85.23901895753998,9.000411040186949,0,13.285203795474423,2.5330415212908015
19.69310836233086,70.8902537402265,33.89930431101146,17.447679883441367,5.639800036056078,0,27.341141804307227,31.549017406986348
29.81953858680985,75.90154833695978,36.753972089690095,34.48831681260935,12.232495906552789,0,30.000307119735268,28.52638863602398
23.407526532177027,92.12177370536962,39.395085043591465,47.06607512933546,6.46178202793151,0,25.802464768098645,51.48719248575132
27.64570406562054,96.43365313570906,20.22618811837157,49.83921022038149,10.028437883431648,0,18.504479783734286,24.457241487505353
20.42527921161507,82.32156342750528,42.586000869714695,53.375651590885894,4.6238698425723825,0,28.764269760071937,32.48155551573513
29.213397457251034,68.28131029276823,29.353141275226236,34.05015252309188,3.141785625380101,0,25.488588366778856,42.835114569724354
31.909674010531923,72.06129955189265,34.37886578357625,63.38077167858793,5.820735464232357,0,17.976098507636255,20.02880498867777
12.246651441481667,77.3403366841717,30.88586019729678,61.606760282386375,9.102117519036502,0,14.788651015690247,27.970569877315828
32.154961751652614,84.77897510919554,14.295901913611715,56.225720501729114,9.854201088170278,0,6.455433040743945,16.627597182395647
23.66859942191891,70.1777157283541,43.7090130784708,19.10093773687013,8.673099979470274,1,45.63999691341544,66.80522526005964
32.49531136361651,95.35736166258657,14.300645296295343,48.157431287675564,14.820835779361634,0,6.280149104756601,16.96254557764998
20.507749483889423,78.58742652524762,18.920868474391426,38.49815099915005,10.36635279742748,0,14.941708986863354,19.200400533942172
18.992174076108014,94.46494231981987,38.47697580780431,49.28307758704981,13.972794413953766,0,29.987832750150055,27.612856937885166
34.53676124299945,90.63513227995364,31.65089365253855,83.74931484120208,1.7689979234276176,0,11.193213479307106,10.003620839220217
15.283908758903639,89.90768090295185,39.33522078817249,48.442507452672665,0.9205939472021829,0,29.598180252962194,34.20333730557933
32.48215743329815,85.59486781368473,28.05076659309157,11.118463347160947,4.664920530179305,0,38.03806372568962,31.49012835367296
22.03659660277272,86.17673069450349,23.19476323783222,45.106939046730474,2.048834075646359,0,17.180152625322883,17.14208201885249
22.90876783398653,86.50209382127119,42.264592484172475,75.65185440395057,7.888027923424016,0,19.47336909186928,26.04668381162767
16.945580163195036,86.23292022374189,11.26883111301782,72.40487385745345,7.784718802849181,0,2.4037239285090948,6.9056238139319035
24.618223817951453,84.05811871055248,39.96455771235661,51.07120588225448,8.625707496659253,0,20.59788828912393,34.88187301430906
17.43112469201013,96.60600653600378,18.078622481572356,29.981521028745224,11.178418212466092,0,15.280013635500584,28.53926033711356
9.138813013007917,89.23642645534518,39.70577147138887,47.20709303316361,14.5699455031848,0,29.90650968872781,52.57327711778537
15.887959554986326,90.53144526338312,14.871881469590996,55.096177553455334,13.173880371587197,0,11.95022387118714,17.77182689830857
8.18499225879113,93.30142163742656,30.30766372916892,89.98971506193071,1.7755085936337238,0,17.389932706410512,9.535154666318135
36.37228882464884,74.25355311904963,41.08377716540152,61.53424721355019,5.077705331559859,0,26.941874483255162,30.7444899113514
36.00666908477268,70.43032061375676,26.573887641461166,65.54119440500908,3.8373453757206284,0,9.968520551546023,26.867540120445373
19.459503626696847,82.00393866135936,36.12983358311875,49.31633148544415,2.652260366696892,0,27.471728247059986,31.603968830051333
29.122754775849735,82.90834017295893,38.163506624944546,38.35916406260239,8.170873149836767,0,26.04862639818028,42.34753686037949
18.028376853902323,92.04627161854762,35.777297305087274,75.03623869177648,8.298966030490957,0,21.4620755906557,24.22420465715728
27.461701555493306,80.86972379918774,42.38654079061094,49.594585947138896,3.40867241832092,0,23.8832252249487,33.56118105761249
31.357471248333393,84.55473774078507,25.6391980681975,89.57521039716201,10.678458754600282,0,0.6849061137367869,10.329565274227354
35.45593109607498,83.2850572168903,16.059390370780452,46.569645941443525,10.99371448754258,0,10.08002601765012,32.20023064523539
19.60615599964049,69.10788072896435,11.673387229586792,15.44002269180619,0.3146999225089997,0,17.48136229517697,32.52957132629535
30.715641505725383,85.8412320013105,18.626095437312678,64.60625096720662,5.936365555834748,0,5.729913605401032,8.431009706307464
15.711925068331444,92.01325528745332,15.011912635808475,13.731316074064885,13.352109618024317,0,20.52352011765924,31.278048161929004
36.7196368100158,72.56751589419831,29.528205950206818,30.040127750776264,7.804779123657574,0,30.03552400149672,20.901141721683953
8.747318364166183,85.23562028387127,16.47308680241062,38.29906022239227,5.214417021584914,0,25.727046375818553,25.526018939759624
25.502335388532508,85.21470578894602,11.362679755127992,69.15868684970621,3.805142273926952,0,-1.7172137551153854,18.338569519674003
27.125673467888486,72.7613639576344,11.259644010403376,49.53887411260902,3.650317798774234,0,17.08572498558473,7.550396384261434
27.953321155149737,71.58044363819134,39.104932442770156,12.291674504820529,1.4965205077620953,1,43.47644529006678,64.59441880529023
11.491239784883582,96.42150634631805,30.70074760050587,59.34798810207377,12.258396286396382,0,19.285390025641977,31.579275960559023
35.21736372072078,79.41785591993809,22.532985566268238,42.91489899413299,1.2998610809125681,0,10.121292932027734,33.99180217448314
13.254315092452401,74.59523013298235,41.297981495908644,83.74676079736857,4.384421487927237,0,18.145137595468032,30.238692784528574
26.05984869395539,72.96841178917687,12.456881399269976,49.96498489121883,0.6851360784952981,0,1.212383248189024,4.410358063655927
14.457606294569464,87.36044969391382,44.311272545473905,66.71801167514712,11.720798545855507,0,23.709908131743646,33.434075539508164
16.909276093616857,85.67391362249109,31.570212658906136,27.50947938636375,0.5892552334018569,0,28.818542748690632,27.399379545135936
23.847297710115605,86.6630115666351,16.421248888909695,70.87788516253227,4.624516558023126,0,7.902297067172505,4.5132703123256075
20.098609138372716,70.55217479783211,33.767418464193895,67.67642483869379,8.599460551299961,0,12.906231027324162,28.937736960298366
12.646542428318682,93.91250292145467,36.718344092424694,82.32653668330465,6.143420404401657,0,16.408844413369174,20.206721635094272
12.9571556702046,79.2887255074624,25.026997417977107,12.705731337535937,4.234066008736507,0,30.657186854811354,45.01825843544751
20.12619885672119,77.08771278648038,40.15714121859416,45.80005580939609,4.127836086413125,0,25.288789948272655,29.270446173786166
29.961206369989522,81.40848197018444,15.27563425537646,64.33243221917041,11.96685459009374,0,11.697338997813077,23.747629436697842
34.04097475858587,79.31191590668122,19.759315425216293,17.613112006417204,14.609671426308676,0,24.11770337785546,39.62868198945024
10.439702205522103,93.04373309103522,13.272232655439641,42.84832537191299,5.220616056731901,0,16.42550451068973,27.049096279552803
19.40001331922263,94.94856828073887,17.380724421257327,85.37172824529563,0.5871827041352479,0,2.449447100069524,-1.2814240781698052
10.907121347963422,76.80014327703859,18.355508416890075,44.87475927129026,0.5484866686366263,0,16.798836382605664,31.263210023106268
8.481181938345339,93.05413841633869,42.117161682259855,88.83238267845051,11.38820122816077,0,17.28248074297108,17.524212901492888
27.18984179667474,90.66417075645894,12.733839106290468,14.54712488638557,8.285547324136905,0,20.013219219139387,27.542869618202317
25.471033817031046,94.9934224979981,24.95952920656983,67.42638209127131,11.753889861259957,0,6.082667044632545,22.383409467753005
12.7275543006317,75.12675905339074,28.633954052941952,56.48129889986156,10.462455154328621,0,18.752982384253286,28.67033529533612
14.78057215969886,84.7318153535084,41.45425688307563,50.04317417057003,13.612595238980948,0,31.661133083431455,28.927552527315996
8.687524855691032,75.9617929574729,44.91936765314247,87.66779211880075,13.287364365699354,0,17.655101055718244,36.278610815712824
32.21346896513771,91.89874022404686,36.368584022194256,20.37203203929029,11.82491093431766,1,43.6633939727919,71.37279163232886
36.26602728540799,68.15440152656086,43.97768466991603,81.67991613447307,7.127837400632156,0,17.27398696213289,27.94989033384277
11.928326567046033,84.37975572370549,37.548539638755585,65.29923289092882,4.621896114057787,0,22.880093215965154,29.422254586003643
14.712781199193646,77.83689950688563,43.71209243399958,30.719685863970618,7.605401811669599,0,31.710463377118913,46.24788469863357
33.18387619446109,77.35782750525678,34.75447540805593,82.13353165058348,7.531074109797354,0,10.467684303218611,7.149296202469463
34.86745014072936,86.70228339208259,12.791719890787487,44.343593428881064,9.154133233340065,0,18.619273181103758,20.727246278370306
20.1691941013975,92.69304903010583,24.067206544743676,75.13818624584567,2.7914635167435615,0,6.839455807154723,15.08184050177817
9.46805169580315,85.66666635040646,32.63090493308646,41.106921363792,9.83429820667483,0,28.43073078966438,29.103692610666407
9.142363177091763,92.74201638075495,22.275147830898785,78.07446619465928,6.849013863087237,0,13.244911366840155,9.969858016664464
24.6445461160013,75.67331624454987,19.56843713398225,60.93032947560389,9.303072479112888,0,14.339204384620263,0.6998837271394827
19.39395815790219,83.06555378818445,30.208974349658185,21.28373068669817,3.5940723437931847,0,22.473190370956477,31.930981824240703
8.830920399751982,81.06555963294521,42.67256568458522,61.973053077562206,6.515923408160324,0,22.880141465136436,37.26710222027728
24.914319377064146,68.3377020855898,11.224365573065375,25.30758101614981,3.153018216787804,0,17.00990849639466,38.729965248854825
8.327773561081651,84.14755215108147,36.92309212395032,42.95381023153301,13.129577351352024,0,23.095406715838685,28.368666384686588
30.833786786328915,87.18420540023908,35.29545473156195,23.623646740162698,7.3194156756230635,1,41.2743912804643,58.00775472770366
16.886551858397773,85.16551772815303,43.73836988859005,11.761289253369487,3.3747212336071817,1,52.18682990577192,74.22718253758744
9.16748208726773,89.35211706471922,42.57489278163902,26.9509231559966,0.6181304361231943,1,40.90940614336454,56.1230612253215
25.062214408511448,84.56884632513923,36.67813967154675,52.90976189793006,10.136079969803127,0,21.609227895025985,35.57671628439833
19.532848018558585,69.93575739067195,28.214306763890953,48.524877422187686,3.2196707098463357,0,18.34439548612924,27.282105220398375
36.240211987357334,71.37692019845663,17.149364363173195,50.119767642885094,14.843732884781675,0,19.358107116442625,28.574525479727324
23.781761212607364,85.29776274877462,29.083250141395105,29.814950275728105,8.005505601227574,0,24.311636898926185,26.54681479686546
15.98193625007324,75.97439656723557,36.78731978718788,64.81289604913489,4.334654943720481,0,12.777762790044749,18.415197051285197
28.573727074385268,70.30970874200821,41.34842244232626,66.34106294562767,9.865161506889455,0,12.904718142522265,30.229402469744365
15.873268073738629,80.45847956000786,37.63992032236922,38.63742604477324,4.128298851571283,0,29.042380180582487,37.80242447481529
34.22305545081939,84.075355344426,16.83434273168689,80.49360707793394,12.304114408646198,0,0.4656805430337534,7.508895532385237
18.866937144713916,77.53363366213858,30.989020997982077,61.52185733084383,4.623540763949128,0,20.381575826100285,28.01550878788309
23.94618832050995,88.89257736454756,21.626071083597495,67.04314202069054,14.82371598593864,0,4.043992993055931,9.643838889978129
9.466620010902638,86.66934763493609,10.322198358672505,32.187193435115155,9.077171781679404,0,12.810380315748668,13.732392359807434
20.357515900614693,77.65173247165849,17.00773275260331,10.048930812446963,12.66616723413995,0,18.836342884966825,32.68431057038212
32.13854265016886,89.89130333834825,13.962722747670725,79.23004896816876,1.0922320436763333,0,5.38540026112935,3.967664150448236
31.363815355536914,86.81215623345803,39.4951693238814,75.79395076638468,5.2244912607928224,0,20.253637135148544,21.39329102036959
14.50523820675226,86.48591598281917,19.04771882517342,19.855351043426417,11.062306292492245,0,25.260379887741784,42.369810857210624
14.556293059306318,84.04940332282497,19.96442891106444,39.92841079650452,9.825885260108741,0,12.574009614561655,31.40021375563132
31.701854054183865,68.33030037456803,43.597780012960946,62.907144671086606,2.9136468215063664,0,19.197927884601164,34.72848922342993
34.981554184910436,88.19870832082978,23.268035306709827,62.16886857749826,5.343043957645648,0,14.154927023163204,20.64727091543177
10.765466716917103,78.90521194216554,10.33549740505381,78.82802678468452,3.9516511123131135,0,-6.919366373500273,1.6307685391495887
21.051700543360532,95.33568159460101,19.934615192114777,21.221452930834282,9.200552546427645,0,22.39519699486759,27.494571845451034
17.786174089962643,91.72155836123895,14.175485321063436,44.3951798228095,5.168523441881624,0,21.353715480368272,12.367117318670113
33.24996520826574,85.04313961640806,13.598299660754888,17.777953434113982,4.635813630005247,0,20.565986054241375,26.18625046951261
10.422222525720544,75.31327747275881,12.712055154751233,41.16761987509025,3.1106697065451256,0,6.563018419688783,20.859731224287717
14.122652334183085,73.90780440505233,30.764081456138204,11.20859564701635,6.135406813719725,0,28.98241579558352,35.890121213597716
29.821581790008334,77.87116029264892,16.62717032704505,81.86184520881015,2.9325388529483036,0,0.6015699724916015,8.418202416859232
9.487521620455253,81.82047036382053,22.643497791435365,52.16351974629448,14.438543810664484,0,26.374236871012144,21.35962388569391
22.28352604071439,76.58589979112946,40.17062006455059,77.98418086418829,2.3175271724295508,0,25.01845117558829,20.127610812252616
20.82110400571188,82.932955366382,24.851834892869647,14.7923760802691,13.699570724381644,0,31.642881792861985,47.12488081209561
17.69763419067371,72.7957423398824,42.049197251807314,28.19664883783365,6.42709647234873,1,40.85022432084657,41.726528460391805
19.44259714424879,96.3536715719395,27.42783186884622,30.75039961769445,5.667989873425831,0,30.49194435401339,31.470432457235447
23.368277020976755,71.12981209398482,23.959281519391453,40.935319571103044,3.4697970135727325,0,14.03174669311252,11.534378963787308
12.67965339326311,95.0263800499768,36.263612448174555,74.22930979180369,9.536345015512786,0,21.24588986276747,23.736382262689354
24.587880470224192,94.49376233067815,12.561128456880073,40.92462989851941,10.282920225162545,0,18.64304294598443,26.502096197112763
31.357537549699604,83.23545397276544,13.131743404384608,26.37228237170616,7.013564433786262,0,17.897458317434054,17.87238966445169
30.04466696391461,89.02239788324644,32.819079987303624,15.199220827101474,0.835603435401362,0,37.54570531227523,35.05035657430185
12.463097236119436,80.64540064120504,27.04292496337369,16.359339868214995,13.77765226032825,0,26.3775548739031,27.79392020876503
12.328234622502743,86.27100274873071,37.66453376117236,70.8037764768782,14.704936993145715,0,11.265705947031549,24.722703614944308
15.777056664602487,77.87670218521244,42.0694793070236,45.58423928293064,6.465651228177524,0,32.24929293363221,34.62247393761372
18.47116706389008,76.73361157377792,23.592840718504164,68.09448976000122,9.204912111139908,0,10.94185878555442,14.967325414360854
19.845211860845993,84.7686637989159,30.87435093046262,64.58296974109581,6.754479393656201,0,19.071187559395902,20.115621185438076
27.711219288167012,82.44576055133543,27.524381972835847,20.828996940820623,4.828194763291808,0,36.61792486196876,31.367836956797685
9.643732532809226,84.80655470534946,44.35637294748515,21.431034735381374,1.1597818928671144,1,42.137605691146675,70.96452804161079
9.005508422555925,76.31315685732366,39.08795425748083,70.42736123473071,6.841015955959483,0,17.698871234121327,27.188212821517602
19.365406325373364,78.64177712269286,41.910819789707375,67.70146347883338,12.275768345391773,0,28.49314337409225,19.773261724847842
28.217747072001433,70.43304085823837,18.901903065216146,40.24246134994483,0.2554719163200536,0,20.721871781901044,20.340329588324245
13.609624945737995,69.51601479589397,37.0384248106908,16.193781066627206,8.731615247703335,1,40.16216436433426,54.64106103849126
26.6036299564313,75.35025676051747,19.291562874917712,10.967841735876176,13.211581630900334,0,21.580340398998615,47.02929635491159
15.535016000268683,70.15315892058582,17.305988669993646,33.052555956939585,3.26324145021537,0,16.09682434739822,32.141105728000404
33.69649715559197,71.00946655040748,43.04931558794428,10.737781886978155,2.748837970335933,1,44.6112497038643,65.64905039951744
33.975008383731875,91.57492375642417,10.675654585125333,28.405809688296273,11.584149385529146,0,18.002824983521435,36.9936171704337
16.62132892415847,69.12733721348398,43.788604628220035,43.560059216907085,3.8262964667893993,0,29.218457085025893,49.013444256563474
14.669818864933974,87.10934102410754,15.224166394608218,19.713261224956334,2.879764013409727,0,23.094293601193968,29.634219087790008
19.927815189920707,75.90417471564662,38.68033286276439,18.342220626523698,5.669838758538526,1,39.63343623562617,57.997354212182486
14.975415970224313,93.27482474053566,19.657289357383608,81.71499485749892,5.8875301840532694,0,4.95997668381585,6.571827980149154
27.499131455459406,82.06477625274749,22.27458146007546,56.83760232183114,13.11151594524849,0,3.8075111637073054,13.960481775530301
31.95587585190028,76.86171732050694,17.586519896269472,84.75645494102251,9.276652079005153,0,4.091355052634814,18.787151100622815
27.519671796425293,83.0115291349936,30.492991486837788,37.66609310285433,6.08942184509384,0,29.823871037341917,26.1844701295488
31.906162970231136,79.07678255231279,22.18334416277559,64.17159498633305,8.015819464286503,0,4.71646403875698,23.719498711124213
19.51277270401675,84.36473087542507,33.00875638231321,26.37533396974323,14.309478499879113,0,31.00891915347094,44.08892215785244
12.533192150556964,71.3214531814641,10.54765612797231,59.4672253823953,1.6982201491484306,0,4.378588690464751,10.407641676260301
29.400577474530174,96.91272458156398,12.253120923026387,20.366858400798755,3.1157328258703716,0,24.029008709740417,41.87544491914748
18.453760649105064,80.34112045320481,13.488140345593703,10.16645113410286,14.43793059879833,0,24.48737208862739,23.11262950614438
27.46685393164484,78.09868855151369,24.664778985858085,84.52254411276633,14.359872727908062,0,8.999146822401345,10.432010639556085
15.848674317471204,88.59608560117168,38.51786604309916,54.39155009401674,2.6574813189715893,0,23.265587487121763,27.930818433669266
10.355659409393507,78.55308278836463,41.0862268632434,84.15525302256316,2.1766322568794734,0,21.938196556774514,27.71378696081674
36.78487206914514,92.16495484583398,18.568375902131528,36.70652189616576,6.316277015079297,0,20.009283770691546,28.933377833438787
12.52984372998738,81.17385100645234,30.10294034836549,36.222885532940545,0.7457743873195366,0,20.657485944288325,21.481543745177625
36.66420882494095,88.86719398469761,36.89277474424102,42.05240014184254,9.823552984277102,0,26.32424259117277,43.991060896032764
36.34111804442697,71.11614327681471,20.1090300471863,66.48327871665346,1.1624403249261328,0,8.265126193766868,18.87033860212237
31.02072501333315,92.53745638109824,24.315270785769563,55.26469073489394,0.8704444064142108,0,16.39022770501455,15.23484314376364
27.12326590037793,89.33582161656518,28.33909709399999,84.02839256792943,7.277804043132738,0,6.862182214787097,10.944347495723477
24.756404457281455,74.13978657539701,14.72061962428167,12.035272090595148,14.366799541651522,0,20.365674507230718,24.91906853352636
33.116944815957204,72.21329428262781,10.909380280402312,66.65567503780292,6.4019390409473935,0,6.45434869260251,8.687491973804857
16.393746126965148,77.17247811304311,15.348203326139913,36.42621514932435,5.347217379908266,0,17.02518526135542,25.689261707472973
21.562755162061435,96.30604699492523,31.93987674387367,24.418692145476896,14.96935073253429,0,33.96410995352301,37.053919077695795
25.962309111628556,75.4481156624447,12.576639153678858,50.83164980160792,7.979534411687752,0,8.964045240692988,14.060072072454167
19.92452380021524,81.22768905945236,16.63937276975449,50.40510273439968,5.628621103353728,0,3.2938863270808056,8.532399984734575
20.397107168617772,68.87058654580275,21.82488599933563,20.96088229507427,5.787912200124027,0,22.80482431882897,37.07126891209413
17.578255357560447,79.51959835742075,12.725452250722821,26.15168449063119,2.924392440502657,0,10.385066983589171,13.703415376140542
24.362722683851544,84.56828044755997,16.709474490657204,42.65317319212439,7.683345861713084,0,17.637145158174164,23.1819720452054
32.666661312438364,95.640613762731,41.894442614422886,42.70491299138523,6.582825422520087,0,19.766257768051936,25.460609603872406
13.844322962183073,82.98534530326187,10.675469627944466,35.40465116957478,4.0619294452112005,0,9.774484151029291,22.596955542340773
35.0985581238498,91.75411245915295,32.870117346102674,21.883612120798475,2.408101299026397,0,28.05830274543748,40.925792527227976
27.98354195869866,83.86670163449811,23.45431258203147,10.349894328078362,4.6685830300133055,0,36.34194101639795,42.756044591737314
31.874923167720876,69.18276538963002,33.542705880132985,87.61880499424164,7.6302499153159395,0,5.121260863219411,21.11410154799428
24.12953008627034,77.13523998050344,30.60421021271916,85.47993837631415,0.8749990842720251,0,9.72014850919826,21.503669732862406
30.60598434129784,84.69093572710199,17.82245640241255,48.692030334090816,2.3061604287593394,0,17.203501985765325,9.946363512179689
8.46981152284455,95.56722501200261,39.6523320650686,89.60414026200046,14.21485900453643,0,20.365226720037654,17.542300762309406
31.733032318606522,92.91478043278576,27.217913391327485,63.89234646257946,8.142830265470085,0,18.330226515496953,34.850395641685076
9.16402691347563,74.62231281118659,38.78876066197151,15.508603008603323,0.951739554900568,1,50.211334186567086,62.903519173225526
33.80748791452301,74.38318507055574,24.21043876658767,19.417455926610188,10.396316381543594,0,30.601517899568485,30.939843907199332
36.766919669920654,73.83401604630312,44.46399438703337,83.28886750957102,0.927043051185521,0,11.199722083664682,22.804941743316256
16.527956403126556,94.7524679927726,36.967127547545374,60.40417617197028,11.083113405695594,0,22.160771443766837,25.332944477540682
14.099238132288015,92.7273184399499,43.80825717894007,77.4546901325881,11.249440825800402,0,22.91102631055472,17.067871154403722
30.19553755188318,90.47161953533552,28.00142676184506,81.86157197070754,9.76618463623879,0,4.659740341340171,20.13995658627308
15.337763886687345,79.3893183125026,26.57918963017452,45.835360902590885,10.983068169290245,0,16.64018716068988,31.703837324995888
33.1013091119939,82.62704042466424,36.440883326384025,13.882076126135443,1.319486715195866,1,40.0398573497161,51.970136040591335
10.982435172566824,81.46562059905943,40.810194205470054,25.06242791178576,10.901708285329015,1,46.74948365903946,58.80822327184942
11.65270069500139,75.34854511922181,43.74510285529453,15.325755784194808,2.0503247958582445,1,46.92841909074317,61.15151385522393
36.395395097917856,82.64581333831424,21.359316711137488,25.099187655880584,5.092588609077657,0,21.545672587129086,21.564767362655488
27.541328049830135,68.88439988772988,37.95466008449236,42.842634116470144,14.141178802509494,0,19.716190224040197,25.732006201775462
32.55972950843963,71.82250083142631,17.372595917243785,19.455744841198836,7.543132164887101,0,22.51260324029328,23.779540847264414
17.40555194319402,93.71109828889945,29.095102136090585,23.33865982442746,14.511396481245207,0,24.708011345793313,37.71258907778379
27.61802873609753,89.79871324391127,16.29468519432197,45.665742565734334,1.3338368833010632,0,15.664317653761497,18.30484308887595
25.23301299194932,80.26318386271353,22.15890766126186,37.21367603107916,7.163348993447701,0,14.20051502807993,21.695558449654058
25.49135348356546,82.99736050623244,42.59754285222608,47.41264993504328,0.9360348041530597,0,27.964507743131055,33.85028452997168
27.793441326593925,78.72996769283935,15.113174492058013,44.333762220724964,9.453153935989272,0,12.061704727317416,26.567144609863163
24.685416020743858,89.4826161476595,32.134031329731876,61.55824207839068,1.1806050205277456,0,11.353058412672999,27.153994647387243
20.44280870977731,90.7414281977303,30.753399552459115,84.97516391006836,2.6305170381056597,0,3.247730413818317,21.47505582080144
16.001758137035857,90.13527051589162,14.225842344814527,18.6291470755394,3.882454651039207,0,15.639075109631973,29.485656523638216
30.288858596482857,88.95574002019904,21.409266531908425,17.940811944735593,11.231157774967247,0,24.290394395330825,46.88713547602232
14.5619004700924,73.93062582209107,29.704352658034303,78.22448888727216,2.4594317822711216,0,11.98980683465301,18.969375225801166
28.078274878478013,77.80112939797388,16.55125131459716,50.51173637219673,12.699480799396017,0,14.471222907525467,16.30363427648987
14.766651856830473,81.62551761452657,38.02182797444854,71.31240188547537,1.978559082462013,0,19.1549580102239,24.938798698311565
26.134574928679164,77.59299675140201,44.025477833716245,27.233752288582515,0.528666736052345,1,40.04999692538737,51.785254116668014
29.66526974674184,89.89326580459154,17.516578998686523,76.30900585340414,5.925681284545018,0,11.157602283797898,7.843049104115866
14.342702778289636,77.55125220324868,16.541918767670158,83.90772993541567,14.691624629569427,0,0.8875127731696097,9.371878898022079
9.73835572497794,72.00873051677478,25.922727512910562,60.83864124371906,1.6551334168316583,0,16.960520183638227,25.499866566948832
11.798238546831048,79.57217310940082,36.171784699901124,18.470321717904177,1.5257766605944356,1,41.72401866711023,56.44380657296063
25.57391205085974,96.41751855068902,19.856021358233797,81.6235851325071,11.267497661934359,0,7.319041297879975,28.40141175459588
32.63394578054633,74.5505609750737,10.695796804404814,73.3990181896057,4.682425409903479,0,2.2565526145961288,5.8524166047135875
9.304907815827306,85.75260110935365,28.942721981151287,70.07022212115919,10.759224258385753,0,15.41846873710072,7.588786045225021
29.290386512207743,80.55621844535148,43.481019871855764,12.938255112473245,3.0001588416504505,1,47.82208905278429,74.40618022218365
17.898240732551514,70.05971246183047,23.694689939243094,73.9170020205577,6.901079912972444,0,13.74144721670768,18.89990428227052
21.877322727666154,82.14842157394372,24.704709396408514,21.03608083746856,3.979348166233768,0,21.9481052309077,38.03021504954443
34.93692694552141,88.36276553080106,43.91156009899133,27.79089409575107,6.772923223186304,1,34.76905514131745,56.97613218345192
17.627173637339517,82.88337929900675,34.31126640693549,56.1707867895406,11.536456388779557,0,15.437610069435081,30.87187074053014
21.494771084245095,93.29107584865085,35.171017299474386,31.198461833350642,11.430149107164926,0,33.57056217592217,49.95633936832779
8.396790028059751,76.37917348306989,29.694570187987367,62.90785650495358,7.736584315105855,0,15.202134043068913,24.065030072192005
10.366362880140313,70.50122596781499,44.11132238021346,58.645635815926525,13.925577655815765,0,24.92228192306159,22.718303994080983
15.499156142908737,95.16040273808218,34.11032695489446,18.65196784106101,3.95676153672411,0,26.191390054896992,18.83193045419791
8.807714983811158,78.96769413631836,41.32614630618093,62.481166367320505,3.6046702667884962,0,22.24649186864571,32.49513816124905
26.309884455399278,84.71576099215537,34.47826030066274,83.9163927859944,9.207096017631505,0,6.950149094169566,10.219004277179128
20.365552347247053,90.96809065777569,35.72905386941386,22.88879241486665,9.319455513251835,1,36.618982834983164,56.583926333931025
23.896210879112637,77.40509625239184,20.164382274978628,57.764961675430996,0.6981005934746098,0,10.740284220740612,13.329101333720981
13.064768390993557,88.76877160715073,20.621754430483662,37.34922975493553,9.116665685803463,0,21.3315945779719,21.266997866939796
16.582028853661868,71.92714664471701,37.40446273516102,46.76893374188832,5.616542360235216,0,27.430789148226566,28.37818521133741
27.250909770729027,76.44751866895965,20.384720120946486,32.96001432631759,11.211637879808386,0,23.199580252267147,24.322698822624893
35.993778985281594,72.19660844795908,29.696952478053607,38.33045090781562,12.121584968179093,0,15.408920391460246,37.91964304308576
9.462086434464066,91.52568619363937,18.727330881734567,12.312945861324582,8.282307293205548,0,25.636459180518603,40.326726736467
33.82114530480271,74.45682782157678,38.59441832831743,88.52413903337765,0.025575472533976296,0,11.756058287231742,9.291073623961182
24.729554838025045,88.8047031067511,13.86754729296915,59.98399376581986,9.54548715249963,0,1.2776634363313395,6.824787784884489
24.35366743591309,95.35565352012392,39.03063239165826,50.056447239510824,11.233219194989015,0,24.578300857586875,36.049653870476234
22.50807752102505,83.30539406299744,31.095543017766065,40.69722796002614,3.7347489934727136,0,22.086467033691385,39.74595118469783
10.012428491221318,83.66084657555994,16.541833718947707,53.14996470592221,6.969690017111832,0,14.883555808286628,25.92510386839862
10.606428700348658,81.36997347483654,28.971238492714136,40.408479897264314,14.485899351176824,0,22.769310658376785,24.198989251261136
25.426448164113495,77.45081415841564,19.887459289656917,38.79263419949386,4.471733300911552,0,15.559336733564033,33.34060191729818
17.88779857163119,81.7939958968226,21.321356715567383,47.11572333776105,3.3472987656261117,0,21.154773608740264,11.512637254004058
34.60077393075274,85.48141843573603,22.30348145589081,32.078642693695265,3.1628218571701523,0,10.421980415961205,29.130440876986103
19.791125583424694,96.59375559294912,12.216173644031233,24.403991997342835,8.382012515309945,0,18.465563580664714,30.977292485742172
12.155162302376592,95.1951722202285,44.50865895404961,54.52847185442348,14.246806519620097,0,17.07953326073808,20.342171539368813
28.726846171559046,93.00243579050053,11.103711984592843,77.42123489202409,9.13035193800532,0,-2.2354808313414036,20.343731702544304
16.507249221789287,93.78478553544089,33.187390561449746,22.226254218071382,4.5498468035649,0,32.549887530350205,50.30879893047761
23.2386389133209,81.56762631546924,22.99296767151007,12.618747248337492,9.57854667101181,0,21.339872259049773,43.277309510095165
28.23715077964993,87.06588548814648,32.61036018313446,29.74493961232289,9.372634463966811,0,20.26310911435069,30.913042811997066
34.10765922486004,93.95693496515021,22.468688858065434,88.37765147630486,8.953877035944814,0,16.63077390321938,7.653427352277383
30.973544649248606,79.39557218474924,33.58127261906006,76.30064589946714,2.39139310332453,0,7.103997282589065,25.161446399990332
27.614470968309,95.8911118720186,35.52324283139263,57.66928428228773,9.518501990174911,0,28.71344064644986,20.387601016921792
27.709362289459165,80.0577958000063,34.169342413987565,84.33991321945088,6.452466787717494,0,10.921686418262217,15.502320541946066
35.431814676930514,85.43139729640325,13.98866934753533,45.62232934697957,0.27888087934550054,0,10.683490262478918,26.516956818406243
16.578898827399545,88.58433668489879,32.991263212913964,88.66244820601392,8.096467307212427,0,12.730829097593832,3.867613632931455
8.032250731689436,95.56716837920222,19.799564230893406,33.704163609542725,14.839001178276265,0,26.471503410306383,30.72504607186214
15.886682222547762,75.09387194751571,11.008047969926674,29.224459961275127,5.2460938626597535,0,11.006346286039154,12.631657390097688
14.318850009175575,89.63779836892063,24.519073516113387,61.04385609176088,14.483388274779873,0,11.395130981885782,13.686974383913103
27.193202968305947,83.10365199817838,25.174008598133035,40.25231743602883,1.4430861249389182,0,24.745657741679135,25.47132994473563
26.37763639320034,75.78815707799859,26.351094667335627,60.10924335810063,10.986751738009593,0,16.582745888372628,25.36184874619257
25.21038009843699,90.52159835409532,34.66884578867507,34.39964146421487,1.71494991994253,0,32.52411960827999,32.13592716997567
8.471059853074157,84.01444612504156,20.80953331998607,59.43346054703929,4.103573603329113,0,15.150288268040146,19.591174512479984
29.134563579068775,87.1682407988406,21.03481795863729,32.05970084680291,8.562612529831865,0,29.940618771023516,24.986413471803576
17.382381962079254,77.36413098875913,12.11932896844412,14.077765505511195,8.891695409651234,0,22.729277826736954,27.92617377405593
27.286623681192303,81.95694460300055,34.03874255973036,82.97087215385467,11.628169758512568,0,13.237165375363592,25.989527228799396
24.140774426562448,85.90327327865394,29.873913198985438,80.65641614987697,9.229671108411589,0,12.348638614608618,7.610184211744807
17.93919683740931,79.74241361382548,22.229878944282582,87.66385194181376,8.90422056570841,0,4.103339630964373,13.586464407474331
11.902711746019126,73.75280365558334,34.681614262107416,67.32217409771238,13.685296304837074,0,21.384590695744617,23.872651719854627
10.738148032153948,95.88757427714381,28.8075212229407,64.61769421882423,6.782411283137358,0,16.203658465138208,17.40855922387879
32.11403166025448,82.83255866123591,26.42357310546889,54.72024560598646,3.3789866804258257,0,20.736612916664225,15.443385794015924
34.63352872036518,89.28369073834331,27.896359028139425,20.075393308201814,2.426828775354454,0,32.64806078972997,30.68400394390929
26.843853356164686,79.92036861312569,32.27218438434698,25.1388248759416,5.9999189521424965,0,30.736718137192653,34.13726550692592
10.999589330954018,78.29882115674577,33.10009116011098,33.1575750938029,10.691291327905436,0,29.1113546730856,35.54664380799743
19.65878928975898,79.80776465554662,20.1135236699251,81.21250900587155,0.6381522739485135,0,0.6413601952184145,13.807678052701252
29.13923680304956,79.86670266978385,14.926017718690364,23.83756196824601,1.9358007976410918,0,17.55997232977227,27.31891102445928
30.614805636291976,83.78122336231665,15.482196341668157,83.82985395903125,1.5917019015545915,0,6.809059248078359,4.124200258212859
11.42834004644157,83.76062622945953,32.378681006605056,51.822858644113374,8.778752295771882,0,27.760638819161088,28.110133583061554
8.00089084651609,82.41746066060328,40.55056500184941,67.24557083784578,3.642969757968994,0,10.39946012202917,30.769554506042432
28.651974330537545,71.9087877626057,24.332369742094315,18.819558934445322,2.493891424520948,0,23.68100145445649,41.58521800585403
18.341289103599962,82.3861888765154,15.933205611531182,31.52268390207287,8.891560796145335,0,18.627900647216975,17.242091477086625
15.379958616929548,72.9040131121989,36.48108744028491,86.68148865451411,11.419648731785689,0,7.839724813384834,15.241534034162115
8.374026623896238,71.6579378025772,39.137131604680704,31.29199575437851,4.982323746789966,0,26.068368855118383,49.55730878249246
23.66868279608349,95.04672580289386,40.82038550923383,33.72173763129169,8.673069085148942,0,32.66827083419843,31.790696576983947
32.68337132735347,85.54355038128342,31.23910001198066,25.807790787286358,1.4718661979919028,0,35.78409261566159,38.94053392541657
35.77131774190505,87.12521168561294,40.12549957858296,20.325893224546363,14.02786545686355,1,33.80586404031687,59.74903443075376
24.40660356778539,79.65201643966755,10.53952354569427,28.660611316319837,5.053442779721593,0,15.8191976330427,20.89274047133235
22.91937850445693,94.36044586553106,13.753253061933323,61.38615135606387,14.962585397602519,0,10.777182833099442,24.832969852037948
10.466635179187993,86.4999841978103,13.240162346823457,46.42941868028508,14.678816337746731,0,16.59232543032741,19.630180598055162
23.917311244735394,90.30592621618403,34.94116394891566,54.30046690703189,11.682351740037172,0,22.776078617693457,39.82252711014683
19.019393289996444,78.6883116018037,12.435362424025266,19.789186301281944,0.30100643110450076,0,29.087938071308628,29.584933370613257
25.606923145623732,95.84034454375464,27.372753036320745,74.16931577303201,8.152123805765449,0,11.580114752879739,19.97771673780376
19.273064088419854,91.79337741459113,26.54474145227012,72.72757604638784,1.3025463066001723,0,18.014061864179194,12.795263890318072
14.968674580060636,92.76450542742177,20.874623324538433,11.727192891414031,13.427070389422742,0,23.687315443115164,33.871241111073175
10.753992981622918,72.99363375534688,40.46418094797349,40.6812075608244,11.844543789711043,0,28.317642938683676,40.871458256196355
17.132634893077977,75.85793302826536,15.96516206579986,15.501648157691825,14.585105648935244,0,17.268511206598127,36.37232017983832
10.802700194344816,76.28317139082374,22.336197453973394,73.36846235319665,9.12574429724693,0,13.661882223772677,18.24024299724835
13.130011573895533,75.85636747415927,37.09600250080252,68.98157465005636,7.83259206726507,0,17.25131454217847,27.301719649141
36.63274859880683,92.80683670102435,11.06478100376495,82.15904754345249,7.7846078391658144,0,2.6737815514462198,-5.579696904150625
20.87900315029194,68.92465906104917,33.553264008622904,28.91231671624917,5.7967256168151735,0,26.536093833011332,32.92245098168716
23.42428122864548,70.20689968044246,38.57392042265497,46.50367065022391,7.030351008437115,0,28.268001524555388,40.49248419654429
33.334937333379244,75.9435312482672,42.629374359335856,24.75903017315182,9.531188747030255,1,45.87414799700114,46.96475498851741
36.87149811422995,73.79631626483386,40.67038241720197,39.69879475792956,13.994214113344157,0,23.45229563136609,40.57096223768859
24.898719030995764,74.7239288026026,21.17844408917898,51.779460125350724,8.938265073840466,0,10.371546844069222,21.212121709882826
31.561740810280977,91.1403524883457,30.52274494630334,14.266463187087117,12.856739134760508,0,30.842589865318775,48.55413476525367
17.481289705763583,84.33067122286936,12.705272260266305,67.18963285419082,12.94169866953751,0,9.493616060909195,13.663658516978735
16.866574765971443,68.16734917749608,19.025450124180303,53.46346882968602,7.782490137723888,0,22.78816217875358,15.382020584674535
19.678407908842246,80.45036020542166,13.29778325616276,76.31672137685386,5.212044622464324,0,5.268829498353867,2.486531134844464
27.502710617535826,79.82866287866041,21.031555155388734,31.742440095295777,9.593608099981216,0,26.03070256154833,26.262472744136492
27.783558988397864,71.30441281389176,40.631552471055514,82.26568842154036,6.688160128722641,0,7.571815035244805,25.533097445611556
17.141943604834076,87.60811186944225,22.15083938860024,89.89554024243547,1.2216130098289935,0,14.171536868739391,-8.783208220700761
11.863087799962232,88.36081846300524,29.666433605049924,83.54387507021396,5.6671365064865045,0,12.798485337106737,15.4839662454438
26.33949143749975,88.90590335251083,25.16832968402293,72.23139806665233,14.911082070739873,0,10.666722866221864,10.027196473161252
11.721450003474171,89.12565742119916,26.062078350455735,74.98950422990247,0.7276780503943081,0,9.710707668967501,16.97729240296325
24.776282738650572,68.0015319810366,43.93502181427954,55.89953940356692,10.4500036785139,0,19.6616500967747,36.412681832664525
28.10924171363296,95.66370331155494,20.365406389235027,25.21230903300884,12.617830576068707,0,18.51257650611401,20.49803413983667
28.3177333954391,91.61205424458522,31.956356433310997,64.16325481181738,9.730888552130681,0,26.28137993377736,21.920446946255222
29.850691209128307,94.21546920108928,24.70219343528065,67.02024016479453,8.54622346744935,0,7.300002476771905,19.102212492852303
33.312923225404276,68.45365556391559,12.140116336669017,88.83081122143246,10.613316254681363,0,-5.620523987426953,2.3673959803544626
22.498810766978863,95.08190507778644,27.126579106848258,53.304105300505746,6.4401410594948345,0,14.060955532894507,24.0988986720949
29.177226496357566,91.48386733195504,38.467016516578795,31.70952120200451,1.3704260596331514,0,23.72974813288168,31.85018879044739
25.956009325609266,92.27935514580226,13.456353903859092,64.69380173916053,14.435576314550726,0,7.396569304408939,4.715895432125446
13.412558254132794,70.70533415693708,12.435714658870815,88.35006557331637,6.484511549762941,0,5.157390220766689,-7.524928693281009
8.744999701212837,89.42456283863933,15.377103213764332,24.17711266152752,9.980838557520263,0,17.38295617706374,33.43373585952587
16.25170018463108,95.83758399962063,36.75400389862571,36.079833482848215,7.969656553339429,0,20.686430505654286,36.81147305338993
20.847977483790963,87.67787290112666,35.33983844506583,53.35047630181449,0.8200960796633183,0,23.124082897061836,29.501439871264708
25.896072388431033,84.5462807341136,29.77562191171387,23.617170790560387,14.291199014888077,0,27.523788030289754,26.48005072388991
32.648820584592954,95.4232606547209,26.387924143242135,11.777651161595069,11.88805839171485,0,34.674289473550665,40.886474440478814
13.691125784478803,80.84517653029864,41.091403514591775,36.95864979530005,2.236468417040924,0,27.18556532219452,44.30684169451383
11.640943907055835,85.37951342300389,36.834423834171886,79.22966412008465,14.724733144324002,0,13.347528782927174,7.515911630449315
35.9409184767555,81.81381051133661,38.41797879556319,13.477471945897186,11.053520582575619,1,44.41809599129609,58.91195468776424
11.133292221915806,95.05254041944868,38.4641805472729,44.3143247213534,7.084824756424633,0,26.382813409997844,24.360334519008735
21.876241033108485,70.20645707619971,32.49510041609453,70.9760618340866,9.170550848393598,0,12.99192327103334,18.164660992912864
24.981348135005753,82.5324713239351,26.030511851058105,86.25460775287083,1.6010502302189629,0,4.365653059437763,4.809520726490066
23.69985820631571,87.9216208001777,40.26372134049777,88.83803192035458,8.406172650234165,0,4.228562669733302,21.28938187164805
10.494932553955353,90.96528961424487,42.41025961611378,43.757550448699334,1.104916080255891,0,25.250928627846502,39.12781253417327
9.653780506104962,84.90754077587995,10.833211514042006,86.0307435503294,8.172828856789529,0,3.1834990323309436,11.128160327731749
11.059019396370035,94.35861457952217,11.804420564318796,12.8335178624691,8.290435331441781,0,26.3033825202631,31.570700248500184
24.982042832305762,95.31775195963228,43.556015391795306,69.67335503988451,13.11658177741116,0,18.5204360659758,30.633681833853295
23.78600174139531,69.86525747261392,19.700621484546815,61.419682770689036,10.87586250408441,0,17.921835901975506,13.348547410913127
14.778482969065584,79.66874564669986,40.56793038772965,29.961748606892186,3.743285883226801,1,41.1519202532954,49.63460623128087
26.495450113522153,68.68031162991348,23.607829163649093,50.585480054371914,13.326392132817853,0,9.939038706433234,29.77384251927129
31.781957559613833,77.55308306385885,14.168502016327446,20.36429902083965,8.598639972720086,0,12.713041019640547,39.05816697629017
9.205789835551219,83.56917832114746,12.8155120073267,79.72777207612488,9.095692178610506,0,8.580713993924519,10.737788268613834
22.44576836289323,94.41305298478852,15.477776467815977,38.631846843651836,2.534720538332675,0,14.284315554507069,24.752524005135577
27.99000195097802,92.55007535149669,18.746261820357766,60.08355763725732,12.86660393953671,0,5.277741003638793,10.395679155914792
15.317045885020924,71.69749207348758,27.098142387578918,22.702102902980982,13.96447672524816,0,15.442059465717492,45.16944148534357
16.925356253501324,70.69788086748598,34.552426519802424,26.493187570496566,11.624859742423622,0,27.34967643437653,44.19074609314191
25.79549918669213,85.08875282394334,44.5239501769855,89.35650966425216,14.111286789675093,0,17.478776484198907,35.14591650579655
34.040123509868366,83.4314212013047,25.452736015120987,70.24691155530634,4.534498561835188,0,8.16383882073757,9.091909335270705
31.487808188784083,75.72495160147069,28.136472982008844,86.95774958192567,12.916787525441567,0,2.7146858157573632,18.136749465166695
24.910776353887922,94.08413945206122,28.26354954841395,33.66809321696353,7.333397142956138,0,21.28446796608428,37.33463797638654
29.176429814960226,94.89362587438505,28.880202442077763,23.16503012958563,2.4587580441537735,0,33.70655227788747,35.667919011676005
18.579851636026163,79.67573171186471,28.12092299865618,50.24547707830648,10.032008985501017,0,12.021910287460198,36.321207129292844
26.588000314863976,93.81877415629208,10.307116427167124,49.573462578187474,10.261804060588183,0,7.073014288014734,19.171300863997118
21.519266142699152,79.1345179336262,10.060368773844425,23.99572110063903,4.303867706350352,0,23.885256754818457,19.87968162481946
13.508147957269266,89.3676881230613,13.418321134414303,68.65756556651282,0.4123999744135509,0,8.582772344372074,9.75959334012259
28.350409942440457,81.802324308884,13.554481120021258,38.94220275509873,2.99770888628345,0,15.990218802375793,15.913795920251474
24.137474483115838,71.55491153870831,34.67139181341786,24.90921847444138,5.996663215108301,0,26.62069968729528,37.55953769057557
18.40002587665415,94.91009183587363,17.17206113805999,36.55867156346307,2.513443665898028,0,17.77095317249321,30.606551132228894
34.42883651228029,81.16880120794856,41.314993666446455,55.09269597080121,2.9104492235940627,0,21.440542699716364,39.6768361281869
8.607089416975265,89.3001241693497,42.50122153519568,68.11767457443545,5.870859965734043,0,16.51837773991345,29.802149427868777
17.157421386235384,78.64804061850748,44.15626682635646,48.551270884598765,14.426799214628407,0,22.1124647712899,31.822727605847636
9.64956053555175,68.5475454787108,42.86784567104571,52.04759918626988,11.463652731114726,0,29.74012106150438,37.57292667088698
30.22929217042719,70.91538040206324,19.51609126714836,21.11567487541987,4.796226018398462,0,23.121312509867543,38.327182275824526
28.361116169299986,82.3903649052078,27.842189564622938,83.17527397665857,14.274061033778223,0,10.54108130832738,-0.3695780685676944
17.609214343353194,88.0089663566645,16.140923956892934,84.29793583936356,9.68470188388099,0,3.539447155644419,6.78073146360675
27.59422416400512,77.7073244707991,38.21733793103516,64.67412723344029,6.831744669602102,0,21.91102493452729,25.729423276449662
19.482179559682546,88.16916531615186,41.095109680043365,11.410512714721976,7.024502984327206,1,45.85080707567563,71.76883951000424
29.931359951250595,88.26043209352673,39.79510937541302,52.96593727226608,6.161167017530878,0,21.599486250753817,35.390514870371874
21.171326219364474,88.4141413125071,25.16784320438922,60.33751776708908,3.4948807881890955,0,10.406264625112273,24.356160726107397
19.9561121071183,82.28313376659474,36.55358596403734,89.5723378366488,5.799482883205585,0,4.335245963988464,12.729839679096147
35.10716754916073,94.53169835352361,13.415270935169431,89.68535641558374,7.918445760650888,0,-5.80813731020499,2.1865820147952175
15.275493896830307,82.18669902143785,11.408566971673775,78.6088988260446,7.920410260953315,0,0.29452523252240215,12.00737544121364
11.492972859900398,81.0576906114025,36.36327450080663,15.106479362089082,11.426053533187769,1,35.6344960195992,60.32121482485641
24.951750284524287,73.78204375130818,24.88743460150393,86.26211126229839,5.381967857360289,0,-0.346345598617706,11.650303146104022
36.11033255624119,76.92199753333375,44.84422426588492,59.012899772159926,10.751970439559287,0,29.928941664470372,22.549673561572526
18.95733719808841,69.2277002830308,13.403897554943633,74.07094163833436,8.671377581530269,0,5.601563710240471,7.934181623341922
9.799066145234665,86.37252351486893,39.94696885373318,42.57542797486828,14.427681067902517,0,24.941672393388505,22.85401034554983
17.839852751977457,75.20753657388569,26.79940729351471,35.57355769876718,5.7792738905097405,0,34.08550863165001,28.237207211094162
22.672017975267195,76.8205023800785,38.950256842635696,47.05953163870464,13.518246963911855,0,17.11602033614131,34.99095035418786
12.695767192334198,90.35362112826532,38.59945487595507,21.749961037506154,12.309638209474342,1,47.6527955090348,64.82890407196257
27.08496432363827,77.48941431168217,42.059720047672705,38.56529110026449,9.564964268841853,0,28.902942279859925,32.815595984333996
36.93473228129582,75.02368086838112,20.424750395013596,78.60939998146229,9.817717001131758,0,10.55479031763217,13.426879248713956
21.10044480346187,72.90267472487747,43.242977371170106,13.036038900870519,1.2697490190961602,1,48.255445601677934,76.01082469288875
18.28712814517617,90.47089366327673,15.30834361251671,22.07024374596836,14.253369083901486,0,11.671873371241556,25.871701609113323
19.620420838199532,71.76148148171077,12.868907215772168,20.00929277195884,1.6040409524361587,0,20.908968114092573,18.88825676862116
11.339239173460832,81.15885904726025,25.10654310803222,42.246043416018246,8.448499631152606,0,21.557237802408622,30.194388197811655
33.61493444136049,82.70097336623864,38.991303902464495,89.75895207126894,4.951062006737318,0,1.608039837229498,9.147222467217066
20.02994401011921,87.93430746788573,26.569739572170597,23.868634416910616,6.447779674347776,0,35.8445209300216,30.66139996222347
19.230957931320397,86.36522098765687,39.02503371356799,21.63861196794081,9.152745162552256,1,44.57697123726562,66.22293403288187
27.131017914983754,91.51089951541007,35.53903820280068,83.20445838209235,13.632770668234825,0,16.168120287455114,31.179934496480225
20.81896920700258,69.29779158386091,17.329993514862675,80.56404135727726,6.863506853584521,0,-1.331862597633397,1.1675487516163008
26.798770595427534,76.59678101860251,43.210856871481234,12.579229599724355,14.815943329596617,1,51.284747166551405,60.732884102891106
9.781942413792837,76.12388944448601,12.12734090202912,70.1364768143452,8.892180980272496,0,10.470249704526278,6.142731078617658
31.597976967944597,72.23449026217114,41.439789764032824,62.43725611811436,2.4083091396326175,0,23.256559187271332,26.05431503649596
35.27461463350268,76.38616936183685,20.65552071466309,71.41926478821672,2.8501394224687844,0,8.855123128262706,27.35865411019541
26.81419619862219,76.9831941101442,27.505182910753977,49.56019638367377,10.741665533838766,0,14.41659191578277,22.965056385168367
35.68241193690551,83.13464939589687,24.78231554452571,89.31033747586365,0.7559669136507263,0,4.517021940587136,6.430990934687056
12.391537116728935,87.24742988886143,16.014209492092064,13.507761496877055,7.205123643333403,0,21.394628725686513,45.518663408728194
21.845069494930257,79.05191489474261,22.53514032405926,28.74972691230446,2.223286647052749,0,25.50263027530171,36.05792761028888
25.45239528441797,88.86463670808806,16.752705270247834,41.723678957889206,6.498279527667675,0,11.609869322170141,30.263446209637728
24.870362775214414,77.74879481880782,17.136026641118335,45.982235325256255,11.248761331075793,0,17.596596330500077,15.545931743411758
19.642391593582254,76.41822664212805,16.54698926092331,83.70939221596149,6.882193923621513,0,-1.0342508479750716,2.7331788879392365
17.80444787162158,83.6944536198537,27.1156083121308,54.800349126180706,2.4517666347139047,0,15.8059366474111,17.071196833053474
11.677896653962145,68.68777444886793,37.92759786289604,13.60887964163151,3.7788805553496365,1,47.96135702402266,67.92183768333574
19.360531066306066,70.313884585386,29.913951181643434,42.629037074052945,5.513093829782736,0,18.64928086867561,39.47345833384899
12.71716363805907,80.12111676400929,41.26223059927946,43.319232989525595,1.0434177522962207,0,30.88802784767006,33.23122457948685
29.296604618274333,95.34446863036094,32.27905710018535,87.23927507502279,8.765064541216828,0,12.732716815942684,11.922034969772156
14.056097129343108,88.92384161545928,34.12690404714115,57.935767281688655,9.113006869170754,0,18.32796847217926,25.05840506033862
9.698393853251481,70.55567051551617,33.36625304044511,60.85208569271511,0.9322789069885118,0,24.236416819186974,14.848349594233785
24.018617996699795,92.54322237064534,25.73107176143094,67.06024250010167,6.03466981761243,0,13.136384840570543,13.897791512500325
25.261662248862645,89.23672234763725,34.126858777002894,71.60314525456985,6.210010243270874,0,21.093868445057243,27.247720667718994
33.28547877713466,85.71744924537694,12.43977112641364,60.80408561619913,5.007293528289018,0,16.945984502732973,7.014298898252871
24.732466760112775,91.78849585766613,40.09480151704821,28.975548090714838,8.366096104966678,1,40.1482312228031,58.117534709377914
18.018944757979924,79.71918558454576,37.22342502053711,79.92367314729313,5.189362350901677,0,17.859385486217597,11.208452932155916
31.287344564263297,74.42353047476173,18.58304853810876,68.56958403285041,6.246139192167091,0,5.532809432584876,12.713989131823016
23.66808790243521,82.84867828415402,36.88113589889288,69.34963880775646,11.962853211624084,0,12.471604259578509,20.445577934131087
10.299128254304561,83.91641091221074,10.442491049000648,89.72453913877993,2.4316403314530217,0,-2.6734145040657955,-8.176021412597958
24.409666249084154,83.61146478828745,17.603630036830815,74.20212278906527,9.286720429551313,0,-0.27182321705148826,16.414031579558156
34.332537817228214,84.38713995292305,12.279803353481357,76.33211225241226,7.583916025362684,0,-1.4477708972195495,12.76142863953104
19.493066139448395,95.51244262893624,37.307942081626315,86.11244125681267,4.576074562190236,0,15.777401660374698,11.153017760598894
16.593448255094202,94.16512306979071,36.455595291243554,22.09071998791151,10.91301984735616,1,39.032336572004134,56.52378493022544
12.160614253522581,93.39579406020924,38.47726083306407,49.818190118245425,8.267825393117219,0,27.845743816667714,33.46931123404742
12.391920136125362,91.24108751635019,10.156859266393509,56.445361887263005,7.16042290441043,0,9.641880757105291,0.8126382950359563
20.55037304591275,95.35941511069328,27.54314543374428,36.34205833779661,10.015039721568002,0,32.12472552562874,22.209414840369696
25.274714900684355,70.8563446087027,34.66926691310678,77.15226751156044,12.034354619720412,0,16.81063963096549,28.944644197807357
10.337846749918452,75.68857458192645,15.43903950586554,70.99356973165787,14.590031850503642,0,11.99253918483198,3.410107535338179
35.24748908172981,82.35662242398297,32.74267546294186,67.67064596064992,9.440255525645602,0,18.079567258913688,31.384628651267015
29.89887490591068,92.54950030057876,12.943853475839,89.77195518065335,13.116599781005744,0,1.097307689113857,-7.560365707441255
25.012093630226218,82.64980563415924,16.34640496365096,30.75050987267124,0.01637311534435415,0,24.77171473059068,32.119433469104905
32.02472145723073,89.69300744090607,26.652888524811036,68.83658013403371,7.953535390888368,0,16.01945755152173,16.27797930870079
10.325415947551285,72.02983725221857,32.87478034383857,54.11235799247205,3.2197132315529715,0,21.254000838964817,26.884561125233756
21.82832745426061,75.32000057632024,15.105419443386364,35.039134599510085,1.4128868562470576,0,18.069242671488748,38.039149220965534
26.27270067898824,89.2215067560925,16.482816579082826,22.846949657850068,7.979565255965881,0,24.078469951338473,21.971603644078893
32.03093427743039,72.777286257744,17.155622847298204,81.67070696540377,11.20239759223641,0,0.7197317367285465,11.788678296044914
30.720617241428762,78.18932210499287,18.35452816446425,57.63643861662763,6.184087837115696,0,8.317335166550343,21.832569096932247
16.035008241688587,75.68112147659357,17.929384698420193,75.99470701126357,10.051611740166523,0,13.293309907695686,33.841761738711334
35.285524917216925,78.14598913245187,23.830218797417288,53.627598720123586,7.345788807614249,0,25.14889810197156,15.307176048777734
11.60602940149524,88.54139742326115,32.882637779285304,27.598166452321564,6.55628798939139,0,23.517456661895352,34.3084225321185
33.37887494001341,78.66756825314123,25.33111240970644,37.00390504802602,4.35384960653791,0,18.21941252824689,36.10856142744133
36.15726723853393,84.10263635563027,37.15908680624608,40.52310739788372,5.738902717515068,0,32.13522528127865,34.68436211018112
13.137452173456142,70.89802443457788,35.17439770820152,87.83478500029618,5.246934461916418,0,13.904363319723892,12.72936792768019
28.939915861909775,91.34551310380421,14.428441991717648,10.4506622705106,9.692807760223223,0,27.461162841310255,41.179380705088505
9.168280044561955,78.72677014379562,11.709456816226037,88.85328184196057,1.7402776691870931,0,3.681750329790135,-0.38161770117464844
19.757261929035494,86.80749061196693,40.72795473998622,88.43693080878646,1.38954553031709,0,12.629237318636793,12.818987027807225
22.972215676732546,89.03629844819315,12.79408732970057,89.69206324241092,9.900194913126906,0,1.1392743170779418,6.88309818418984
24.838711551379387,74.08016674123931,15.191871325189958,48.127054313570774,8.19447104818321,0,14.418780122014207,22.49131712588069
35.14218019920823,93.65557456364715,10.774664644534132,87.10471756967996,6.453001451139864,0,-5.036540949864225,-0.5670144103933397
27.495269931531645,85.87050329660164,31.99177278545288,41.64793454798619,2.286643266118553,0,25.0769607444091,30.013779220757097
21.957060585357873,80.43302911079296,30.3829697105422,12.103555253470937,6.165406678039672,0,37.74897175997816,36.98401349035301
31.48057605171079,73.28772032376837,44.541628325233944,27.947774909741163,11.845976449800174,1,42.21581549547781,65.62154501705129
35.56545180767786,95.326727199135,41.04263387110102,85.62369959499077,13.344318536838855,0,15.59705330075795,17.855345763883676
8.639918311786435,89.89697791981713,24.37951121183184,11.101175466831998,10.538648549463302,0,29.8929475459206,34.79831521535061
36.49311689542512,74.03271231926422,23.005504431938725,53.679530833838,0.8986826382132124,0,13.97557021364161,13.332604155285054
10.49783203284673,77.7936124670025,20.389821199799478,16.048127111574324,10.056146649016778,0,28.76497865489923,38.55972238061181
31.61721659879408,91.48055348455412,15.334242201325848,32.91172627420628,3.6147838431944184,0,14.3932750621261,22.475773958722016
16.129707823990962,88.17465223324483,14.832927981070316,17.047428056950935,4.728768645396076,0,28.965463166929545,17.992058367938316
11.833210074862281,90.207744488756,14.629929780336191,78.76228968904451,2.938098119399768,0,6.81730579161597,-1.1498395349244195
20.755813551701213,80.79483196417505,13.99401650153725,57.28565677181646,11.63633685930307,0,5.1274682158592135,13.846968642582887
26.674740803980793,88.77781161662284,18.41792148419379,82.16851725746503,9.729031839559186,0,13.048453989288655,6.744582333110085
19.047603505680776,79.2083179630535,20.733402060959072,65.06825596321826,9.177525818987712,0,11.686731547822035,14.707943098693578
9.58239684019827,74.1266245912077,43.65526398636206,87.68233049960797,10.019589145039141,0,11.908195257123378,18.44093341100112
25.38437305010278,86.34763401039945,30.246563785066,50.79021238083253,3.551583921058551,0,25.4089908032392,17.500877259551707
34.16969500720957,96.30440384236503,44.56585210796484,61.09684654102996,6.669666214880424,0,26.42722968891356,26.17893297932356
19.1132456124703,77.00742817046456,23.036343173898565,56.10470559112453,9.498805823234838,0,5.826961388441735,29.666362573278032
14.273650551293983,81.36811817416365,26.016932140630438,48.74083435572902,9.548910414274506,0,15.757914177377248,33.36742243005811
20.834743032051648,87.54603976102575,21.360253070784772,77.67674923384101,11.877777941326958,0,8.772588451347803,15.791114625342813
9.402518620414645,83.70368218155215,16.401067781379343,61.56201085362881,4.306559500321658,0,-1.0659027536122654,18.642354555660756
31.79413994992797,92.45940607556243,15.010764772215271,74.10498118843782,11.555041825452337,0,5.699238456513258,15.697757744412476
31.963883517555416,90.09053848761596,43.07777192327411,72.90911492819305,6.6027672092540355,0,20.45604834670544,18.83745402024255
25.052013439459223,69.69061891200836,44.538373862956455,25.283612852423623,10.052590380884022,1,38.76664366387203,61.84007774410307
18.239983779213297,96.95421578378945,11.571832377805604,62.0130826014115,6.8357907009793015,0,8.535215839779173,4.295996331590036
31.193717568927717,89.81967115786455,15.262105615611828,25.97184153450673,14.22915254686415,0,19.876819543079062,21.048125467207495
24.08592371886265,93.05319617252928,24.82334323053579,56.66563825950167,2.689533971124667,0,9.455509607992319,24.80420519874939
31.95203694795047,86.88473365076504,16.521671672054257,64.19477475570403,10.125076328735357,0,13.600206143630043,20.86234617490207
26.3123049849076,92.83226871335611,22.735813776940915,89.77880572700695,8.648025011522384,0,8.623534144207397,6.3730220344039985
30.74775872317112,71.25910627293257,14.518372245087168,12.443358251979069,2.590965614216169,0,22.077493212688054,45.276683071727184
25.358326803315038,78.08439723122015,25.97791148526266,17.299391529097676,0.9900950371750189,0,26.806231666942914,40.14948056883728
20.01009097825432,93.4162073645303,19.509311565924072,16.162135709698518,11.987165834574954,0,28.53733475802921,29.80323392875945
35.78042993785799,73.84800112673987,22.316676951553127,41.868902901339204,2.3617700046939776,0,17.59435188981577,19.03534514728049
23.6923009214865,70.26902085882065,13.300942801196165,75.7270689188651,2.7976002417866397,0,-5.7221902776622215,14.816658502464668
25.547596037675614,90.85544925841135,24.98448177485496,77.52450662297085,14.67651335983559,0,11.66957168753586,14.880100225903336
14.394141543027729,92.22909851365559,44.414016383654946,68.95836765769214,10.758912772149461,0,17.453201290827288,33.79739441430249
26.143872893391016,72.71691432750711,21.50915664084166,81.75025934639581,3.757302624018337,0,4.28028524441412,-8.400352577226023
24.576621835005373,92.77603350069874,40.67502461948523,35.8287955335562,8.864234402274018,0,36.87822648943313,41.78620079869722
13.360313540463723,87.91626607231791,39.51196995682898,17.05237154018393,8.0116775760377,1,43.97038114631532,58.30381403855015
9.728025823241168,83.08239781328093,43.322044640402375,14.65224223918801,12.667099012707713,1,47.274024327814146,55.37601313714818
25.526420271728362,92.07725559066017,37.65383292934831,78.1706175695509,10.939811217489366,0,17.924067571126873,20.885276329149644
30.147075811159297,80.15822823025,33.08588894705852,68.4349035482953,12.475816882397787,0,18.539143128410835,30.120266684498176
23.17863975673824,73.62582473047851,39.980455547961014,65.88922448088967,3.1725988196604367,0,15.62747159282469,43.496181541358766
14.576406134269725,76.2607276217078,12.647563823007237,37.1741070836535,9.603288065505078,0,14.870057208735696,24.41396231160051
27.329137324098014,82.64975653050612,26.199073001958272,40.3924150894581,0.6036128762757048,0,21.162574613770843,24.598451635661064
10.323066071678465,83.4085929875221,44.62396835152706,86.64908231194553,1.0341091841883014,0,17.677393965324,16.728230190508754
20.813177439256684,91.36184396679577,36.936005295315624,15.104379527834801,10.70290549056896,1,45.38279849389046,67.86177790051185
12.737635993554186,90.9492289859177,43.672638231302805,71.89853895502341,0.3663015396589703,0,33.20396357303167,20.466048522702067
13.349312480736618,84.85963015893267,37.287202464671765,34.77066589667145,8.696475133507638,0,22.33310261039822,42.821046776828815
13.866524525587906,90.64277901759881,40.62086886047504,13.124369473004487,12.606076476667951,1,51.27358168932596,66.17854185680055
19.21450465427536,73.56143029051645,34.728537130611684,69.40560885939648,5.6991271262704295,0,22.459464936652193,24.356588477788566
9.483355962991531,69.45187128570554,36.61757015460339,36.47295085426997,0.6726065525986918,0,29.83081969063834,26.4045316218885
19.536009786943847,93.3353808564063,28.311230344382523,67.77180149942373,10.707711744430902,0,10.572497747998767,17.379310191275742
22.839515966326324,70.19108031912032,42.34831952849465,66.61235064944961,13.945296786962263,0,29.51379472075057,18.556946917813654
22.01553426402343,75.15396446257593,38.87636187181766,52.782950034649204,10.757570880874018,0,12.643381601813083,28.09490530001355
19.100738911688175,88.16424953910715,39.53597379829713,72.1898503368439,8.676708645041629,0,14.694698312006265,31.265614774884302
32.33525163405182,79.87399019119196,33.55531853370683,56.48306593369948,3.4504324481859006,0,25.691150472857633,36.157370070233256
12.21447408019462,93.41310512754976,20.660298148053716,32.93094822786085,0.2306343606674549,0,18.60030658855601,30.721440144124088
22.665205569659847,76.64141404520582,11.247042838654878,68.72922408515352,10.420081627185798,0,12.987076817782313,5.264152482093623
9.799201091740075,68.34426905341142,42.74792952933406,57.131185270217884,3.4653926376643946,0,16.675585460209664,43.91297893603621
10.063514687459381,76.71901357626157,30.51421220819239,11.018182535193644,12.872440157735362,0,26.391141873798063,39.81611987454471
24.642109640635795,84.76417642636012,20.43500399018491,82.13153422162475,6.995461782489169,0,2.9198508779701586,1.4585832627980118
24.414534321746807,78.90221288669551,15.219728774663823,53.651489465945076,7.959533735586843,0,13.601413935231031,22.546622253837743
33.46297187248925,83.5113099170039,39.033310792526414,79.49018123836254,11.3090481639955,0,14.559500272854327,24.82805227815878
24.178336594142124,93.42134544621554,39.27820680566526,80.61894711857957,11.691459117050147,0,13.001423004446657,17.52131385948644
35.83393959174066,94.46206657268068,38.5077788845686,45.59733253880708,9.639762496208522,0,32.6766718361348,35.5673109222053
9.412150603597963,75.71324787496926,32.577894218837514,50.61279971609848,14.076477231191145,0,28.67233207153497,32.396736566825524
10.842222858641492,81.40207372482712,22.810538565715657,43.260351014048155,14.73447654480629,0,16.35526515010561,27.807934621172844
9.277909985541061,83.92517644200208,20.642459967308994,45.95494202464364,14.203281665619253,0,7.985908339613095,27.21607185528
13.373028659672661,95.52426124975916,10.299416954135957,81.61177271773822,12.362687780159153,0,-10.121242484190386,-0.0050629455335333695
23.696833217308665,96.95990225576716,39.17626455408841,73.05152111743288,10.584378303663772,0,18.869126515716125,27.968865595157084
26.721593261395412,74.82681021640427,13.060144412277486,20.12205410524624,9.949887868225012,0,23.773234085658864,29.91016986835097
9.321969580511395,89.08241626902864,32.07642493142687,58.82462252320767,1.5562526538080084,0,18.70581463664386,22.413332298818577
35.433155805522375,78.96290080476265,27.642623139403092,89.67253123090738,4.072265202286688,0,6.565011665025544,8.995368055645978
32.42279592286105,68.23513770970018,28.43412756242229,57.64405609859886,0.08532335294065552,0,12.901133878161076,23.3175412465429
16.6017619825557,68.26832315064117,42.43494958577207,72.86973004744844,2.061148053509878,0,22.631454748220698,16.195429373054907
10.23843837656757,81.35641421930542,11.106525394493474,71.52491787049368,6.588442157537825,0,12.486714230593185,3.5973333625091133
12.92672512335266,82.1617124771257,37.06872786200703,38.02540206978628,2.1980482618361004,0,16.042354923389848,37.485414498439205
11.681387998894207,68.65452120062983,11.821833942855749,39.74794421631671,13.524951220151369,0,13.599027762594284,11.736985431464795
11.57522959966946,87.92089508645478,11.335376207738202,67.92611374323226,12.08548778002923,0,0.43811223383142117,5.2913145946479485
23.038288971306287,76.52609826925364,25.04361943494837,49.99868252838681,1.0741786813427734,0,10.069874988688884,41.7192134982174
15.129575832308609,84.23689994454253,12.207631102003836,55.64565673043104,3.733705732008991,0,3.760239177950525,7.161507415281525
18.386051779345188,76.72665312179714,37.620038295251916,67.03246322918702,12.286078269172632,0,20.598644457291876,23.072340296923336
36.69565466814535,72.8468951312099,28.534708277691802,72.20600216312403,12.045691898398102,0,14.630364477864527,12.402403151664352
27.845113218835,79.80803841936738,11.016357393092106,31.721326218645707,14.181758251766832,0,23.293219636826343,23.103193920723623
35.52043934436304,74.73592757892452,11.417524026867182,21.743500754957033,14.963216424260404,0,19.22961952267379,22.44868571219264
12.134140095960351,83.50922833065587,31.443398540881777,33.34357173789802,14.644050948616828,0,16.92751959972359,33.82590856632283
19.08204477014451,73.76602737830792,38.213913618044174,50.60306600736604,6.152069785821622,0,22.735189294932418,27.657292521830833
24.087222295188273,82.74377332269418,25.322983594617074,37.37130538376313,3.7549266570304836,0,14.518204821100678,37.63116271785377
10.225983794773402,72.56397693119716,29.410323503746856,55.4690207078075,11.376152856405938,0,12.030476107421153,26.03004508316194
8.121435865210778,87.45826657508776,37.994030891746554,14.277257930050276,4.489093391160462,1,47.61663335889067,55.06470676428528
27.442595680110607,89.8641928488013,31.36771609146367,50.78003292910138,12.096005401969947,0,21.420752694973526,34.3941921500665
26.612765987241623,71.20143279324807,17.86660831805868,39.43879255501663,8.009320955968866,0,20.039494369701004,18.236581656617766
19.912875489988743,81.56626994908284,31.45682090543175,52.773340391430594,11.908909128524309,0,18.10894409892806,16.816195064305255
22.199678204928947,70.05527931899134,31.989781067282475,43.802668390798146,4.138198195755157,0,26.80673783352858,31.651503872020573
20.047847017170596,85.34729092071807,35.693744330839436,32.738068051003395,7.620409733307313,0,25.95843725866814,51.67187034848216
8.696146300501777,75.66772463995972,31.730596564488042,82.32863243661086,8.46035690403273,0,16.750122714971997,3.3132560616372704
17.72577658030641,83.30110924832253,43.92347456603133,24.781199073708553,14.146621015801982,1,46.25057225826081,52.1246896591517
13.135385406521404,83.00636927214444,16.905090805097398,64.50924604644477,3.9989636524562595,0,8.064787236192181,19.60703570660644
10.854301483939693,94.80627603962022,43.28817378484767,83.97157700659312,14.05032358927342,0,17.513079011326383,17.88802367098763
35.744892582791145,83.92341345449296,28.84188216225057,53.093596774834644,12.072883731985739,0,18.403558543800305,30.351330558142287
25.381432026222804,84.90695591183115,33.51846491732192,80.11267908635857,10.96341081130043,0,20.705961309318006,12.203584967256095
29.131032242861476,79.64794064716703,13.481155910826645,19.98811827466275,11.803054037776878,0,21.971330585908444,31.087181478495122
17.145548554717408,95.52330849230168,23.320157948233746,49.50310162051265,9.081375688200854,0,16.801085125990536,36.402171598433604
19.40126675532644,90.53839137374868,36.928270126211046,46.562022438475154,3.6612001569372876,0,23.303074046308982,25.170025571183462
14.87079582300498,76.2767534187824,34.741885528464664,10.649504562959589,2.842424532597791,0,38.39201249156951,53.75165516285609
10.812004457997318,92.48207798751073,11.404878585789357,45.46058730874676,12.995121537755857,0,15.603829795538173,23.416639804399523
13.19191748580593,80.53949444536761,29.13079922240356,39.522380510607825,10.877091038937499,0,21.3394773064563,21.244817571506648
31.12790731359809,92.03134716247422,13.08973675389433,63.58389822196923,3.1980642414142357,0,1.6914913372423523,16.33258642974132
27.6488283503295,91.86375398051156,44.85497502123568,85.06638228612148,9.226400488116024,0,12.397732132889626,23.39607500033106
23.86093740357883,73.47723541612278,41.40538059866532,16.86328706096292,6.713197221213357,1,44.7228914833328,63.73557160421012
21.777606313136275,88.33309281012373,10.737823114998793,36.198110937169844,2.379827549446409,0,21.254115806943858,24.31907245929326
34.75059422602761,76.4286461098894,40.052735261592076,45.52517899154015,7.977856640357465,0,25.117930787099425,33.36900864942855
10.109313485581383,76.62728742978737,42.18003601954427,46.41483024275067,4.222786386996259,0,24.194950887119116,37.23278222722307
16.13742358389956,76.59409422953684,22.374187789720928,71.9847776673803,1.4436618623635733,0,0.7880640284031433,16.32076858216245
18.148197753550708,89.0414791792385,35.182557926671805,45.47165326667526,7.0043744781811625,0,31.517490161344806,38.14327902153168
30.690348554170846,74.66495521198354,25.473631117272262,12.172904116292269,8.851628281403428,0,31.930085053655752,29.724889790199885
36.78292398469717,68.02626922213662,32.93313696017204,66.8083275674265,0.7035961557172576,0,20.404120059887365,32.07275242457035
14.979444927957438,88.74186875099636,21.9111091504367,80.78637561165374,6.031391241164952,0,11.528082151369105,2.745082844186035
33.354912689975336,72.96435757121863,21.28957328216439,51.112377003973826,3.8649287975502795,0,14.487422396095232,27.660192416733814
32.088060052521946,71.02998946392721,24.855186110015268,56.48868173588043,0.45975886060848625,0,15.903941702981184,22.873754666566445
14.515064531611232,74.88796749722775,15.09487155283754,23.03491511752369,1.884938244172587,0,28.079970950921634,20.874862485102163
19.580644825777455,79.01711514735841,39.08986375523839,27.651675574316563,2.085512382275663,1,42.1473336519199,61.090266311344436
19.880513209483055,81.80128349672282,22.20442633765728,28.81361912996894,2.7431137217695674,0,25.39575388015793,25.179361676240596
36.36839938727019,69.29253118066629,24.00523438670458,44.45935799050362,12.050663571568819,0,23.017563382203765,34.10096632192478
13.245865139988052,96.14662664619345,41.291911444575064,84.25161767165137,6.592377997172088,0,18.585127082905338,16.098655928575774
31.17558116203868,88.76582854916718,27.381833492210998,51.742781337190884,2.206289884055803,0,17.527236493615767,15.2670848772126
17.691588711020188,77.37262789440575,29.048886827280203,25.367811616108213,1.5044545039183388,0,26.74468071473804,48.0191231851789
29.19524002750865,77.24222046127652,43.47743436719845,31.28701886951597,4.469106880935586,0,36.240813712624146,44.84091877117105
20.180319124574222,81.00773393168532,41.03542341007462,40.72120237817474,11.970232780566784,0,32.18136529125852,44.403110975104084
24.77243313037966,86.16109986012796,15.931334811095383,59.86071805542395,5.466897719094652,0,15.848614984017816,9.654210513214078
32.1457414264578,72.24481893108006,26.562526047133677,45.20265224032043,2.398460404409071,0,22.475952268019903,14.61378097519463
31.32080138453264,73.47896459918361,43.99536795999909,41.395587534154,6.061742723192399,0,32.562035787713626,51.56540273095229
33.1262723226513,92.92360290217297,23.032820438001096,55.17828803191958,8.329673359305863,0,12.731756975502442,21.703389364780186
9.728902434995112,75.4313927927831,23.005058798067004,29.346799596357236,0.44376275457020775,0,19.792741964766822,35.50377869944213
28.0694660381526,79.02565494128015,16.8260581126204,16.312261806766575,9.414627021602596,0,27.4225038860377,38.1669006090535
12.059633924931124,93.2668836775534,14.001308994169381,11.95314518577777,5.9265112952218395,0,20.543785601269484,31.271789951080695
20.058738472533918,87.23128705259485,35.91066767645936,30.100733077370165,0.14588812696791575,0,28.821608899434317,41.08971420823617
23.909064036585967,77.90964450090897,36.951066404553075,17.327362731557496,10.108340984195713,1,50.17244058766575,71.39736289764696
19.679445057658093,87.827286826014,43.915453722604994,36.90725108166134,10.685814533439723,0,36.98840299852954,41.35928319874315
23.06873859828722,68.570813246061,37.069637381687706,71.83468322878045,9.432596828380243,0,18.493357876195635,30.102618352437467
36.899262955159955,89.33363714032959,18.517337291175956,67.30354643894707,5.128953263976333,0,7.586906814735308,0.2502549389123949
11.921302097672786,82.12346517497095,11.40408024009804,58.87420982304231,7.944072810989417,0,7.422882621418806,21.159088627076397
27.58822531475634,91.58228227124937,44.49030845293811,78.2000195103583,5.80736559200153,0,23.123449078639638,14.760147181577722
19.48402802518284,95.68449190818758,21.9157743440262,32.56540996354214,10.509325952395416,0,21.005767795719635,37.18916238923337
11.857284168312535,94.84786793534248,20.919003985134726,80.80430024239726,8.75370279350533,0,3.4267999547968633,12.964100837280828
12.603366137854977,94.36868626020488,41.70843234122839,41.939133573534335,1.2269867074117462,0,34.351349880593766,37.577961242806154
35.52892008112289,82.85292872208272,30.478496449074512,42.07146546133012,9.646403373284961,0,23.52580928178463,30.76139413645715
33.5084434046411,78.4441213100292,17.52049108471971,42.42812909004172,10.308576215067022,0,13.145527710388606,21.771925361313794
34.30421685203564,81.48602441718951,41.11836849506838,17.847549299278516,5.560532709220491,1,47.59962040241379,56.78731474122468
36.75445049899421,88.00698409608746,44.767629926916015,88.03923986648445,13.136786714395566,0,20.828135069475216,20.203048059145505
14.04114631024702,93.63593552926442,13.033749640279076,21.080542226012735,12.64521532267444,0,15.154346828396914,44.844446436325974
18.30774078355779,74.00260278700347,40.17880699058705,37.27085795753476,2.627497858496068,0,27.905876541268423,48.315087986831436
27.407351867821134,94.6276015953894,23.66804941895379,35.544025626140574,13.563994627288029,0,19.937400183692656,23.886197151259005
22.030273655958773,91.64022672712679,28.34253562773465,15.97435462533677,6.613085572426163,0,31.640397255183675,42.48959134279709
20.13329646797167,96.38682444016881,42.018559151774326,22.180810408950133,10.8562447895144,1,47.51507806750141,62.010665470139564
18.376526230732196,93.52730142516893,44.0682718521291,13.588666894830865,12.21145510450854,1,45.20016630121786,65.00944225227741
25.219638326360116,76.1181825610653,19.17573686430798,33.39235948484108,7.576686316045349,0,12.106404707171542,21.129055428186003
24.69220943056238,71.07272142897739,17.449776983596983,79.33255392231251,5.986529090562236,0,10.08411608810174,11.858130514879745
12.682277187862962,71.25499108775607,12.818079550702915,37.15537645899076,13.731770529226475,0,9.662700484768168,28.751198556227905
21.680455288034732,76.44547623877001,29.66292484317483,19.895346565390337,3.462803294031348,0,30.218779477189706,34.0023254842813
24.050681510085646,85.81132799555164,10.476153840773389,61.65550947071344,3.8545511657871674,0,6.081519585519252,25.31227843720311
24.538321223210325,91.325289456818,24.41644041634778,89.72807296439284,5.4243047102015565,0,6.102017844876416,19.41265780870041
14.093108594458203,94.07825890246538,12.5684405828203,28.585903162554203,12.891986669558483,0,25.96461920117818,29.943861997329122
29.525870375316316,86.08884814670775,24.18290240252669,32.36568042964556,14.08182396319614,0,37.57315514047882,22.941431350976096
8.73077374981102,68.16330806969356,11.397626624296324,87.74776434246309,3.301015721322928,0,-8.792703047583807,4.549330619484492
18.290123810751716,73.40318651903748,39.232604121306906,24.30210300403897,12.95805221446868,1,47.245201936106376,60.79256728211981
30.626166807533373,70.89205991174767,17.340864787849807,50.89712539673311,3.8730443920285396,0,12.620055911516742,23.63775564754612
24.35289471060667,78.53640979150128,21.49080486252692,29.172170641287593,14.55961870124832,0,27.233023807439942,42.35886456702926
15.573710542814947,82.53917881537863,40.45167988122371,84.58815183209951,8.961118379723734,0,19.63570977187782,19.20392881357807
28.153640460948385,69.25851817877826,36.11931214662718,88.52168116610352,0.10629701171073591,0,18.55187575947335,30.597700879125103
24.454337380526127,78.105861298074,17.666342657472047,75.17582768960123,0.5119485610676683,0,7.705247597669136,13.375004940598982
31.091064674235227,73.19621056413436,12.516479653012361,35.18270526502484,2.212267962070627,0,11.25554582222361,21.403563456168623
29.31573039950488,86.76503482150734,35.04858218993688,42.2789980224404,2.813597367281351,0,29.478839131784426,50.913190551930846
25.693129739050804,81.46389871040586,23.67458927408383,29.384454693313707,11.514286842398949,0,23.611946109768127,38.26021498726545
22.15715258401361,82.36421176108335,36.81279996913774,81.26063736071931,3.3414881462542483,0,12.858992700682416,16.400287828492605
11.862281644358179,80.40306185297037,25.585317033132362,83.16466221505264,14.537124300747898,0,5.462140448525574,12.674841456483454
15.57865751867613,95.72457160411044,22.110084454029675,43.50965297968378,9.541680858044074,0,23.033824178635353,30.30882063352603
20.15388471459547,74.22731862852534,25.792189287433878,62.52264559224015,10.387762638802766,0,22.156148426081774,19.410228148066867
25.37967932318527,82.98326353547236,36.199564498473684,23.24425438197551,3.2672477892781124,1,35.14974314114602,58.35939202960866
22.89752780124384,89.34450368259473,41.577710028913096,44.79487202907272,13.390594711426271,0,30.46015461812938,31.308251980079717
16.357351252826355,84.14848798090232,11.741851880600144,60.519928533879806,10.01721859229897,0,5.853011453022905,1.0407779991528034
8.187466375901606,94.94160568578724,28.34390394294343,40.832249481441565,12.966084365127958,0,14.585915136078675,31.418377832402417
22.390937435123604,78.96108231359725,11.149240017935716,38.6079620549168,14.347216458468404,0,14.730760496307862,22.226553944375926
16.283153668305047,81.44659836742215,26.394334075852555,10.079919381355413,1.8846146566439463,0,26.00750232257185,45.49446983387435
29.303640720605518,70.56714714122712,40.984899018391516,74.34347710216913,1.448808454034185,0,10.30064023954403,20.82022062042388
8.694441692844022,85.66097422050592,22.65565932471084,81.14700896171585,12.051117398844536,0,3.075024612717992,1.7507119483555051
24.960006527867936,76.35814708499507,42.63576473782251,87.55708236366657,12.991890886412554,0,9.911888070242018,13.801354608995442
35.302752887675894,72.6489621459515,32.07129650777133,67.54171080553724,8.756421313169785,0,12.53970074690754,29.615529880326676
13.057868746233485,83.79140749423074,42.69543703275522,53.90338498959076,5.490008216257809,0,18.54728263473194,29.38962903836382
21.677835231767265,83.4369976380174,36.50083188943819,31.54276158469675,9.789444541128356,0,26.811886926179,36.188827599157875
10.651237762697008,70.20027759549738,13.62023083270668,89.94395807707987,4.5849610888868595,0,-3.7393176471904837,0.007660321974281903
26.144775455579225,88.24824815133971,18.090297864693696,57.18022836256844,3.5757853823020227,0,13.769149809304603,13.647154188781304
23.96541873729054,86.08939352887474,23.795965910422716,64.4923257864357,7.3221781429089825,0,15.517980151272226,13.62817343894951
19.81360020217214,73.48150119964842,15.95374087042266,64.59249295642542,3.2423074140956953,0,9.899865432175915,7.637382387246756
23.119933622738493,81.61361100246727,27.32190616718312,77.62014366057451,7.255554124727594,0,9.19768769605166,25.149682258057464
34.00066509560129,88.88936457787824,26.49788544955217,10.773803107753537,14.349097581953579,0,28.704663813988454,46.34991481003039
13.692534767020945,83.35363647569702,43.46907193095834,27.619755234509746,12.596760534260858,1,39.26323445806941,68.76828647682277
8.65437083945507,79.46918320932353,25.180475901359223,63.242720013601115,14.124463792500334,0,9.552448649549591,29.956575830600947
32.98828165627393,77.34781528434736,37.49693815007993,81.61165894596542,12.094934622710378,0,17.78299073164402,3.404340729630917
24.73639538924929,85.70142213267755,42.966869069801795,64.8271025537085,5.32126403919415,0,13.236790775536026,32.25346291459421
33.829095208393426,95.23415225099697,40.69460908408949,43.079303319494414,12.180678578273387,0,27.019888854631713,33.08179368536769
25.311411478982006,87.48060037384701,17.303366857905715,38.924439669620924,13.843736153298211,0,15.356706220260575,32.6299117573685
31.49467160883137,70.16763120545315,27.36104629887405,69.03584066266563,14.205536817555817,0,15.965431457511794,13.611993091560242
20.460527537299292,81.35986423098188,22.1708923803574,69.29901577097547,10.247967760274955,0,3.1706815417743055,8.203880825278283
29.745938007359793,93.8338998138082,23.995054329802542,58.56463940045523,3.1704996572266975,0,14.490538872194403,10.93285581312772
34.47820253980582,70.73941034823152,22.62823891860129,33.31736192778696,0.5959373004703628,0,23.03383258776009,28.131274203194373
24.591565947943984,96.67739565198876,38.922572356125144,84.01238547124349,2.2080034224023364,0,4.7339144435695495,26.153206062875867
13.242769366309005,95.52301241571722,25.824866929285662,54.15039536949113,14.483203768409181,0,11.295674989486805,25.62793252780413
15.795130835875746,70.2699599411664,28.329301628564085,73.23938849986645,6.931452362891541,0,11.733885030258149,9.283287721238866
13.760692730024768,95.06898629303709,44.38565749664761,27.144660972946532,12.824790222480862,1,46.620164994611365,75.8421437413432
15.158853800276255,78.53084511752441,12.099274526703075,37.52326308917823,6.975662303374366,0,15.70515489216157,26.797029956791526
16.886048031180053,92.49656584520001,27.078517392676208,79.9663613109874,9.91226375189759,0,12.35162156779092,19.702436721514566
24.098879815842466,80.13311679368488,37.09215974311407,14.008562395197472,0.3621116568350047,1,38.94664858979452,70.64707267922306
25.05175725445115,80.78479826837295,15.29066853658793,50.98522490053297,3.7479741407905016,0,4.406015049493941,7.298802041359107
20.36849267001397,86.39304963834874,31.403605811517085,48.53643838752072,6.544039200638839,0,21.563400418286275,23.047549161786783
25.847202614804228,90.45984515900352,18.381267283706336,70.09841511264656,9.459465707312448,0,2.0143429169886264,18.75047382363508
10.365672842729612,68.97988537749922,40.35914396285986,32.551501647946594,2.5728178207976775,0,26.08750985680694,35.51971742238694
10.545858874686639,85.20152387028689,21.448488289002775,27.525345748767958,11.468271964057351,0,27.128032194002866,29.933860368109144
12.983054350372095,73.41525682882376,21.517198591531834,84.0906271018587,5.46607059204356,0,6.4769089490425635,8.729883744356522
23.024247443169997,78.03253601803289,30.936785748126272,55.73677215667718,12.261529038508266,0,15.906636700782908,17.325524865795465
14.205845682251093,78.09109131850127,16.424701784196806,18.375165462692358,1.4695363559260093,0,19.209643730085876,29.979034610505664
16.215247701284742,81.60274986641346,19.971102361607137,25.442892977145686,10.196348815235579,0,25.45729107210569,38.20702674756883
19.609072249016826,77.68995594440904,24.5821147541794,89.90608476113987,4.399924998097653,0,6.379086626997658,13.89301217677658
31.544117596301014,71.11347243506937,22.377325209903862,25.64871970017539,11.93074761183927,0,17.421263483285856,40.95800987964444
8.402001941472943,72.22323341723809,28.370702630195385,58.838040908294296,6.032556405636159,0,6.794820377104667,30.556336331335086
26.83198578686205,68.96970158127183,30.98740504241382,43.61024631964945,9.980244483953497,0,31.81963778851283,33.9894619775066
27.397419400179874,81.63722347453387,29.83336088125576,80.84792758798683,14.014579029547102,0,4.549906037644039,17.847594981726623
31.16101763034246,95.67898315073667,32.89589091971763,70.41348738362622,0.30939948020646535,0,17.962381761271565,23.345454919126414
35.04983523274908,71.35458148579538,20.771233081273706,57.75611170094527,0.16675173501560447,0,20.612247692044143,14.970964997608387
8.583997619529406,95.44167029708937,14.424917950425982,10.8591185438386,11.554188782650701,0,24.692711256227188,27.10169028667585
12.459727459883268,89.26748392723071,36.6282639500877,80.38361659947677,9.695895772621173,0,11.196863612864798,14.996330307422603
33.69896752762379,86.48746528509074,39.77731339207387,45.573397667097304,4.39469580756649,0,19.086392187429176,33.35482375250312
21.297038303423445,86.71305490438333,18.99521812778513,84.52621224148612,7.415950541613936,0,-3.060307290153421,2.995864366877192
24.373128529070442,91.97510180349218,24.24821846553069,49.6431210283361,0.6290349839830311,0,19.11464716764645,27.588504837371385
27.227788907971274,71.10067606701482,27.449922593724434,65.53795913461803,2.8866840804186116,0,21.31845517122673,21.6680364148372
27.692931530373485,82.63787538340071,28.666439496352773,15.543411957331372,6.367445617907512,0,27.692900677454332,43.14776340592064
35.02047169617874,88.215643009562,33.08215598806781,69.61213228214287,12.510666243322234,0,12.878835998644227,24.46429714139399
36.91153310493842,85.01779290713336,11.456113167436246,37.03968250495383,7.195007742901272,0,18.103557286287906,30.427442462971946
28.884566366997266,92.15059305967554,35.2516978956906,38.108721146542464,8.79543756788968,0,22.763496334358827,35.84752003208767
16.329415066949373,70.0958795613292,12.168985244279359,19.492467576751196,13.106306879906708,0,21.609166887256425,36.56299015270942
33.51281966653596,88.03033014547582,26.390099868550376,21.74857189121618,4.632283703832679,0,26.879485617337902,40.75072867049792
9.427406521682087,83.48680418115681,38.9684897449218,24.86072449649681,10.51048981653084,1,39.97868723062158,66.34423880479996
14.70134473336039,78.99566505541836,25.79253596474387,36.25649348571379,12.9250088801738,0,21.9416291429752,42.275333025266804
34.02418580644773,77.8679744847869,15.21814120688867,81.35759302204843,3.039235510442651,0,12.017553270079706,10.624394575167317
15.429553918741293,86.00414635045159,44.47618457520859,39.460819058406436,5.347172477217487,0,33.422511290587146,41.62776086946657
14.398880729030704,93.83886586468368,41.124991172599216,67.94901652505747,14.697152608340327,0,25.64029465006226,28.1765428156397
12.00563350106717,82.38910185693234,36.99597716287549,16.619800311189714,14.748278471943166,1,38.918576683480524,57.25850361631654
32.91424097176058,91.91697175823069,24.402906101472364,57.28790394175941,3.3484489544090685,0,20.494762606246233,18.20017705814726
22.501689516541514,79.66253507347506,16.434600441125422,48.55129850163516,0.9966875833894218,0,16.84701304741709,26.75506100720193
27.571902888570488,70.96943942100212,42.94939134964754,88.23663575636036,4.063824169650793,0,7.505724465118826,13.72928846011149
14.932925138175861,69.78366635730052,28.632289428099867,77.69662159031704,5.965979359555309,0,13.70611190381032,27.404133469668693
29.98317220932528,69.48869676838665,39.832441113561984,46.38638179509198,6.615084013967455,0,23.43393533428001,34.282849179772256
30.040160803900857,79.02435411677243,21.973325201579904,72.0114211236271,9.282094609956355,0,1.6542178820737403,34.4139719233568
17.065342722340702,77.77989477423942,21.73509109778147,25.4430993035022,13.492541401973195,0,23.883494419478172,28.012006949460684
19.9097963572982,88.82017368505451,44.49391682359137,54.98690619134224,4.955220178607437,0,28.446099509706066,36.45291005748027
14.081018045475826,89.54182354596111,28.26415669731974,15.969524445496655,12.749768032488127,0,30.09926135823369,38.10773934845425
36.32026967636422,69.47476509617846,14.92433983512612,37.847122580134645,1.4021838138994036,0,15.562340219293892,18.26416622821891
26.722474734693936,74.41257462378144,17.68861372981476,28.068974529773627,0.6281204845982208,0,18.770687813683633,36.83218088213043
35.10177254074995,75.95359365460808,26.868049778745227,67.51278522601687,7.560677746851919,0,25.513129368275337,11.376836416055745
16.79818076524486,83.88074754014147,11.486481867094398,49.20725529714892,0.8949333499590734,0,5.068217401759295,12.476465452577424
30.674836476909803,72.19094149330155,26.188689488240517,70.08563830784084,5.887347018513452,0,16.433263163554024,21.78319633221235
30.20990067265752,71.88429536260001,24.662929472804464,51.22363501051565,13.451671753038516,0,17.041489087692458,29.523029356122247
28.058013904129705,95.36987778703079,37.276769286182045,16.91875537213108,3.6222455431121006,1,39.29042550011654,50.85536147426415
36.003530282737216,91.32188431163564,22.422968757123463,68.82941197860214,10.589636626873547,0,10.320665531838197,19.993754659340837
19.413104747083153,73.23899216064393,44.38920665388598,76.65834111902444,4.535480885851003,0,12.23243780329257,26.872486938636182
11.790802384102962,79.79046642925924,16.326947175531608,82.2824980730234,0.673800828632034,0,0.5012721318245141,0.4591055710788936
27.479556918077762,78.3130379784694,30.684533973884722,55.75935562453665,8.35035872115464,0,18.37978867040334,20.584807387167288
29.14998421383898,90.9391181478968,13.139475395288912,70.2868287199596,12.522802358051276,0,-2.271896211339074,-4.465206246449304
24.676756630305626,82.79617457786554,35.68523943978937,70.16354695061017,6.142026725139291,0,19.325468327151924,35.36783587821259
13.997718900868492,71.70764237281054,44.816379082169,22.459980783915547,9.259407396871305,1,40.851390101352166,70.01377804057422
22.629222308411308,89.43076983153108,38.669852321307125,23.13765499676566,13.500353964865889,1,35.135024871556105,49.922834322830475
17.05350236050475,79.50975136852264,29.449623925210545,15.67084046473009,11.845417691054816,0,24.621471144044396,46.993791878776854
20.396529316833984,75.62480318133227,26.96594750898922,35.593090811224116,2.9081459908922898,0,33.6848173203048,27.92417577325622
26.711338699495254,78.88946003860089,39.22604864433964,47.88068701928516,11.000759390475087,0,15.358497507040074,40.78702813333762
29.611227538034203,82.4349403446,42.75909296487535,89.83182822033736,7.52839537740228,0,16.61061346018542,16.250209506676686
14.73451603613895,77.95034997609328,44.62222840293325,44.47946736545356,11.189502118291271,0,25.209092636734123,36.43807142982282
19.754435458761648,75.01526740516098,23.878872964756944,68.09940708058967,7.417733257833273,0,9.758973500613763,15.069130072314643
15.805685558757247,79.55655883531543,44.682111617807934,65.47176210180277,1.9193724616245427,0,25.7191818217648,26.01907473833446
13.760316801994204,68.55601441174704,15.457418826084101,26.358556020046365,8.548641700338587,0,22.595236181222745,38.52592851426504
30.718229379879315,90.4024375367931,18.87424215761682,14.680572115954913,7.382009885960098,0,21.629467348212984,41.74200539975848
34.36832813867278,72.95740191345999,13.115564365686367,53.680540122687,7.768826004621626,0,3.6645001128706154,17.166762338669972
18.736733384852727,69.27323379528848,19.510848076956858,66.02444738515808,13.183536804688053,0,13.058794691434203,22.46870704001155
29.78708880683924,86.9572620942473,36.87781430663039,89.86014321490048,13.42255570059377,0,14.242750153891778,4.793129291299831
34.01286339156792,90.4441477358865,39.85235253624574,38.68888418249366,6.803056601485775,0,26.894663469433834,29.83664639889275
32.53760210537672,91.60104481619246,37.261242578590014,81.70916496648773,6.835980619201326,0,16.327593718390577,22.99496289706465
13.301588267637552,82.31176629715739,32.08730223586937,40.554596469534914,7.72780438308924,0,21.648124772196535,38.17929864436289
35.732464563887476,73.95567735600957,27.988827938292594,65.15293667444102,7.793839175013854,0,10.313345141640049,22.687974916989408
18.923616772454412,89.37960264024497,34.804650122477625,57.860234441364156,14.25580716268669,0,20.064065634434943,14.559833571392682
17.83797917404125,88.29167923747578,23.679174224352764,14.238303464207753,9.741007010662402,0,30.163259778371643,31.07584147856432
9.81050849105563,75.14185128899203,39.445792302489565,16.27107415762068,4.16185492331916,1,46.38782525172074,65.07518878397464
22.09903596904161,94.198824920021,33.70165328918749,11.661127177956878,7.973051954309849,0,35.898301891590044,62.54184712701861
11.161394853586932,71.02677228440204,34.4231644473043,39.66672676751916,9.408353743619744,0,21.508669826950772,43.312596616783914
15.207654806895354,96.49795894814844,28.757759759517494,69.66408390128086,9.596575815209468,0,21.38906033316575,30.430152384493557
17.19133603125116,92.94718651834647,40.98301444739104,23.820431519257816,8.77881339357274,1,41.633473491225054,62.4397140160636
31.455963381258837,87.94906071889318,18.82051567876684,58.468237470711664,2.6660423193230605,0,11.275208340786962,20.23245128450108
33.389170861481,95.22374676011515,23.340167867636776,33.10622240248623,0.5038978361926122,0,15.144937666983182,23.52721348879504
16.77152320638262,88.94702388138752,37.21748993871912,73.75940991832577,5.067645785502816,0,15.51164621237541,29.489484367262484
32.90224551609264,73.52325291387133,27.24621136452682,73.87169192023927,6.412832318403804,0,14.122786790449211,16.286778132833362
32.85969718372394,80.82252800527154,41.12249046984668,72.03316119731389,0.9270635936412991,0,22.763849939192497,30.709356431228482
30.17487756116133,70.07358770561743,22.123976191699832,51.98668110411014,12.224510070297692,0,23.275687450550784,22.694517743542384
12.254158306440264,79.30006524635535,22.92655590868757,32.765336806388135,5.161161562654106,0,24.23485139155465,32.603627795912466
28.01936256012114,89.50648757237906,41.10575262853189,74.75552351029077,13.704491192677569,0,19.51078524017723,24.14714535891247
35.4056978728365,79.20685717699371,26.252961206371438,24.88804495513932,2.3161516176339774,0,23.428591559072327,37.368931626527385
27.793673884247553,77.57853108857589,28.064360447087036,33.18076816229248,0.8540243540597015,0,20.76924773369074,40.56684490615185
17.616888624127185,85.26531595279904,21.646730036748778,24.71581649284973,7.234741565794827,0,28.259862643860245,24.238104721424808
22.516800205494107,93.29393134096796,19.683447976267868,63.936812831011814,2.8369400523855997,0,15.416031897524936,5.784886669150223
26.726026257180557,69.37991258383727,32.958204879343725,64.89888224926545,14.060989133667917,0,11.624374260648363,26.796422071372344
22.806541853126603,79.17864260629233,14.194423153942136,62.20079942294024,0.15455097680608432,0,12.052451185856404,23.720354208542503
11.478635310198126,72.58898151264262,40.77454244140182,43.24811734917343,6.189295125885525,0,30.664754472928095,49.014690842779295
17.0498572949086,88.16527327122422,37.27210978677878,18.01368057611466,13.901216570177525,1,37.66290629548402,51.5869221176509
31.26948488605534,71.06601225250292,16.6761892297031,82.8935667612017,5.766273100946525,0,6.172308610436923,4.0281699855245705
32.981123336770004,87.2794249988271,34.29069810385979,50.61847712097905,1.3966392090069113,0,16.712073618227144,19.97252123280989
11.981700948751538,76.29924525313932,31.09215224499722,42.55777559288732,4.543424142926806,0,10.632278606264975,27.777899725133565
35.61921581956301,73.76858759837951,16.458726775782544,57.10599145986346,7.470155907516502,0,10.297053881471987,24.892776146869664
17.53585591760967,95.15422417692457,19.562122711758136,25.423234865528464,2.7772753101499963,0,23.443164422495474,31.477737195934697
27.207098423190878,68.53721272563271,24.314527630684204,20.60390232838995,6.998425577148929,0,25.40073909240955,33.73003708968802
29.802929232743754,80.6955408847975,34.473495733591584,42.44201771663548,12.545147936787563,0,38.83967663774502,37.522890648379224
31.54644080449862,68.62718278139202,32.35531930859521,28.17765552799284,13.089269552949196,0,29.618619142074625,32.57676474529369
35.42674136455197,82.02419839502554,28.628219668684427,29.543223562973164,0.7389110206609817,0,26.186851861943765,46.51049093019439
17.074666892835857,82.53037395603813,36.8943690089912,81.40091902228235,2.4135503707886024,0,16.174865314381343,19.627248602172095
32.89668718199508,77.32821167044766,36.52782088621581,52.46073417486599,4.129352036502063,0,20.319095168647618,28.11983916106379
11.818920199650004,71.83269154822568,31.625070392178955,48.67752514586809,8.922987763314026,0,25.856672962796743,33.611976820529414
28.44618628425419,78.91523859429978,37.544652918468884,65.15836749828779,5.414921381887007,0,21.029825940633614,33.03844787324354
29.51735415590559,87.49562525804441,21.699218117272324,86.12384909413917,12.660613701691132,0,6.588312849856862,19.74181791375254
27.653973994838292,90.68947845068931,40.8437334912912,18.975885157645127,10.750078024244065,1,41.608500084017365,60.44610368790952
15.317127347919437,83.39176746925612,31.521853003067925,76.68276536874058,1.506840346702623,0,4.934445258666321,25.842401313200547
33.3182512634409,85.10519743875291,38.782722983435065,56.721534389427674,9.368362537681367,0,19.86797072950278,31.289501317589945
12.896895437741456,73.81787476261493,29.11976866765994,21.69322830494698,1.6951893802046762,0,29.465085123645338,34.51490973180131
9.555408954104095,76.33257966360183,17.645338574603812,33.77194549511933,3.825535044546901,0,16.467588240041373,21.640744243684907
28.806484727745453,72.69497269151839,28.984354503740803,48.58891331717916,2.6680595030134207,0,21.374139092053507,20.276163269941783
21.788795741749276,75.22956515013372,22.988908232180584,65.29417156619384,2.5959292380105743,0,10.744393261950618,12.48381832060701
32.62384257880161,74.52171662654042,34.412466261298306,29.408561356276177,9.245932871652888,0,30.53656214689892,46.694001566589094
19.118517090689508,83.06401480534589,26.65278271071575,52.79030523740719,8.454073838312423,0,12.60517915475915,29.82251474396883
12.880079066723672,84.31797391793116,39.26394817246907,64.77373019326893,2.640422291815903,0,21.164305087679264,18.96039523458021
32.25682358162622,95.40347520382363,33.73253793126708,45.8992600678005,14.852592081276477,0,19.891720213536406,19.655082290135496
23.918379317562078,73.67154876594417,33.95905515609634,79.04207688961407,6.3275509855244065,0,5.57548980051077,10.9725502472373
13.48667797932029,86.60859559468338,17.600436672187275,79.55672822723236,1.4560399223240494,0,4.107429252782054,3.300417254689383
28.891135959006927,91.70051880063816,44.448741827195164,47.65529741123566,1.8085352543267268,0,35.60936955931712,35.48426615778378
22.822295516195517,84.24700244970852,39.458632324502105,87.83405683271197,8.758405705898921,0,6.08621707320755,26.751601322677473
25.525076484969276,75.3951059225312,37.61517095962431,16.046807392435785,14.686041050752092,1,44.59050451405241,57.316361606502596
21.366051807990875,75.61395667058001,21.55753288060096,10.26899026583493,8.579266524287966,0,31.685954676871123,50.590423343267524
32.032560530722186,69.13833853905899,28.747107849653116,40.453461104313526,14.235622149249558,0,33.73766901925475,19.305481021816885
32.05731875480845,76.85788256990597,14.798611582601502,58.08776490980074,6.661992761370402,0,7.508311406127091,13.203633340304457
28.572275832907202,89.59350669109801,28.84665918319471,60.33601259597287,6.53761655478018,0,13.162522789783926,28.672431155482485
11.056639944497405,69.37801495900621,15.106123626915053,48.11565890350629,7.500110389738234,0,7.284903162709307,25.74784738131156
32.32676199521799,74.3595631926401,29.35632453963604,19.990665059251693,10.461381872333329,0,34.38354442627361,37.267531005362194
27.459376435454384,88.48074245742168,32.705265805421696,23.63980174303154,5.5142394967699895,0,24.923620733606015,47.17951282252978
28.213700814124685,90.69689532186342,23.656858853746584,78.17183870816073,12.958290490184355,0,6.523895655548321,18.61075492653184
18.526502371712276,81.20423389179592,27.449070741595264,79.4328905391409,0.4392207715221935,0,0.6499788221990883,9.921483614113217
33.49910712855319,88.24415581588082,40.647868568610505,63.911883028857616,6.596462925426635,0,25.5702285890406,31.028467208734206
29.035776406810868,79.25061289099187,13.799710064598328,63.137437782310585,7.664877749698768,0,13.749915101496121,17.950143914372678
11.265123529346639,72.6374841056997,37.71065125498785,57.814570242224605,9.105483573946442,0,25.73982987274837,25.226819283093086
19.825562997778718,79.54633531216429,15.976409284866875,26.234070856159057,4.141078685487949,0,12.09135697881713,40.95249538034065
33.70503049684411,84.81906678589114,11.284779398161994,44.260056020792256,6.41219956478753,0,15.400128096739852,13.219311604256792
9.368704349223991,95.49354517373382,16.495111096076673,65.6715721170703,7.26806625321085,0,0.18273198929724188,14.637087993879472
35.88108196961944,69.99377761057164,36.776511648967144,52.980181760267094,10.3036496802482,0,22.78440280672465,22.125393070336884
27.69571448126732,82.71442872150385,24.1794125667901,11.486426724407934,11.60316277103721,0,29.66916616599165,40.63659824094881
26.309903351657923,77.53867356811101,40.538218089616365,86.28454453760787,11.067409910156808,0,15.934661774067145,12.339600526230917
15.846218438151752,82.74103913402413,28.364763941379305,77.58528420577147,5.12374578434378,0,13.579979372145557,13.925840693214152
15.214961873436135,68.69528797391942,10.778762317421583,30.843601128779028,14.991757844879453,0,16.09613280228072,13.023634009693662
35.31968836516927,77.07773528634586,35.08497633606744,59.31671481330369,12.729979676807691,0,9.935326160399852,32.92299367859904
16.649901172789562,91.77617627828315,13.858151805243144,83.85915069825502,3.900350597174534,0,4.446935737142728,7.265191152035131
30.489653604850982,84.06431028178449,37.62828717116736,17.680880969092108,2.926587085092413,1,43.99792000049479,68.11649379052047
19.400532148005297,81.0668922916674,15.883589243181301,50.24235846373605,4.710318758750857,0,8.35598812561367,16.998574007935506
12.038368052756415,76.28022707974485,22.090623503192973,46.49944206770356,6.785172794994673,0,9.24849202560237,32.59152884300135
8.31074363316541,76.64323316094932,36.64450003688761,42.816400422682584,12.761990674794207,0,33.177440821260824,35.13509737082339
23.783462773442274,79.10994157412695,43.398097511674756,76.847088711434,11.675433956918017,0,24.801424833860594,26.092195238432414
36.29758573791905,92.23155058897225,23.000188272635633,40.45169173579659,12.768691852588141,0,22.894373652116112,42.41780954672631
18.70494962046693,96.04918299743979,39.02900770696275,15.093066659280607,4.079356723654927,1,41.605084299523675,58.987446205895175
18.358577685798302,80.72100605916086,16.677729291654355,15.2670193731442,8.901918336777543,0,11.173781072826333,42.492043043818875
17.97865691763382,79.4072323236851,38.25129195708719,13.419568521968719,4.248735934160617,1,48.92317129912915,65.94074234929812
23.095771281840896,92.54997249877601,33.01229207396879,42.73163374992298,1.635347410792397,0,25.52008978128287,28.711387498693707
20.779281619304513,80.3802542984528,16.746022752432896,67.4725022158688,10.26296615212021,0,6.257949166094923,3.848776531867909
33.51752417508342,84.00852699657389,20.587638612299408,26.29779695444124,2.1449632679315815,0,28.028511753306717,24.60186903241471
22.660102959981216,74.69730827336359,14.61198110089626,61.717481634523956,10.015466425597072,0,13.030733729905192,21.99491959170975
22.724977307468492,89.56157353759318,23.403845387250968,64.96707776829633,9.719464573581137,0,13.092276804290831,30.19627281289074
12.012776246896141,83.42766122985267,17.12770243931471,30.416169921247835,12.153726666360255,0,19.614292332638573,28.750232817561272
36.49944668640119,91.46200195696991,32.53992837706657,58.04461248485034,2.0933190684534657,0,19.111419031076593,27.313284370647665
15.24921383519606,90.64124917083143,44.807678647719555,64.78946720214779,11.752202227632162,0,26.36669852738917,36.40399433986802
10.127557956328477,74.23513827983084,10.420320707949244,47.329089824170055,14.989147889193555,0,6.724051674008665,17.83367070057382
27.231241220281056,88.7534309661751,28.93219346505545,36.93732778240761,12.765636728788532,0,25.514814006730628,40.28228523186248
25.265624734549306,91.20157783058977,30.07833091421534,59.53212412594618,11.277181144914993,0,12.576573496975865,26.275504652793025
20.039223965789624,78.03710998268946,41.99730763882842,88.22776698624455,9.932480320420614,0,21.213099582302018,20.856066984366326
20.243574782539664,73.00566427416597,27.710186716842813,44.14731274951825,6.326722270281441,0,23.271542391442107,24.072696997839557
30.766853710346503,68.07633251180806,29.02954968757211,41.33880770280968,10.957502518374033,0,18.671991224748506,24.265337175106414
13.675666562889823,81.0762059397013,26.507848046493603,47.141352194089066,10.862670527106799,0,19.51449748516883,4.934551855443832
31.787346249401804,78.2205492146264,19.411650659651848,16.097471475603857,9.472474240309325,0,20.607651987004566,43.84681940514267
26.813666302955525,84.09238518093686,11.961019663711978,54.2530623737112,11.944175674467427,0,17.22515530824661,14.449137462186423
20.150123439606205,73.45319168507478,24.303018877344265,36.29579097738109,6.73145832640252,0,29.377152067813856,27.260713522303654
21.28282988093219,92.93030088232778,11.84070149342375,19.713769786500997,1.8187906819858597,0,23.48733822357582,15.556961906755816
15.442769008396777,75.47490125321518,29.267236431307122,47.30053928938987,8.38601591413856,0,28.226739267109494,24.159336782621857
29.81131564821227,74.56645854754186,20.75527751348026,10.270718925918194,3.9756529306701394,0,28.055402823327174,32.94307372974061
22.873367526852764,81.94070763804632,28.676084053389975,42.14281961302071,5.766496461437253,0,25.51275897866276,24.785110976210277
17.304781739745465,82.46667968858395,14.700393753831534,18.45882143411604,0.26122355911839035,0,27.936173056229734,33.7665606807209
25.285453357067556,74.23747163476769,42.64204880087759,11.943416271982423,5.74185881876825,1,47.70928154126449,66.66360264410561
36.87629910948837,75.88396107505156,41.30824352424772,75.95800369956017,12.13201659203182,0,18.22223993884254,14.872673099386628
20.62260611004006,72.9214519355021,16.649877822079958,83.29990426261078,8.140835504073822,0,8.003250639401234,-2.4149227111476694
34.700050622579965,88.83534517137184,22.020549915290346,26.613971868728534,0.14700790400956565,0,26.25857322500658,23.468991335370227
18.005488357812418,90.33258190636838,31.472247014819285,53.1438611067409,7.047657303597709,0,16.015661574382108,40.299486379165444
9.587248500824591,81.4075264263192,13.34901725570672,32.236652570478796,4.371774714681111,0,6.069366000352375,35.56380772607392
13.923021084684438,88.7085236578655,22.40987373906528,49.486195093774576,7.163259830957567,0,15.481438028415026,17.685353212232148
20.142159156502842,89.34212636618592,18.788930038665214,44.93050567153282,6.0703908217181555,0,5.430742421746865,9.464995514615886
14.3694129292425,72.00999030265645,42.043085505084385,31.524084406438853,13.979688293360722,0,26.60923075008279,43.51252724156273
8.006584108329411,96.01916272020156,39.83787227012218,66.03148637082381,0.6176594844452371,0,15.738055437812026,27.818709627407486
34.53504459467829,91.80992646579651,30.294145944340233,20.11927674562034,10.253820169228984,0,26.268078393783384,42.347195777274784
32.47250292569694,73.93002037467888,28.212121790505094,14.24582257370937,12.765398944526122,0,33.93450484395744,46.418561292160646
29.526474713121466,73.39878603663604,42.5754028090889,71.41403464298233,14.388578769757132,0,25.051888715301054,30.141555502031995
12.866623273734831,71.6441732218079,42.634972404258534,63.274402497654386,2.6645433981644384,0,24.87886905186899,22.456145722991593
11.490543710089597,72.01297831371564,43.926554387308116,49.88208993171184,7.969572029492909,0,30.161185094449536,38.461384269848246
9.96053773469911,89.69669217183218,14.388260943786568,47.423181637803324,0.6538436597581787,0,16.247778262395517,25.640448938500192
28.996846474414717,81.61997345159708,15.619523376710958,49.7929103593141,7.487752866826328,0,0.387738624456631,14.38653782127732
34.935430859948674,90.70509100945614,33.68578445379603,44.96192608789383,1.881871343114729,0,23.40530281056545,34.3263955184111
20.485538806478072,89.64139193615596,28.95020668134457,41.43138366649433,12.568450120480701,0,13.06339463487396,26.928105519934352
11.455079487885396,85.53376869165143,10.64630667126326,49.975248230889626,1.7080500390804727,0,12.876276244722446,30.37087275699071
22.85939180123109,87.9046315907817,12.169126259633178,52.28121369278084,7.699325405797429,0,-0.06534171461614768,7.101200306598427
18.116125316300273,68.53231600699512,41.08281337905818,65.35218512668968,7.816441034891306,0,20.03355847476869,36.60045653245924
18.869922806149933,77.04155175734564,40.410477843878525,66.89657285872181,14.57475746897408,0,22.875115944420653,15.791968232861501
26.01858810051551,86.4968431985229,22.50448226986158,40.21032641121157,9.824710410583322,0,13.600353469985759,39.969927593948576
28.84282528460387,68.27100365110108,41.18677159256872,43.0832418194791,4.317604396152029,0,32.47699305300673,29.487922755778722
11.207504367321665,68.95633136679521,30.778627603926562,39.895773578897845,3.6119896490720773,0,25.953692578052667,33.836567938722155
9.032116693387815,92.7047514916411,38.20669764566156,52.92286189005683,1.9237230846759734,0,25.13061373500328,20.35052152449657
36.83557877788573,87.83672098907007,24.9600874906075,46.268283033135624,11.347720860735892,0,22.089566772915717,17.01887146195827
14.749122118551004,75.69572226048997,13.968941457071805,81.16771705089549,10.361349842735079,0,0.8381551744339788,12.198507387257239
9.561085222345312,87.95092236344256,25.18044719261057,65.7089013533178,9.148156909621589,0,13.63714750909399,26.021843954525522
13.506384543781678,90.98124340503864,26.005492929891428,81.89251070035564,0.6126066442498251,0,8.485251116010021,14.521804004366127
9.129777544105462,76.89703421019294,29.283046784421106,66.73095932475405,11.442432995914418,0,14.559490871703611,26.065015999182727
19.36251594389798,69.04508394747644,13.695394951654979,87.67937188190513,9.628313657227189,0,-2.816269471979434,10.459639416808738
31.269651749088403,95.0505946159443,44.6990652067364,60.85894226042153,14.458333021657324,0,17.879189351628217,27.68662417327802
17.896089042973898,78.01021531057329,18.54478872824172,87.08401105304438,8.80803194815218,0,1.46289930176017,-3.499461224490421
20.88131879947263,71.08797113525648,16.949334123798252,22.65359123275409,4.559278599925622,0,19.718850156101567,31.01224027775775
27.592016433455726,82.26384927040127,28.43810215995778,14.198214466352308,5.722808282839804,0,26.27593180248875,37.34316720815329
22.757928032026527,90.28556607425988,28.802286278821104,56.33001481630874,2.6376105806734875,0,21.76240760356805,27.46971620217613
32.9819248946184,74.42777212390922,25.39372582416355,88.67945646398199,10.843712733020777,0,0.23199288360911474,13.600653193520817
33.115034576326934,75.81521145386753,37.01622512138391,43.40841978419174,10.61582490032588,0,24.628040830978225,30.074811625168678
8.287410169243456,75.03873461715891,28.082904025501094,26.96346897543677,3.0097502321651435,0,31.78410987792578,40.993114625891046
30.563342888012777,96.75851853211867,31.339340930074446,51.72331593548112,2.377339847734179,0,24.698322447390645,32.69324681551138
21.361274407008544,73.72470827818573,35.3311234892725,61.903889966311084,1.1550739980329188,0,25.17586418022934,31.5003411592622
36.67637569780623,84.6900862920176,10.875878554735332,35.214295641271114,13.67963615522638,0,11.919747698115195,19.585262237258597
22.01373020038762,94.83267460805197,29.972546389076566,67.18154867994076,3.4960475054227667,0,18.753249219194593,26.57036351526966
36.619982416260626,72.2600004974556,40.94680649299292,88.00916056365806,5.162452901277059,0,8.755803092508383,23.004435635058883
29.88251147496636,96.1547717381633,10.608606002390188,81.75704973684935,4.207567625662359,0,-0.6021816989424136,8.143636219990299
15.209541653785884,95.4768397974731,24.181373633033637,33.32682988097562,6.2043690391618656,0,21.183858798323172,42.922612169049614
23.613454399321775,93.65258762468962,42.41796075720405,36.13789465156786,10.71073199073725,0,27.48841092214161,43.290037923173166
36.7719335448789,74.22213911857007,22.360404079888824,39.723297955967084,13.058934505894268,0,17.45414271273166,23.278187697564185
32.86838762480579,86.38759662431852,26.05550884700843,41.56422227149163,2.7389812429281024,0,18.091608104569964,21.234434682612147
10.823639919945412,90.06585271587596,44.35394875655095,18.025559935462354,10.296185156117478,1,41.85733734212829,72.29769839970238
28.484787907489885,96.59480991769647,16.976335063270085,70.95702711114313,5.2884321336372775,0,11.48312692832106,14.304143925752935
18.021807990253578,73.23229084035974,12.283931619375208,39.22714108885604,14.707907524459392,0,13.461573468659447,33.36965645432428
8.202485594530096,90.2147510860596,40.07979068014565,80.38559813643617,4.483787389261153,0,16.9313986187284,7.686769815109628
19.700948101782988,77.82523392788627,40.396286942432894,84.1552498496087,0.10789434011789945,0,15.770452872298113,26.950341840121347
14.807878230024167,73.09316750147207,26.522724213800462,11.954504744615049,7.7345996102976775,0,29.948642809065824,39.303871282489865
31.747208845093674,80.21993129520179,27.99725110670502,89.0802455942565,2.260966264139066,0,7.738574605357706,8.691605462152214
17.7825876565272,91.02124145230988,39.25322293662426,66.80181852001476,0.6674164022759865,0,18.0589798121526,21.47755147292851
31.998187124660696,81.4806443074175,35.849582434052834,51.631378079436985,10.474038479215627,0,29.527362135769636,37.15419532585291
8.017340226209065,83.5881699058884,19.280215077595372,41.162208669804265,10.983889237626848,0,21.0951687460332,29.397998819618092
16.926755350757453,96.85962289580351,10.591267427503146,51.48145060877703,6.910485196747538,0,9.943108694973564,7.765506037714989
14.993791214925096,79.57416968716535,26.7895056886741,35.96997791827555,10.153282751348659,0,20.368487289024067,32.84016231136973
14.773453470989718,85.84662188656796,40.06193141334745,59.81502509572386,8.073591723707008,0,21.492353964311167,35.053949124482216
9.977411973198418,78.59208184684579,41.354213684155674,17.4384221155833,9.447016615828975,1,47.53368778926157,64.08323304574142
13.42660384190455,79.39078374353244,43.46791689766538,59.68980823294481,8.950559597819417,0,31.32671644163081,39.959708945609876
24.110937526682978,88.17358184991684,40.78471331644734,32.02758801107553,9.987341460833886,0,23.918842531575788,39.629522978213906
16.44947111229459,95.19872230675162,30.301524435433443,11.41078632418771,2.994459730097569,0,35.0264001136693,27.836096419853654
20.10444868754529,83.72840956427731,25.56119597326353,54.21646129303021,4.030599300550503,0,22.149277782615872,24.957155992123692
18.92913953006847,90.2835979395146,37.11974462869347,56.27582046821571,6.59944724261538,0,14.243533824355861,31.025898975765354
33.40124282499694,70.58699020569195,35.893757202795875,44.12552037692288,6.691920141287796,0,23.803468104664706,36.064351647838855
34.25367097130495,74.12358308552588,28.835020052850904,15.782898604025348,11.616175673803564,0,24.360050579802653,48.73670627587431
22.295752178019942,82.56181758666644,13.056458039546419,81.46743622433532,5.5109048884429805,0,4.240646210857786,-8.420342439059418
17.574522559152527,68.58033998523447,42.41284713754216,58.91446457823111,2.4375773408877355,0,21.740329533523983,30.21253932090423
11.097220416068545,75.33279438411421,25.946088812558173,19.257063965517567,3.771989557366138,0,26.54522988222319,31.406223045317017
35.64868350208076,83.00463740492401,22.71668236706925,50.87444612753181,3.221002535763426,0,14.040728308882713,14.82401825239943
9.746581402108626,68.43387474943272,32.03485883090701,49.78034527587772,10.97490028884033,0,24.684142996531534,28.802684191252865
16.631858049480133,75.67184230055521,33.58432864084419,14.832149503434158,7.055094219389731,0,33.48768427238254,49.13049159509757
16.64391983393012,82.90689376480022,17.37407709606055,58.5487762882358,10.629460469564751,0,12.27703948175781,19.11156197635613
17.291637298066235,84.62132819145613,39.29285956834846,74.66611191372516,6.243295211364404,0,18.04970533546395,18.896614018048687
12.764318454899868,94.84679909860387,20.147798278183224,69.92064433987825,13.346034037558578,0,11.960160239388824,13.102120034152602
30.711681496787218,86.71502307426763,16.533937407001083,26.237553133134668,14.752804615841018,0,19.085843489278524,35.9346163033541
11.552437997013687,80.02733827336982,24.22399484990741,78.98340236433691,10.047637630539175,0,16.920850653357267,17.72294067962984
26.41229311544172,94.98018413685897,35.56960283141129,37.403373252748075,12.957188358543283,0,20.389815683788623,32.51102230516113
11.591534774468705,90.76160651824603,43.79103624539312,85.7206702633553,7.61899900758094,0,7.549724802841723,17.663879012245907
10.04553349019574,73.80025871226968,38.324844253000165,15.739837138057098,14.019312605308619,1,35.397068142040084,49.68358257238428
34.37345560689042,71.79442847911578,42.912193218456714,48.89669508158741,12.47379728509242,0,16.389147488289954,33.18275856336251
13.513734223242466,87.59853743653926,14.921203142678436,57.769950174203935,14.876678576490587,0,13.495465593179297,3.6942193028558723
31.816254482231425,84.23661180173252,12.491187960228688,29.812007877968377,9.346406029916709,0,20.058830113137034,40.03939743665266
23.79429526210694,90.90053479998991,29.519666666733492,71.71041509761821,11.688101104023428,0,19.285591262959255,13.041806862925846
10.257839068654318,89.4253464522819,20.160411906541203,60.151654384857366,8.143022099673201,0,6.751518564285779,25.798451377174295
35.707997551703954,86.13113448186793,38.98192405392455,11.448754983036444,3.8868015640713427,1,49.783642805778854,76.53639589438409
15.161873842764884,96.60508297723787,33.51957549908141,58.66948725569887,5.321327566946366,0,19.443061883577577,28.15736025686521
32.92971501522559,83.47410217320186,43.97548573950281,49.31825875347571,13.410081220969742,0,28.025197739487986,35.957888147603065
12.89549016775236,71.28006693854988,18.917732450595647,25.682336136280615,0.8392191989793085,0,24.882279861161678,21.821148223459563
32.76434358211373,92.01993337966366,27.002444002433133,89.65985816476237,8.872198291116122,0,2.8218557964756408,6.805322284013502
8.383635574253525,75.30374750802557,27.543416709887364,81.7729755862092,5.58726048756163,0,22.17606135610336,25.044615126531923
22.841633240514938,90.54176229617363,18.371187820008167,33.400615602325075,5.8003880700833355,0,25.82481075068333,30.121234858430753
30.31383480322515,95.75610578400149,30.65326898208027,53.285673663889305,13.26856809620651,0,16.682402621896546,27.276129375904304
35.10907000729072,88.20706990496589,25.515009512773382,35.32017119282326,12.807335618193399,0,16.70776310992298,40.36579969476436
34.36686194998812,85.28487466754423,25.635254459645576,72.03966013088625,8.98263563358703,0,10.766208381533458,21.43932246262286
31.769121216881704,81.35119909457617,22.695782679036927,84.4265146557164,4.093782711065009,0,6.931229160713754,8.811751710677253
33.757549140177815,78.56788611386669,10.592527334893727,38.706288553150685,7.131845192430361,0,19.012453400043213,22.386791829391143
13.777370889275218,78.23713777818325,28.273333292017615,74.4467399314902,6.124400906838241,0,5.959040108720117,11.808848740595336
16.241344575640134,86.45480846557813,21.733674249511587,49.87260341705639,5.304270438037429,0,17.332490815634706,19.16387865833929
16.3800872227107,89.78692039119463,10.046195414451539,41.72628490492619,1.5417836783594463,0,4.860137113673968,17.893112881889838
18.934563999049267,87.67699501504802,20.77802976816762,85.07374816790158,8.146708300729806,0,7.048678400768931,12.339616030355758
19.40629944117047,73.75389293461332,19.751991658141495,50.832375097522515,4.527469468117254,0,14.088762197523739,12.786704147045574
23.792104414985587,82.32562822416125,23.77068536282725,47.39284002059719,9.912119143912927,0,27.350889486663284,25.838957522416578
12.6365131376268,90.95756209330882,14.614819637518893,63.79475215698744,4.788059037382961,0,0.43897145056483033,10.521955799274904
28.04615324979369,81.79541826748263,27.768933862227954,30.898736081462754,6.467452397022026,0,31.467888014125677,27.99536135548824
12.859429639830688,83.56207511232932,34.23541233813455,35.98342966306526,0.785405612916113,0,17.80352059431661,33.45643469121305
16.99894598103188,90.36294539695385,32.05649491691004,84.56366689908981,14.888071048582164,0,4.023096016695556,-0.8413926508414598
22.597008787578467,87.17669388168765,38.13142316492167,64.2823876349554,7.6141557491276375,0,11.395522499613392,21.86277812677218
31.09677628418084,79.87100270558939,25.82029007954784,76.13097182168045,0.36356391246259223,0,11.32261653552506,7.3433771445248315
29.44460776392309,93.96696862463236,28.168210561890486,31.688940954834372,8.118459881417161,0,18.708928940726263,32.26593765699519
26.720496335905146,72.71444499124088,38.364067930064415,53.50321519438977,13.055309989584746,0,16.389411880312583,15.65862591953521
12.517424556824935,96.86997700911942,24.96954097867335,87.71170135915986,11.58828201399304,0,7.185098089705619,11.233293248106355
23.864315022851756,71.44672477581088,34.555977246485895,35.496311922257405,10.513600261941813,0,28.88797197593918,42.90102465383661
10.535948552196679,68.43354916202293,25.211082905129715,22.83811810536335,2.0919698189855236,0,25.95335254170748,35.1703278953232
18.94353212710287,93.81054813331417,24.620766807904694,50.87088065797312,9.866056184812086,0,16.238023461452645,27.915650935384203
19.991979378408814,75.10365174261273,36.60719685852061,41.025687097990094,11.494475670183904,0,35.14044046204917,31.964929381107627
9.15453174392686,89.16128919595491,16.11929204131739,22.766178622937083,8.58628595948245,0,21.958973764987423,19.682755909184483
15.945654884629182,91.51944587303001,21.850509017955076,81.08411061626944,13.391235067805273,0,10.628478693707951,10.688500413264839
35.713834550728194,92.91060533993138,17.846029686141563,89.25791284430223,4.154846726773282,0,2.86025161822991,9.767101312860579
35.655345627060996,96.75623283426083,22.5688480038659,55.48657445519982,3.6321704960887584,0,9.14907022409958,12.075962140986011
18.217484573323638,76.52715159115998,18.06311878281084,71.97414146987632,13.04354617413969,0,10.188755359952609,8.791623747483127
9.249903159501397,88.59705691589052,30.279197088032912,78.72306956370396,9.380973644871787,0,8.24369111755631,14.948475621007244
13.193753240517264,71.34659589014402,37.935978091624584,66.07856048174615,0.02170830781498989,0,18.689490211092263,46.29001617927091
19.374316009572663,79.79746944934863,37.531457142626564,13.532483928938497,5.296971127665787,1,46.23299680209887,63.669479077039774
35.48561124110766,92.59117910606511,22.757533759207735,22.610738537345423,12.867839787220117,0,14.888454983967026,21.271209788540034
12.094772842578362,78.66208333571414,44.60661420629916,15.679135292110917,0.4097926746261493,1,39.55205589605765,50.42235809403965
30.141959466378154,85.14176603553281,30.784902764703027,10.790368531364525,0.04871892392263322,0,36.702636685429965,49.26828605812226
11.151793641866071,82.60942986801439,23.97901056224032,34.47971270057892,4.218889357876947,0,18.326859237951766,47.99074508908832
36.45646974434703,86.7325944022493,39.24387477344989,41.38847683852478,13.71000055513917,0,24.123784389623207,35.02411273645498
19.066878474164916,96.21393729224314,35.545590442492426,29.28237858687406,13.522163722050244,1,39.820273632038095,52.228665686336264
30.481801628072624,69.61633026854066,36.224636788843654,15.168371846905675,7.781429187022619,1,41.633443854740776,63.68285256792709
17.935141401522824,84.64488400754726,16.864877240685505,52.389047266934206,8.298553067094339,0,14.803666348476437,13.575232579221861
26.202397437605452,93.02783459825827,26.391350757899428,31.86554559657133,4.980120169757832,0,23.3804027563131,15.279509873110413
13.568466457461065,81.9600986407044,40.1639845788611,73.68297238908498,3.656049930417148,0,18.970115323607295,31.886052516612466
12.234609559611915,70.2772883923056,27.641330267006506,10.644209730022496,12.228327813181773,0,27.118110263285242,38.0348393693821
35.20386004747581,84.25564122008636,33.92084601973676,77.40216410300883,1.5944229074946215,0,14.70774789537037,26.74246703138812
34.61177105922857,77.63014283389079,30.57768065619926,86.38029431567657,7.310315563179536,0,14.900197467573884,8.467583135274165
33.736599266173585,72.49331177480013,39.48248757014338,67.29080505228556,9.515958892456267,0,16.715261188815028,27.62562441339557
26.13757005483121,92.62200088522071,19.959629391656094,68.69152522100532,1.5552043555654382,0,13.948948630887209,20.482991179012387
31.43977812527207,83.12638587674253,30.141634726022772,84.68498492821865,7.794106432085193,0,9.407520292932544,21.703443521829307
10.002071170429872,95.06501595899293,14.31321338034314,26.72570282402793,8.662819318686648,0,22.81130412285288,29.528567570964675
17.708882214829696,91.374478633489,34.157377184481376,89.56524545668613,11.137440907610472,0,10.852971547000404,15.951001798607372
17.09739061795753,88.09618201943636,35.618874342344924,71.87849627028335,3.522540737212993,0,16.078833689597825,26.957869358547395
26.433714336625783,68.14573959759404,11.499306241614944,68.12565666622349,4.399912549361375,0,7.060604531322256,12.898507819238633
18.322775430648576,80.40688024250925,33.652683726979475,38.887246319623415,8.542817199495502,0,31.22815577911396,25.598447969139126
12.306696667666744,73.72710216790894,24.514155395802522,53.662198832448844,14.746896149724213,0,17.338904519241986,14.339037224375081
25.297545186992767,94.41313942041717,14.343390663838882,62.31342306186776,3.2623977423017165,0,10.870322567901102,-1.082748547589933
31.617133699403364,73.06293555561444,24.696764169446368,59.62742890537727,14.788557406851961,0,12.617728845226496,26.332642945394436
19.081581339339223,76.29574149811928,16.79815253934536,66.39877107820647,10.71513799581722,0,16.33387731618587,10.749274676347623
11.83579273785597,82.98826626430048,24.54458362431608,16.59053912627285,12.391231044450347,0,30.49681562892454,43.83191524171462
13.70395772207187,75.6375449509443,23.45186597854847,38.45187462653574,1.3446190235450883,0,20.578912901438542,31.516343750696223
14.887015849912135,74.08607564109451,35.84370729276201,44.72000132763817,4.506302811459484,0,23.892584886816184,26.601237073605155
16.697030196841553,85.37388042797983,37.09754453582256,30.850343829997318,0.8660441947647157,0,34.18321046527763,39.07683215475116
26.641057044682963,70.5789561598957,31.246002903459132,23.8101816215379,5.573204925047628,0,25.448926580041896,36.03977473181167
25.42741905159385,69.68686500290681,10.794039476385663,21.114198393029024,14.71934489880078,0,10.14838513892746,23.766179966774853
28.186315985444136,78.79511356039608,42.58577976748479,39.31067138052681,1.5790959330950771,0,29.861686466706626,46.23421058673312
18.51255755141388,88.89926918072801,34.01816480337567,49.47533604500527,8.435591735567993,0,28.116504453757972,48.195968757856996
31.895931904519372,84.08939598994449,11.196840747241609,15.038115211732856,0.09105934220718481,0,29.04352986602432,38.516283855856656
13.918542173517048,80.26341758553659,38.65915147249412,85.71664756724397,10.69024224066094,0,13.078111748904476,18.72013728509706
21.602181678026465,84.4067953625129,17.009315415129866,71.21946582886068,2.9578903855806162,0,7.356756278615644,20.534357237226516
31.22722292470148,78.59809305494494,30.272741634988737,68.46814185483733,1.943768056871444,0,17.193580423622947,32.76670679123393
13.224600784245958,95.14824372753128,26.33220294825655,23.828841999098156,5.055267182411814,0,24.695701780080007,26.52118949314259
11.186030298482706,69.59224183641246,24.694357382427683,58.30406144097512,11.565664469084723,0,17.43799000087705,30.068973182604267
33.6268350629517,87.52835289186523,41.13998020435392,52.37799574469339,1.599196294668162,0,24.4295826234276,39.12056395593743
17.944960220016682,93.84719728000476,25.307645204691514,88.5975076629355,3.4475849369804306,0,11.131411589416004,18.062417454236204
27.832233622361926,91.31265655332234,12.637044115060275,69.81374160641263,0.12696632425964305,0,8.989302141095468,15.349742018589415
8.735109523654216,73.33719000982195,43.13235545252334,56.060950697298495,14.526222940434272,0,28.79903167858429,31.860929939855616
28.01135976387404,76.58186412042836,42.218733093386966,78.06501331760978,8.882183999832957,0,16.663274327400107,38.33532903826764
17.166938034862145,88.79439022250604,33.95514413535595,22.40754166885676,10.798494545770492,0,39.884946169532256,43.787260073745905
9.61648475403581,70.4438462162422,26.376238484620874,11.217322375278176,9.770747567340218,0,32.242482241624344,38.29852499580147
25.684570084895395,91.54398929514494,13.250081553023243,65.21866667316186,2.1654683830451154,0,8.295911041997222,15.40442836783182
14.983310666122025,88.84830139353892,37.67618415021167,17.864916818978998,8.924099084909912,1,39.673902126577275,67.26651507463042
19.21741001950452,89.15859282782493,12.641727004841012,19.234691198680736,1.9712339271189316,0,20.065097042073518,30.55448725446628
10.336843556308894,70.90699973776015,12.401034471330098,69.57445811396244,6.018546809446919,0,5.9000786049895,12.362792121868655
12.267734281753414,88.81505579967069,28.808434485377884,31.642787530719126,8.534447038879396,0,20.972994501351707,35.24651525366465
16.64133982937947,87.71472563137912,15.604488406462409,60.29049724551143,8.383216711532338,0,8.253509300732336,10.625964013968364
10.603025516244557,92.09675223383367,10.270559356912214,83.39255408741988,1.7861013897411144,0,-0.7114866382849034,-2.9474572312150222
34.41396167590314,69.20628273143761,24.80897008485252,35.31796253102867,0.5165395446978327,0,22.088699587733753,20.938483032498933
8.175364252335374,68.67020938556597,14.802603106352308,27.371532627193503,11.973514708107208,0,10.37630681481008,38.559089051261196
22.03194634706503,78.81720589647826,15.618039534824193,18.525030699284137,10.888836554940081,0,21.575157854105534,30.39689070427323
11.574176285843992,72.31486023162543,12.691872355736713,20.43698891357809,1.227283568471071,0,18.328108588395274,5.44730213572376
16.922693594860508,84.19314984953644,17.178281380326347,14.977815630307418,1.9112327820233017,0,23.99137525294645,37.091574131029404
34.8557272347297,94.60311814369572,35.04194629210363,17.011390306379212,13.388756645844303,1,47.593938885039336,61.85140138426161
12.68914204494562,79.35291217968646,38.3124557526227,44.560367104732315,11.536933524326699,0,36.05009520549768,22.097352829867926
36.00913727183165,92.50356094090552,25.838677541025522,35.66920360191758,14.942404443250112,0,25.610463688160618,25.408751625515436
13.96803693269323,68.00698536101812,27.72938355584962,66.52486514583984,3.8098117380753256,0,7.735121373841178,13.893660833247335
29.505417145538058,72.88692466031634,11.142926210797091,79.61933265976015,7.317044833032224,0,-0.04137145169216905,-0.3578511729717375
23.85364068202204,68.88228264996849,12.42606914799609,72.78185625139074,3.5468936409353353,0,7.35829424273628,16.832330020166353
33.64988310030601,77.51626823493699,19.01487039773309,52.45098053325218,9.342002077159647,0,16.188593521036008,19.386387188871122
24.065804409590797,94.33749827519858,29.036444724960162,18.195369298612274,1.7312135863697697,0,33.996240250161776,37.15307492181813
23.50221735553295,70.81161158437064,35.88429020572475,66.78138271532428,1.9086475911454963,0,17.420975316812115,32.67475063284928
13.668282010683598,85.58588352557021,31.175107146831156,39.026297978149884,1.0783183710768396,0,22.062162958143084,36.56197931312468
12.820651499498103,81.09338223446389,23.72447492453759,16.852031513232816,10.403791233962504,0,35.568748027879145,25.307024543593577
34.578185382349915,95.21557815860857,14.141342555109837,77.39731257701006,7.411088661498101,0,4.144830521300091,3.2095150280865568
17.50730776665099,71.55305513357573,37.32706322105163,37.05732137460045,9.265968245319451,0,22.46296331804011,39.82704399272842
18.790385393923984,74.14880766456464,22.732511805967,27.459906600925706,13.189515698840385,0,30.503952207870395,26.118313505125688
30.034886094423264,68.85671708973331,35.761890506897636,79.71616516950745,11.104927271330379,0,6.485618245624355,33.77755175528352
17.825880990261414,80.58412223930983,27.954259467001965,82.17070947576039,6.9258437725003645,0,-8.149309221670165,14.694423235465111
35.60981095253108,76.05715408737497,35.853171874663886,37.11766697532479,14.765339825913397,0,30.638219634922375,31.39120195762574
29.39990530096521,93.2272720828193,41.75513465084002,38.38411354250987,6.843841517129599,0,33.91583811779021,31.83882987014772
25.32544803462918,85.5432835827349,42.23603306188307,56.370282206651524,1.6867600985029978,0,26.27699657866953,39.28620007071915
33.54595965579782,85.80863140129534,28.72873730002112,68.67531950485265,14.889821208790739,0,7.249492378594517,15.232081019113917
9.438571342134999,83.42541020955777,27.902792766797358,15.051936152549077,0.3423109502227095,0,29.14146626142235,43.38037044710074
15.454818073487054,70.66365977964684,19.298746292599304,57.467492575077735,8.248253392316283,0,11.018282506006978,10.531615247407453
21.486053692406387,80.9055418280353,42.7529941035252,86.22560494268653,4.636432330495639,0,12.822370514494692,21.652939025712026
14.58237764467411,96.98565050154698,26.02717085198673,30.967511774396293,7.553282265254772,0,30.78367904772088,28.77809651624929
29.573250431762407,92.22164943453443,14.465693375058201,82.7061771277547,8.380694288917823,0,-2.812336743955753,3.3891842796076603
34.65703290055803,93.91031257084636,25.144672011929245,86.0134672610475,3.601438444177314,0,8.348818093182372,5.1074507000403475
20.289333477996777,91.87356441814848,14.446863758330139,31.53229127768718,8.352881336058928,0,23.73397941417179,33.234585688581106
17.92184540324495,70.9882091094985,27.588608948997628,70.33614927082805,11.340916680083062,0,14.600667319845593,14.981677835197072
35.884971231989425,74.59599936787919,29.644643019967425,29.102000665564802,3.9976475586599753,0,32.297313172791135,35.141785181316614
20.900720551998685,68.09052788933587,21.821451652275485,69.00889293857063,5.751391999708606,0,13.026631556711202,14.823317850345829
22.182403613029216,76.80179362146524,12.507771498101963,73.79359770310607,4.023640397460869,0,6.262554790579302,19.273114669054145
18.197846297915255,71.14961466804829,43.022623747163365,29.776456296851954,12.308395964823037,1,44.41254932868683,65.13515184129703
34.37690571735202,81.71100701374591,37.06735897192004,67.2695634866588,10.87473388814395,0,21.420026773213134,30.867355296434223
24.49970901517367,87.63669716864315,39.36083781767924,74.96836310912718,13.06794655827611,0,15.262214489040161,12.583951085772561
30.103063028267695,93.36065355610424,22.840393800018028,38.68630976855294,2.550748393524889,0,13.304934710079198,23.63496565937187
31.542394832175706,89.72729778763605,36.62908605068077,23.416222079178155,1.1036945723962732,1,46.05989345890348,65.9312938095396
17.913622215600487,95.21898227757666,26.9880513309218,17.357165385401085,1.7907525578801002,0,34.0955875523694,31.053448936441093
20.577135608291023,69.56305042141987,17.03792209421161,56.03053628879535,2.4152749923635457,0,12.969694214997418,18.398633577860927
32.60568145778167,68.3532152270797,14.354818191752464,88.24784954525705,7.996239910122036,0,-2.0388238658727342,-4.143079432876865
18.5344051985985,87.17880530125016,22.076780426271988,75.8360256017773,14.563681055441473,0,0.4989969499546154,6.157307227186425
31.02411887010369,76.39121989644514,14.814323901629889,44.867171114764226,5.3585312492517305,0,14.376046116002618,32.70722546512167
35.28877735465868,75.35152946706742,44.9394141671424,52.92967222839668,14.377624040403077,0,19.846053691462338,40.826674099961494
26.0731008189722,77.59572554312004,11.721614658120771,32.362230832945514,0.5730119248376958,0,8.707200565987101,30.970058056256363
29.50719133610478,75.82408567887856,25.440025977917678,23.045269388805085,13.903083042219874,0,25.702774532238852,41.532098192375024
31.34782204919291,82.83165578274603,25.823273283663447,48.566492658581865,2.7172891095745677,0,14.522841338317091,25.092348371158803
32.50614981800263,80.76430496949985,20.522117500358643,47.08012529337481,13.687124785790232,0,17.863568942990735,18.640043427537975
19.456546797847082,82.86042798992304,29.997304799743088,51.75439622430082,0.8434114517319174,0,18.675855519771932,24.481992574203066
9.486640316103948,87.50869473351264,15.249195845304063,86.22436684511526,14.223291712425489,0,-1.2758849619955948,3.3169855884291097
19.65441186586545,79.2267847601633,37.43693332055318,58.31162401158178,3.0119739647829125,0,12.700404053157229,41.57151287299462
27.538930663738604,75.28792292712255,21.63567013866734,58.4617469297899,4.540710901097411,0,9.01487036124491,10.242208294077734
21.06016118764299,72.81981556745362,30.69699064295246,20.241981028886144,7.364135161544372,0,25.195218562554935,36.44577183388545
29.719931374951557,78.13474946644614,35.04737326234358,89.71910929414564,5.710813218532128,0,4.481415475353284,8.750036675610213
18.352490454591255,89.51238778213899,41.11647411915564,71.82759553877348,10.01291953894725,0,17.36473692173385,33.33520863862735
26.407580092016858,89.94444239323262,39.25256027582701,80.17626752752038,14.62211650875116,0,9.837139923784132,34.457546969861724
13.406174340765263,87.3402562138421,31.290815983624586,43.14403294647953,9.09639736207411,0,21.883484371412358,33.678380930367716
29.73171366270375,74.78681708389936,23.59376131343604,50.17024766284999,10.822281141548238,0,17.947862426206306,26.82526856682672
23.82518309557775,85.05450112978623,27.612163452623737,51.76670473298212,1.3200787545855226,0,14.145220534471342,26.49986263967494
13.917867267851417,84.55000018572859,36.905717768258086,25.527563143168415,9.41718643605008,1,42.92163308827144,59.99475832865536
16.465424031436413,82.04371974518205,40.714093989581556,65.15913250615657,6.807746655696198,0,14.002517886705292,33.77688952778969
29.709652548873137,83.94939060513207,13.632367486183515,82.23813788939653,13.286735368794425,0,-3.416144615708655,8.263648926159249
21.9954358341841,82.26192834608638,23.469969187256872,23.09646545107352,5.82316649464653,0,24.239958470182536,38.33523562987277
14.264911771399094,84.39823461614914,37.164080944472516,16.90546187889316,10.191812160748787,1,46.94560736801151,65.96416435958336
36.05086452073863,88.74967268401274,25.107811690788637,69.05751244322738,3.4223059238861864,0,16.173649819872438,4.993735328396754
28.73862557468975,71.17921763769975,21.627971742319936,31.856146533838565,3.89058800286294,0,29.319095021796194,30.248386942876614
35.75691014365409,89.73914681232169,24.396294388814436,59.90900332938635,5.641836463834104,0,12.342501821503763,22.81063859612574
20.386046315449953,71.94069835370023,31.099566137522277,65.66066703937446,4.560953062597541,0,15.214076363557277,25.308510130398616
21.777909880059894,69.93221195390086,44.99318004468305,35.75286108654574,3.808182590851122,0,26.607354051287867,41.49855975970386
34.040701269365556,96.30631090042256,27.25473501865861,75.21156779406274,0.7450305885121394,0,4.795065511155364,17.393474392150132
23.226430867116154,95.7527612972428,17.29730662339912,53.99911856913735,12.551194976286887,0,13.591778172595982,13.739391713619156
28.51108844526435,69.75265980327636,15.699630134768316,79.51995263614423,0.9645229633692648,0,0.11447177930967545,-4.812116123480807
15.31301344737037,80.8543498027739,11.4822411616745,71.06348420471579,13.310482734044514,0,10.583971319508965,15.34591072425798
20.955067592376576,73.40110321069346,29.55860322214125,79.4860505629963,1.881980836020904,0,3.6215577828347802,8.000140484849705
11.580046108500298,82.07500201689813,29.0600232021092,11.612910569431527,0.9789260559398855,0,33.47790445934862,41.66767265169658
13.973421040431889,92.07514004698804,17.18318743731082,29.480500859087577,8.445071459710457,0,14.718747266843991,23.273804688437423
8.0273590427613,95.56774146754381,34.33652922583985,17.20063523567509,7.536626888620827,0,27.905831708356985,54.830728400366425
9.138686497811147,86.39332695009458,35.93874645703883,45.366641375147935,7.3685185324782765,0,27.05494114223519,32.85907832260311
36.34123087213095,78.2632643491427,19.068437188373892,81.19680972922546,8.617564912520967,0,1.7957734948797661,6.789143181159683
15.028257158966106,85.49644140369335,22.04349174104078,47.403220981349534,4.305849091787336,0,14.22185923851603,29.49986773316653
27.236010575616056,77.04803787714506,44.66650853215398,77.97704356643153,9.944239101444168,0,14.879349378389689,40.704406865977084
32.33389126518874,94.38488558412975,23.0992563747757,36.17425904154543,7.536033295607749,0,29.62249943299143,32.22967689765386
23.969153317860364,93.24161343006926,36.628058511463564,37.1656058244202,5.0211520043598785,0,24.076915953005678,34.46865654568722
12.44119050243473,84.18872075811016,25.8453899320479,81.6449384261502,12.397510004710922,0,8.68697452534271,17.725416458251487
29.115376682748824,77.41916854603045,37.76706897513416,44.06537172093613,10.915816444900651,0,24.65435496988087,24.025339216635082
25.407290892887907,76.50830059190638,36.91581335739268,73.18123902357331,5.90415512916933,0,17.61062028024565,23.201997225457056
29.206267091073876,68.96912184644673,33.37146088194875,28.931483830552107,12.71426677843309,0,24.932600556979068,52.40798658164329
30.32265206285553,91.65880467973356,39.91724212034528,85.90406637421084,13.803873751676614,0,13.183314975201137,20.69295049932323
36.286900662857605,81.06111317813124,42.87264732071898,55.966259722445685,8.052994006265436,0,26.61620578859546,34.09152809655665
24.63333512077459,77.42885492360767,30.299416215822937,70.74588548627216,3.2242867523538115,0,9.61090677201486,20.025751317487437
17.907592268027454,81.66220029493486,18.3114117527961,17.16125598359084,13.736882348204803,0,29.45393586446157,31.354010695257923
26.805472150106876,91.74340172318492,23.952013657542626,49.4131380664423,2.8421943014327584,0,23.079468004046788,26.80738767450275
9.984780568036157,71.61381202351811,36.540699972965264,82.08307981872186,0.7263483962590372,0,16.67788917165977,24.518099137912536
34.024522231326,92.872023659013,32.78092197933543,80.16309032346436,4.912305133096963,0,12.690915810610825,15.280576690780093
11.462049328807707,94.02775621814226,16.222941849783705,13.745116578738203,10.904495166915597,0,9.034928710247714,16.80045631026919
17.50744229868873,95.45452953598276,11.793383940124865,34.295877530315735,13.849111295303242,0,17.729384374240027,26.6170018888999
31.656616038157505,79.5271517802562,33.903655773972275,45.46560051832641,9.559284702216598,0,21.355495705343895,47.087835792693525
25.322058971590643,74.29707171709248,18.78776584102709,23.78118514846306,14.2775782044999,0,21.02815531888693,29.12635558883811
